{"providers":[{"file":"char/black.png","chars":[""],"height":1,"ascent":-5000,"type":"bitmap"},{"file":"char/black.png","chars":[""],"height":2,"ascent":-5000,"type":"bitmap"},{"file":"char/black.png","chars":[""],"height":3,"ascent":-5000,"type":"bitmap"},{"file":"char/black.png","chars":[""],"height":4,"ascent":-5000,"type":"bitmap"},{"file":"char/black.png","chars":[""],"height":5,"ascent":-5000,"type":"bitmap"},{"file":"char/black.png","chars":[""],"height":6,"ascent":-5000,"type":"bitmap"},{"file":"char/black.png","chars":[""],"height":7,"ascent":-5000,"type":"bitmap"},{"file":"char/black.png","chars":[""],"height":15,"ascent":-5000,"type":"bitmap"},{"file":"char/black.png","chars":[""],"height":31,"ascent":-5000,"type":"bitmap"},{"file":"char/black.png","chars":[""],"height":63,"ascent":-5000,"type":"bitmap"},{"file":"char/black.png","chars":[""],"height":127,"ascent":-5000,"type":"bitmap"},{"file":"char/black.png","chars":[""],"height":256,"ascent":-5000,"type":"bitmap"},{"file":"char/black.png","chars":[""],"height":512,"ascent":-5000,"type":"bitmap"},{"file":"char/black.png","chars":[""],"height":1024,"ascent":-5000,"type":"bitmap"},{"file":"char/black.png","chars":[""],"height":-3,"ascent":-5000,"type":"bitmap"},{"file":"char/black.png","chars":[""],"height":-4,"ascent":-5000,"type":"bitmap"},{"file":"char/black.png","chars":[""],"height":-5,"ascent":-5000,"type":"bitmap"},{"file":"char/black.png","chars":[""],"height":-6,"ascent":-5000,"type":"bitmap"},{"file":"char/black.png","chars":[""],"height":-7,"ascent":-5000,"type":"bitmap"},{"file":"char/black.png","chars":[""],"height":-8,"ascent":-5000,"type":"bitmap"},{"file":"char/black.png","chars":[""],"height":-9,"ascent":-5000,"type":"bitmap"},{"file":"char/black.png","chars":[""],"height":-10,"ascent":-5000,"type":"bitmap"},{"file":"char/black.png","chars":[""],"height":-18,"ascent":-5000,"type":"bitmap"},{"file":"char/black.png","chars":[""],"height":-34,"ascent":-5000,"type":"bitmap"},{"file":"char/black.png","chars":[""],"height":-66,"ascent":-5000,"type":"bitmap"},{"file":"char/black.png","chars":[""],"height":-130,"ascent":-5000,"type":"bitmap"},{"file":"char/black.png","chars":[""],"height":-259,"ascent":-5000,"type":"bitmap"},{"file":"char/black.png","chars":[""],"height":-515,"ascent":-5000,"type":"bitmap"},{"file":"char/black.png","chars":[""],"height":-1027,"ascent":-5000,"type":"bitmap"},{"file":"ae_config:custom/ae/space_split.png","chars":["र"],"height":-3,"ascent":-32768,"type":"bitmap"},{"file":"ae_config:custom/ae/space_split.png","chars":["ऱ"],"height":-10,"ascent":-32768,"type":"bitmap"},{"file":"ae_config:custom/ae/space_split.png","chars":["ल"],"height":-179,"ascent":-32768,"type":"bitmap"},{"file":"ae_config:custom/ae/types/crossbow.png","chars":["ञ"],"height":11,"ascent":8,"type":"bitmap"},{"file":"ae_config:custom/ae/types/shovel.png","chars":["ज"],"height":11,"ascent":8,"type":"bitmap"},{"file":"ae_config:custom/ae/labels/tier_unique.png","chars":["अ"],"height":14,"ascent":7,"type":"bitmap"},{"file":"ae_config:custom/ae/prefix_success.png","chars":["ए"],"height":7,"ascent":7,"type":"bitmap"},{"file":"ae_config:custom/ae/types/axe.png","chars":["च"],"height":11,"ascent":8,"type":"bitmap"},{"file":"ae_config:custom/ae/titles/tinkerer.png","chars":["द"],"height":18,"ascent":17,"type":"bitmap"},{"file":"ae_config:custom/ae/soul_1.png","chars":["ऌ"],"height":11,"ascent":8,"type":"bitmap"},{"file":"ae_config:custom/ae/soul_2.png","chars":["ऍ"],"height":11,"ascent":8,"type":"bitmap"},{"file":"ae_config:custom/ae/labels/tier_legendary.png","chars":["ई"],"height":14,"ascent":7,"type":"bitmap"},{"file":"ae_config:custom/ae/labels/tier_ultimate.png","chars":["इ"],"height":14,"ascent":7,"type":"bitmap"},{"file":"ae_config:custom/ae/types/leggings.png","chars":["ख"],"height":11,"ascent":8,"type":"bitmap"},{"file":"ae_config:custom/ae/alchemist.png","chars":["ऒ"],"height":11,"ascent":8,"type":"bitmap"},{"file":"ae_config:custom/ae/containers/tinkerer.png","chars":["फ"],"height":256,"ascent":19,"type":"bitmap"},{"file":"ae_config:custom/ae/right-click.png","chars":["ऐ"],"height":11,"ascent":8,"type":"bitmap"},{"file":"ae_config:custom/ae/tinkerer.png","chars":["ओ"],"height":11,"ascent":8,"type":"bitmap"},{"file":"ae_config:custom/ae/left-click.png","chars":["ऑ"],"height":11,"ascent":8,"type":"bitmap"},{"file":"ae_config:custom/ae/titles/enchanter.png","chars":["थ"],"height":18,"ascent":17,"type":"bitmap"},{"file":"ae_config:custom/ae/types/elytra.png","chars":["ठ"],"height":11,"ascent":8,"type":"bitmap"},{"file":"ae_config:custom/ae/containers/enchanter.png","chars":["प"],"height":256,"ascent":19,"type":"bitmap"},{"file":"ae_config:custom/ae/types/hoe.png","chars":["छ"],"height":11,"ascent":8,"type":"bitmap"},{"file":"ae_config:custom/ae/titles/shop.png","chars":["ऩ"],"height":18,"ascent":17,"type":"bitmap"},{"file":"ae_config:custom/ae/types/shield.png","chars":["ण"],"height":11,"ascent":8,"type":"bitmap"},{"file":"ae_config:custom/ae/containers/confirm.png","chars":["ब"],"height":256,"ascent":19,"type":"bitmap"},{"file":"ae_config:custom/ae/shop.png","chars":["त"],"height":11,"ascent":8,"type":"bitmap"},{"file":"ae_config:custom/ae/types/pickaxe.png","chars":["ङ"],"height":11,"ascent":8,"type":"bitmap"},{"file":"ae_config:custom/ae/types/bow.png","chars":["झ"],"height":11,"ascent":8,"type":"bitmap"},{"file":"ae_config:custom/ae/labels/tier_fabled.png","chars":["उ"],"height":14,"ascent":7,"type":"bitmap"},{"file":"ae_config:custom/ae/titles/confirm-action.png","chars":["ध"],"height":18,"ascent":17,"type":"bitmap"},{"file":"ae_config:custom/ae/titles/alchemist.png","chars":["न"],"height":18,"ascent":17,"type":"bitmap"},{"file":"ae_config:custom/ae/labels/tier_elite.png","chars":["आ"],"height":14,"ascent":7,"type":"bitmap"},{"file":"ae_config:custom/ae/prefix_error.png","chars":["ऎ"],"height":7,"ascent":7,"type":"bitmap"},{"file":"ae_config:custom/ae/types/helmet.png","chars":["औ"],"height":11,"ascent":8,"type":"bitmap"},{"file":"ae_config:custom/ae/types/boots.png","chars":["ग"],"height":11,"ascent":8,"type":"bitmap"},{"file":"ae_config:custom/ae/labels/tier_lethal.png","chars":["ऊ"],"height":14,"ascent":7,"type":"bitmap"},{"file":"ae_config:custom/ae/types/fishing_rod.png","chars":["ड"],"height":11,"ascent":8,"type":"bitmap"},{"file":"ae_config:custom/ae/types/trident.png","chars":["ट"],"height":11,"ascent":8,"type":"bitmap"},{"file":"ae_config:custom/ae/labels/tier_simple.png","chars":["ऄ"],"height":14,"ascent":7,"type":"bitmap"},{"file":"ae_config:custom/ae/question.png","chars":["ऋ"],"height":11,"ascent":8,"type":"bitmap"},{"file":"ae_config:custom/ae/types/food.png","chars":["ढ"],"height":11,"ascent":8,"type":"bitmap"},{"file":"ae_config:custom/ae/containers/alchemist.png","chars":["भ"],"height":256,"ascent":19,"type":"bitmap"},{"file":"ae_config:custom/ae/labels/magical.png","chars":["य"],"height":14,"ascent":7,"type":"bitmap"},{"file":"ae_config:custom/ae/types/sword.png","chars":["घ"],"height":11,"ascent":8,"type":"bitmap"},{"file":"ae_config:custom/ae/types/chestplate.png","chars":["क"],"height":11,"ascent":8,"type":"bitmap"},{"file":"ae_config:custom/ae/containers/shop.png","chars":["म"],"height":256,"ascent":19,"type":"bitmap"},{"file":"iconsv:minecraft_title.png","chars":[""],"height":8,"ascent":8,"type":"bitmap"},{"file":"iconsv:minecraft_title.png","chars":[""],"height":64,"ascent":54,"type":"bitmap"},{"file":"iconsv:horizon.png","chars":[""],"height":42,"ascent":42,"type":"bitmap"},{"file":"_iainternal:hud/small_cooldown_bar/0.png","chars":[""],"height":22,"ascent":-42,"type":"bitmap"},{"file":"_iainternal:hud/small_cooldown_bar/1.png","chars":[""],"height":22,"ascent":-42,"type":"bitmap"},{"file":"_iainternal:hud/small_cooldown_bar/2.png","chars":[""],"height":22,"ascent":-42,"type":"bitmap"},{"file":"_iainternal:hud/small_cooldown_bar/3.png","chars":[""],"height":22,"ascent":-42,"type":"bitmap"},{"file":"_iainternal:hud/small_cooldown_bar/4.png","chars":[""],"height":22,"ascent":-42,"type":"bitmap"},{"file":"_iainternal:hud/small_cooldown_bar/5.png","chars":[""],"height":22,"ascent":-42,"type":"bitmap"},{"file":"_iainternal:hud/small_cooldown_bar/6.png","chars":[""],"height":22,"ascent":-42,"type":"bitmap"},{"file":"_iainternal:hud/small_cooldown_bar/7.png","chars":[""],"height":22,"ascent":-42,"type":"bitmap"},{"file":"_iainternal:hud/small_cooldown_bar/8.png","chars":[""],"height":22,"ascent":-42,"type":"bitmap"},{"file":"_iainternal:hud/small_cooldown_bar/9.png","chars":[""],"height":22,"ascent":-42,"type":"bitmap"},{"file":"_iainternal:hud/small_cooldown_bar/10.png","chars":[""],"height":22,"ascent":-42,"type":"bitmap"},{"file":"_iainternal:hud/small_cooldown_bar/11.png","chars":[""],"height":22,"ascent":-42,"type":"bitmap"},{"file":"_iainternal:hud/small_cooldown_bar/12.png","chars":[""],"height":22,"ascent":-42,"type":"bitmap"},{"file":"_iainternal:hud/small_cooldown_bar/13.png","chars":[""],"height":22,"ascent":-42,"type":"bitmap"},{"file":"_iainternal:hud/small_cooldown_bar/14.png","chars":[""],"height":22,"ascent":-42,"type":"bitmap"},{"file":"_iainternal:hud/small_cooldown_bar/15.png","chars":[""],"height":22,"ascent":-42,"type":"bitmap"},{"file":"_iainternal:hud/small_cooldown_bar/16.png","chars":[""],"height":22,"ascent":-42,"type":"bitmap"},{"file":"_iainternal:hud/small_cooldown_bar/17.png","chars":[""],"height":22,"ascent":-42,"type":"bitmap"},{"file":"_iainternal:hud/small_cooldown_bar/18.png","chars":[""],"height":22,"ascent":-42,"type":"bitmap"},{"file":"_iainternal:hud/small_cooldown_bar/19.png","chars":[""],"height":22,"ascent":-42,"type":"bitmap"},{"file":"_iainternal:hud/small_cooldown_bar/20.png","chars":[""],"height":22,"ascent":-42,"type":"bitmap"},{"file":"daily_rewards:daily_rewards/daily_reward_ui.png","chars":[""],"height":256,"ascent":48,"type":"bitmap"},{"file":"spintowin:s2w_expansion_red.png","chars":[""],"height":256,"ascent":13,"type":"bitmap"},{"file":"spintowin:s2w_expansion_green.png","chars":[""],"height":256,"ascent":13,"type":"bitmap"},{"file":"spintowin:s2w_expansion_blue.png","chars":[""],"height":256,"ascent":13,"type":"bitmap"},{"file":"spintowin:s2w_expansion_yellow.png","chars":[""],"height":256,"ascent":13,"type":"bitmap"},{"file":"betterprefix:betterprefix/prefix/danlang.png","chars":["豈"],"height":8,"ascent":8,"type":"bitmap"},{"file":"betterprefix:betterprefix/prefix/thulinh.png","chars":["更"],"height":8,"ascent":8,"type":"bitmap"},{"file":"betterprefix:betterprefix/prefix/chuate.png","chars":["車"],"height":8,"ascent":8,"type":"bitmap"},{"file":"betterprefix:betterprefix/prefix/thaitu.png","chars":["賈"],"height":8,"ascent":8,"type":"bitmap"},{"file":"betterprefix:betterprefix/prefix/vuonggia.png","chars":["滑"],"height":8,"ascent":8,"type":"bitmap"},{"file":"betterprefix:betterprefix/prefix/owner.png","chars":["串"],"height":10,"ascent":10,"type":"bitmap"},{"file":"betterprefix:betterprefix/prefix/thanhkiem.png","chars":[""],"height":10,"ascent":8,"type":"bitmap"},{"file":"betterprefix:betterprefix/prefix/coder.png","chars":[""],"height":8,"ascent":8,"type":"bitmap"},{"file":"betterprefix:betterprefix/prefix/helper.png","chars":[""],"height":8,"ascent":8,"type":"bitmap"},{"file":"betterprefix:betterprefix/prefix/staff.png","chars":[""],"height":8,"ascent":8,"type":"bitmap"},{"file":"betterprefix:betterprefix/prefix/lucifer.png","chars":[""],"height":10,"ascent":8,"type":"bitmap"},{"file":"kingdom_esc:bottom_news.png","chars":[""],"height":256,"ascent":128,"type":"bitmap"},{"file":"_iainternal:gui/no_recipe.png","chars":[""],"height":170,"ascent":47,"type":"bitmap"},{"file":"_iainternal:gui/crafting.png","chars":[""],"height":170,"ascent":47,"type":"bitmap"},{"file":"_iainternal:gui/cooking.png","chars":[""],"height":170,"ascent":47,"type":"bitmap"},{"file":"_iainternal:gui/blank_menu.png","chars":[""],"height":170,"ascent":47,"type":"bitmap"},{"file":"_iainternal:gui/anvil_repair.png","chars":[""],"height":170,"ascent":47,"type":"bitmap"},{"file":"_iainternal:gui/smithing.png","chars":[""],"height":170,"ascent":47,"type":"bitmap"},{"file":"horizon:gui/menu.png","chars":[""],"height":173,"ascent":55,"type":"bitmap"},{"file":"horizon:gui/warp.png","chars":[""],"height":173,"ascent":55,"type":"bitmap"},{"file":"horizon:gui/rank.png","chars":[""],"height":173,"ascent":55,"type":"bitmap"},{"file":"horizon:gui/trade.png","chars":[""],"height":173,"ascent":55,"type":"bitmap"},{"file":"horizon:gui/trade1.png","chars":[""],"height":173,"ascent":38,"type":"bitmap"},{"file":"horizon:gui/trademenu.png","chars":[""],"height":173,"ascent":55,"type":"bitmap"},{"file":"horizon:gui/donate.png","chars":[""],"height":173,"ascent":55,"type":"bitmap"},{"file":"horizon:gui/vault.png","chars":[""],"height":174,"ascent":57,"type":"bitmap"},{"file":"horizon:gui/petshop.png","chars":[""],"height":174,"ascent":38,"type":"bitmap"},{"file":"horizon:gui/quest.png","chars":[""],"height":174,"ascent":38,"type":"bitmap"},{"file":"horizon:gui/farm.png","chars":[""],"height":173,"ascent":55,"type":"bitmap"},{"file":"horizon:gui/fish.png","chars":[""],"height":173,"ascent":55,"type":"bitmap"},{"file":"lands_gui:chat_tag/lands_view_tag.png","chars":["र"],"height":8,"ascent":8,"type":"bitmap"},{"file":"lands_gui:chat_tag/upcoming_upkeep_tag.png","chars":["₮"],"height":8,"ascent":8,"type":"bitmap"},{"file":"lands_gui:chat_tag/area_view_tag.png","chars":["৲"],"height":8,"ascent":8,"type":"bitmap"},{"file":"lands_gui:chat_tag/upcoming_taxes_tag.png","chars":["৳"],"height":8,"ascent":8,"type":"bitmap"},{"file":"lands_gui:chat_tag/lands_map_tag.png","chars":["௹"],"height":8,"ascent":8,"type":"bitmap"},{"file":"lands_gui:chat_tag/tax_change_tag.png","chars":["฿"],"height":8,"ascent":8,"type":"bitmap"},{"file":"lands_gui:chat_tag/buy_area_tag.png","chars":["₡"],"height":8,"ascent":8,"type":"bitmap"},{"file":"lands_gui:chat_tag/buy_land_tag.png","chars":["₢"],"height":8,"ascent":8,"type":"bitmap"},{"file":"lands_gui:chat_tag/area_sold_tag.png","chars":["₣"],"height":8,"ascent":8,"type":"bitmap"},{"file":"lands_gui:chat_tag/rented_info_tag.png","chars":["₥"],"height":8,"ascent":8,"type":"bitmap"},{"file":"lands_gui:chat_tag/rent_area_tag.png","chars":["₦"],"height":8,"ascent":8,"type":"bitmap"},{"file":"lands_gui:chat_tag/lands_tag.png","chars":["₩"],"height":8,"ascent":8,"type":"bitmap"},{"file":"lands_gui:text_gui/your_lands_tag.png","chars":["₪"],"height":8,"ascent":8,"type":"bitmap"},{"file":"lands_gui:text_gui/your_nations_tag.png","chars":["₫"],"height":8,"ascent":8,"type":"bitmap"},{"file":"lands_gui:text_gui/invites_tag.png","chars":["₰"],"height":8,"ascent":8,"type":"bitmap"},{"file":"lands_gui:text_gui/limitations_tag.png","chars":["₱"],"height":8,"ascent":8,"type":"bitmap"},{"file":"lands_gui:text_gui/all_lands_tag.png","chars":["₲"],"height":8,"ascent":8,"type":"bitmap"},{"file":"lands_gui:text_gui/all_nations_tag.png","chars":["₳"],"height":8,"ascent":8,"type":"bitmap"},{"file":"lands_gui:text_gui/rentable_tag.png","chars":["₴"],"height":8,"ascent":8,"type":"bitmap"},{"file":"lands_gui:text_gui/settings_tag.png","chars":["₵"],"height":8,"ascent":8,"type":"bitmap"},{"file":"lands_gui:text_gui/areas_tag.png","chars":["≋"],"height":8,"ascent":8,"type":"bitmap"},{"file":"lands_gui:text_gui/player_management_tag.png","chars":["￥"],"height":8,"ascent":8,"type":"bitmap"},{"file":"lands_gui:text_gui/relations_tag.png","chars":["﷼"],"height":8,"ascent":8,"type":"bitmap"},{"file":"lands_gui:text_gui/level_tag.png","chars":["¢"],"height":8,"ascent":8,"type":"bitmap"},{"file":"lands_gui:text_gui/inbox_tag.png","chars":["¤"],"height":8,"ascent":8,"type":"bitmap"},{"file":"lands_gui:text_gui/natural_flags_tag.png","chars":["ƒ"],"height":8,"ascent":8,"type":"bitmap"},{"file":"lands_gui:text_gui/roles_tag.png","chars":["£"],"height":8,"ascent":8,"type":"bitmap"},{"file":"lands_gui:text_gui/taxes_tag.png","chars":["¥"],"height":8,"ascent":8,"type":"bitmap"},{"file":"lands_gui:text_gui/miscellaneous_settings_tag.png","chars":["Ұ"],"height":8,"ascent":8,"type":"bitmap"},{"file":"lands_gui:text_gui/statistics_tag.png","chars":["￡"],"height":8,"ascent":8,"type":"bitmap"},{"file":"lands_gui:text_gui/economy_tag.png","chars":["￦"],"height":8,"ascent":8,"type":"bitmap"},{"file":"lands_gui:gui/main_menu_lands.png","chars":[""],"height":245,"ascent":81,"type":"bitmap"},{"file":"lands_gui:gui/your_lands.png","chars":[""],"height":245,"ascent":81,"type":"bitmap"},{"file":"lands_gui:gui/inbox.png","chars":[""],"height":245,"ascent":81,"type":"bitmap"},{"file":"lands_gui:gui/level.png","chars":[""],"height":245,"ascent":81,"type":"bitmap"},{"file":"lands_gui:gui/relations.png","chars":[""],"height":245,"ascent":81,"type":"bitmap"},{"file":"lands_gui:gui/management.png","chars":[""],"height":245,"ascent":81,"type":"bitmap"},{"file":"lands_gui:gui/miscellaneous.png","chars":[""],"height":245,"ascent":81,"type":"bitmap"},{"file":"lands_gui:gui/taxes.png","chars":[""],"height":245,"ascent":81,"type":"bitmap"},{"file":"lands_gui:gui/roles.png","chars":[""],"height":245,"ascent":81,"type":"bitmap"},{"file":"lands_gui:gui/areas.png","chars":[""],"height":245,"ascent":81,"type":"bitmap"},{"file":"lands_gui:gui/flags.png","chars":[""],"height":245,"ascent":81,"type":"bitmap"},{"file":"lands_gui:gui/your_lands_list.png","chars":[""],"height":245,"ascent":81,"type":"bitmap"},{"file":"lands_gui:gui/banned_players.png","chars":[""],"height":245,"ascent":81,"type":"bitmap"},{"file":"lands_gui:gui/trusted_players.png","chars":[""],"height":245,"ascent":81,"type":"bitmap"},{"file":"lands_gui:gui/invites_gui.png","chars":[""],"height":245,"ascent":81,"type":"bitmap"},{"file":"lands_gui:gui/membership.png","chars":[""],"height":245,"ascent":81,"type":"bitmap"},{"file":"lands_gui:gui/role_gui.png","chars":[""],"height":245,"ascent":81,"type":"bitmap"},{"file":"lands_gui:gui/area_gui.png","chars":[""],"height":245,"ascent":81,"type":"bitmap"},{"file":"lands_gui:gui/miscellaneous_2.png","chars":[""],"height":245,"ascent":81,"type":"bitmap"},{"file":"lands_gui:gui/relation.png","chars":[""],"height":245,"ascent":81,"type":"bitmap"},{"file":"lands_gui:gui/your_nations.png","chars":[""],"height":245,"ascent":81,"type":"bitmap"},{"file":"lands_gui:gui/received_invites.png","chars":[""],"height":245,"ascent":81,"type":"bitmap"},{"file":"lands_gui:gui/all_gui.png","chars":[""],"height":245,"ascent":81,"type":"bitmap"},{"file":"lands_gui:gui/rentable_gui.png","chars":[""],"height":245,"ascent":81,"type":"bitmap"},{"file":"lands_gui:gui/personal_settings.png","chars":[""],"height":245,"ascent":81,"type":"bitmap"},{"file":"lands_gui:gui/info_lands.png","chars":[""],"height":245,"ascent":81,"type":"bitmap"},{"file":"lands_gui:gui/relations_2.png","chars":[""],"height":245,"ascent":81,"type":"bitmap"},{"file":"lands_gui:gui/profile_1.png","chars":[""],"height":245,"ascent":81,"type":"bitmap"},{"file":"lands_gui:gui/effects.png","chars":[""],"height":245,"ascent":81,"type":"bitmap"},{"file":"lands_gui:gui/nation.png","chars":[""],"height":245,"ascent":81,"type":"bitmap"},{"file":"lands_gui:gui/nation_members.png","chars":[""],"height":245,"ascent":81,"type":"bitmap"},{"file":"lands_gui:gui/base.png","chars":[""],"height":256,"ascent":30,"type":"bitmap"},{"type":"bitmap","file":"minecraft:space_split.png","ascent":-32768,"height":-3,"chars":[""]},{"type":"bitmap","file":"minecraft:space_split.png","ascent":-32768,"height":-4,"chars":[""]},{"type":"bitmap","file":"minecraft:space_split.png","ascent":-32768,"height":-5,"chars":[""]},{"type":"bitmap","file":"minecraft:space_split.png","ascent":-32768,"height":-7,"chars":[""]},{"type":"bitmap","file":"minecraft:space_split.png","ascent":-32768,"height":-11,"chars":[""]},{"type":"bitmap","file":"minecraft:space_split.png","ascent":-32768,"height":-19,"chars":[""]},{"type":"bitmap","file":"minecraft:pixel_1.png","ascent":7,"height":8,"chars":[""]},{"type":"bitmap","file":"minecraft:pixel_2.png","ascent":7,"height":8,"chars":[""]},{"type":"bitmap","file":"minecraft:pixel_3.png","ascent":7,"height":8,"chars":[""]},{"type":"bitmap","file":"minecraft:pixel_4.png","ascent":7,"height":8,"chars":[""]},{"type":"bitmap","file":"minecraft:pixel_5.png","ascent":7,"height":8,"chars":[""]},{"type":"bitmap","file":"minecraft:pixel_6.png","ascent":7,"height":8,"chars":[""]},{"type":"bitmap","file":"minecraft:pixel_7.png","ascent":7,"height":8,"chars":[""]},{"type":"bitmap","file":"minecraft:pixel_8.png","ascent":7,"height":8,"chars":[""]},{"type":"bitmap","file":"minecraft:pixel_1.png","ascent":11,"height":16,"chars":[""]},{"type":"bitmap","file":"minecraft:pixel_2.png","ascent":11,"height":16,"chars":[""]},{"type":"bitmap","file":"minecraft:pixel_3.png","ascent":11,"height":16,"chars":[""]},{"type":"bitmap","file":"minecraft:pixel_4.png","ascent":11,"height":16,"chars":[""]},{"type":"bitmap","file":"minecraft:pixel_5.png","ascent":11,"height":16,"chars":[""]},{"type":"bitmap","file":"minecraft:pixel_6.png","ascent":11,"height":16,"chars":[""]},{"type":"bitmap","file":"minecraft:pixel_7.png","ascent":11,"height":16,"chars":[""]},{"type":"bitmap","file":"minecraft:pixel_8.png","ascent":11,"height":16,"chars":[""]},{"type":"bitmap","file":"minecraft:pixel_1.png","ascent":20,"height":32,"chars":[""]},{"type":"bitmap","file":"minecraft:pixel_2.png","ascent":20,"height":32,"chars":[""]},{"type":"bitmap","file":"minecraft:pixel_3.png","ascent":20,"height":32,"chars":[""]},{"type":"bitmap","file":"minecraft:pixel_4.png","ascent":20,"height":32,"chars":[""]},{"type":"bitmap","file":"minecraft:pixel_5.png","ascent":20,"height":32,"chars":[""]},{"type":"bitmap","file":"minecraft:pixel_6.png","ascent":20,"height":32,"chars":[""]},{"type":"bitmap","file":"minecraft:pixel_7.png","ascent":20,"height":32,"chars":[""]},{"type":"bitmap","file":"minecraft:pixel_8.png","ascent":20,"height":32,"chars":[""]},{"type":"bitmap","file":"minecraft:pixel_1.png","ascent":35,"height":64,"chars":[""]},{"type":"bitmap","file":"minecraft:pixel_2.png","ascent":35,"height":64,"chars":[""]},{"type":"bitmap","file":"minecraft:pixel_3.png","ascent":35,"height":64,"chars":[""]},{"type":"bitmap","file":"minecraft:pixel_4.png","ascent":35,"height":64,"chars":[""]},{"type":"bitmap","file":"minecraft:pixel_5.png","ascent":35,"height":64,"chars":[""]},{"type":"bitmap","file":"minecraft:pixel_6.png","ascent":35,"height":64,"chars":[""]},{"type":"bitmap","file":"minecraft:pixel_7.png","ascent":35,"height":64,"chars":[""]},{"type":"bitmap","file":"minecraft:pixel_8.png","ascent":35,"height":64,"chars":[""]},{"type":"bitmap","file":"minecraft:pixel_1.png","ascent":70,"height":128,"chars":[""]},{"type":"bitmap","file":"minecraft:pixel_2.png","ascent":70,"height":128,"chars":[""]},{"type":"bitmap","file":"minecraft:pixel_3.png","ascent":70,"height":128,"chars":[""]},{"type":"bitmap","file":"minecraft:pixel_4.png","ascent":70,"height":128,"chars":[""]},{"type":"bitmap","file":"minecraft:pixel_5.png","ascent":70,"height":128,"chars":[""]},{"type":"bitmap","file":"minecraft:pixel_6.png","ascent":70,"height":128,"chars":[""]},{"type":"bitmap","file":"minecraft:pixel_7.png","ascent":70,"height":128,"chars":[""]},{"type":"bitmap","file":"minecraft:pixel_8.png","ascent":70,"height":128,"chars":[""]}]}