{"credit":"MythicMMC Team","textures":{"0":"forest_skills:s5_forest_drop/s5_forest_drop_1","particle":"forest_skills:s5_forest_drop/s5_forest_drop_1"},"elements":[{"from":[21.53461,7.98199,-6],"to":[21.53461,31.98199,22],"rotation":{"angle":-45,"axis":"z","origin":[8,6.44738,8]},"faces":{"north":{"uv":[0,0,0,12],"texture":"#missing"},"east":{"uv":[13.625,1.5,8,6],"texture":"#0"},"south":{"uv":[0,0,0,12],"texture":"#missing"},"west":{"uv":[8,1.5,13.625,6],"texture":"#0"},"up":{"uv":[0,0,0,16],"texture":"#missing"},"down":{"uv":[0,0,0,16],"texture":"#missing"}}},{"from":[-5.53461,7.98199,-6],"to":[-5.53461,31.98199,22],"rotation":{"angle":45,"axis":"z","origin":[8,6.44738,8]},"faces":{"north":{"uv":[0,0,0,12],"texture":"#missing"},"east":{"uv":[13.625,1.5,8,6],"texture":"#0"},"south":{"uv":[0,0,0,12],"texture":"#missing"},"west":{"uv":[8,1.5,13.625,6],"texture":"#0"},"up":{"uv":[0,0,0,16],"texture":"#missing"},"down":{"uv":[0,0,0,16],"texture":"#missing"}}},{"from":[-6,7.98199,-5.53461],"to":[22,31.98199,-5.53461],"rotation":{"angle":-45,"axis":"x","origin":[8,6.44738,8]},"faces":{"north":{"uv":[8,1.5,13.625,6],"texture":"#0"},"east":{"uv":[0,0,0,12],"texture":"#missing"},"south":{"uv":[13.625,1.5,8,6],"texture":"#0"},"west":{"uv":[0,0,0,12],"texture":"#missing"},"up":{"uv":[0,0,0,16],"rotation":90,"texture":"#missing"},"down":{"uv":[0,0,0,16],"rotation":270,"texture":"#missing"}}},{"from":[-6,7.98199,21.53461],"to":[22,31.98199,21.53461],"rotation":{"angle":45,"axis":"x","origin":[8,6.44738,8]},"faces":{"north":{"uv":[8,1.5,13.625,6],"texture":"#0"},"east":{"uv":[0,0,0,12],"texture":"#missing"},"south":{"uv":[13.625,1.5,8,6],"texture":"#0"},"west":{"uv":[0,0,0,12],"texture":"#missing"},"up":{"uv":[0,0,0,16],"rotation":90,"texture":"#missing"},"down":{"uv":[0,0,0,16],"rotation":270,"texture":"#missing"}}},{"from":[-16,-2.25,-16],"to":[32,-2.25,32],"rotation":{"angle":0,"axis":"y","origin":[8,1.12943,8]},"faces":{"north":{"uv":[0,0,16,0],"texture":"#missing"},"east":{"uv":[0,0,16,0],"texture":"#missing"},"south":{"uv":[0,0,16,0],"texture":"#missing"},"west":{"uv":[0,0,16,0],"texture":"#missing"},"up":{"uv":[0.125,7.875,8.875,16],"texture":"#0"},"down":{"uv":[8.875,7.875,0.125,16],"texture":"#0"}}},{"from":[-16,-2,-16],"to":[32,-2,32],"rotation":{"angle":-22.5,"axis":"y","origin":[8,1.12943,8]},"faces":{"north":{"uv":[0,0,16,0],"texture":"#missing"},"east":{"uv":[0,0,16,0],"texture":"#missing"},"south":{"uv":[0,0,16,0],"texture":"#missing"},"west":{"uv":[0,0,16,0],"texture":"#missing"},"up":{"uv":[0.125,7.875,8.875,16],"rotation":270,"texture":"#0"},"down":{"uv":[8.875,7.875,0.125,16],"rotation":90,"texture":"#0"}}}],"display":{"head":{"translation":[0,-17.75,0],"scale":[2.46,2.46,2.46]}}}