{"credit":"by w11shes","texture_size":[8,8],"textures":{"1":"elitecreatures:demonic_weapon_assortment/demonic_crossbow","2":"elitecreatures:demonic_weapon_assortment/demonic_particle","particle":"elitecreatures:demonic_weapon_assortment/demonic_particle"},"elements":[{"from":[6,1,6],"to":[10,4,14],"rotation":{"angle":0,"axis":"y","origin":[0,1,0]},"faces":{"east":{"uv":[11,5,7,6.5],"texture":"#1"},"west":{"uv":[7,5,11,6.5],"texture":"#1"},"up":{"uv":[5,7,3,3],"texture":"#1"},"down":{"uv":[7,3,5,7],"texture":"#1"}}},{"from":[5.98,1,14],"to":[10.02,4,20],"rotation":{"angle":45,"axis":"x","origin":[11,4,14]},"faces":{"east":{"uv":[3,8.5,0,10],"texture":"#1"},"south":{"uv":[7.5,9.5,9.5,11],"texture":"#1"},"west":{"uv":[0,8.5,3,10],"texture":"#1"},"up":{"uv":[7.5,10,5.5,7],"texture":"#1"},"down":{"uv":[9.5,6.5,7.5,9.5],"texture":"#1"}}},{"from":[6.98,-2.68263,13.51928],"to":[8.98,0.31737,18.51928],"rotation":{"angle":-22.5,"axis":"x","origin":[10,4.01737,14.01928]},"faces":{"east":{"uv":[5.5,7,3,8.5],"texture":"#1"},"south":{"uv":[9.5,3.5,10.5,5],"texture":"#1"},"west":{"uv":[3,7,5.5,8.5],"texture":"#1"},"up":{"uv":[14,2.5,13,0],"texture":"#1"},"down":{"uv":[15,0,14,2.5],"texture":"#1"}}},{"from":[7.98,-0.85802,19.72639],"to":[8.03,4.14198,24.72639],"rotation":{"angle":22.5,"axis":"x","origin":[8.005,1.89198,22.47639]},"faces":{"east":{"uv":[9.5,2.5,7,5],"texture":"#1"},"west":{"uv":[7,2.5,9.5,5],"texture":"#1"}}},{"from":[4,0,0.4],"to":[10,5,6.4],"rotation":{"angle":45,"axis":"y","origin":[8,2,2.4]},"faces":{"north":{"uv":[0,6,3,8.5],"texture":"#1"},"east":{"uv":[3,6,0,8.5],"texture":"#1"},"south":{"uv":[9,0,6,2.5],"texture":"#1"},"west":{"uv":[6,0,9,2.5],"texture":"#1"},"up":{"uv":[3,3,0,0],"texture":"#1"},"down":{"uv":[3,3,0,6],"texture":"#1"}}},{"from":[11,5,6.81421],"to":[5,3,0.81421],"rotation":{"angle":45,"axis":"y","origin":[8,4,3.81421]},"faces":{"north":{"uv":[9,1,6,0],"texture":"#1"},"east":{"uv":[6,1,9,0],"texture":"#1"},"south":{"uv":[0,7,3,6],"texture":"#1"},"west":{"uv":[3,7,0,6],"texture":"#1"},"up":{"uv":[11.5,6,14.5,9],"texture":"#1"},"down":{"uv":[0,3,3,0],"texture":"#1"}}},{"from":[-1.77612,0.96,0.71732],"to":[6.22388,2.96,2.71732],"rotation":{"angle":22.5,"axis":"y","origin":[9.22388,-0.04,0.71732]},"faces":{"north":{"uv":[11,5,15,6],"texture":"#1"},"south":{"uv":[9,1,13,2],"texture":"#1"},"up":{"uv":[9,1,13,0],"texture":"#1"},"down":{"uv":[0,10,4,11],"texture":"#1"}}},{"from":[-2.17135,0.46,5.76413],"to":[-0.17135,3.46,9.76413],"rotation":{"angle":-22.5,"axis":"y","origin":[4.82865,-1.54,7.76413]},"faces":{"north":{"uv":[12.5,3.5,13.5,5],"texture":"#1"},"east":{"uv":[9.5,8,11.5,9.5],"texture":"#1"},"south":{"uv":[9.5,6.5,10.5,8],"texture":"#1"},"west":{"uv":[9.5,9.5,11.5,11],"texture":"#1"},"up":{"uv":[11.5,5,10.5,3],"texture":"#1"},"down":{"uv":[12.5,3,11.5,5],"texture":"#1"}}},{"from":[-7.16014,1.96,1.1873],"to":[-1.16014,2.01,7.1873],"rotation":{"angle":22.5,"axis":"y","origin":[-4.41014,1.96,3.9373]},"faces":{"up":{"uv":[6,3,3,0],"texture":"#1"},"down":{"uv":[6,0,3,3],"texture":"#1"}}},{"from":[9.77612,0.96,0.71732],"to":[17.77612,2.96,2.71732],"rotation":{"angle":-22.5,"axis":"y","origin":[6.77612,-0.04,0.71732]},"faces":{"north":{"uv":[15,5,11,6],"texture":"#1"},"south":{"uv":[13,1,9,2],"texture":"#1"},"up":{"uv":[13,1,9,0],"texture":"#1"},"down":{"uv":[4,10,0,11],"texture":"#1"}}},{"from":[16.17135,0.46,5.76413],"to":[18.17135,3.46,9.76413],"rotation":{"angle":22.5,"axis":"y","origin":[11.17135,-1.54,7.76413]},"faces":{"north":{"uv":[13.5,3.5,12.5,5],"texture":"#1"},"east":{"uv":[11.5,9.5,9.5,11],"texture":"#1"},"south":{"uv":[10.5,6.5,9.5,8],"texture":"#1"},"west":{"uv":[11.5,8,9.5,9.5],"texture":"#1"},"up":{"uv":[10.5,5,11.5,3],"texture":"#1"},"down":{"uv":[11.5,3,12.5,5],"texture":"#1"}}},{"from":[17.16014,1.96,1.1873],"to":[23.16014,2.01,7.1873],"rotation":{"angle":-22.5,"axis":"y","origin":[20.41014,1.96,3.9373]},"faces":{"up":{"uv":[3,3,6,0],"texture":"#1"},"down":{"uv":[3,0,6,3],"texture":"#1"}}},{"from":[0,2,6.3],"to":[16,2.05,7.3],"rotation":{"angle":0,"axis":"y","origin":[0,0,0.7]},"faces":{"up":{"uv":[8,11.5,0,11],"texture":"#1"},"down":{"uv":[8,11.5,0,11],"texture":"#1"}}},{"from":[11,1.98,-6],"to":[15,2.03,-2],"rotation":{"angle":0,"axis":"y","origin":[16,-0.02,0]},"faces":{"up":{"uv":[15.5,9,13.5,11],"texture":"#1"},"down":{"uv":[15.5,11,13.5,9],"texture":"#1"}}},{"from":[11.41421,0.98,-2.01421],"to":[13.41421,2.98,0.98579],"rotation":{"angle":22.5,"axis":"y","origin":[9.41421,2.98,0.98579]},"faces":{"north":{"uv":[5.5,8.5,4.5,9.5],"texture":"#1"},"east":{"uv":[4.5,8.5,3,9.5],"texture":"#1"},"west":{"uv":[5.5,10,4,11],"texture":"#1"},"up":{"uv":[14.5,3.5,13.5,5],"texture":"#1"},"down":{"uv":[15.5,6,14.5,7.5],"texture":"#1"}}},{"from":[9.41421,0.98,0.98579],"to":[13.41421,2.98,3.98579],"rotation":{"angle":22.5,"axis":"y","origin":[9.41421,2.98,0.98579]},"faces":{"north":{"uv":[13,2,11,3],"texture":"#1"},"east":{"uv":[11,2,9.5,3],"texture":"#1"},"south":{"uv":[15,2.5,13,3.5],"texture":"#1"},"up":{"uv":[13.5,9,11.5,10.5],"texture":"#1"},"down":{"uv":[13.5,10.5,11.5,12],"texture":"#1"}}},{"from":[1,1.98,-6],"to":[5,2.03,-2],"rotation":{"angle":0,"axis":"y","origin":[0,-0.02,0]},"faces":{"up":{"uv":[13.5,9,15.5,11],"texture":"#1"},"down":{"uv":[13.5,11,15.5,9],"texture":"#1"}}},{"from":[2.58579,0.98,-2.01421],"to":[4.58579,2.98,0.98579],"rotation":{"angle":-22.5,"axis":"y","origin":[6.58579,2.98,0.98579]},"faces":{"north":{"uv":[4.5,8.5,5.5,9.5],"texture":"#1"},"east":{"uv":[4,10,5.5,11],"texture":"#1"},"west":{"uv":[3,8.5,4.5,9.5],"texture":"#1"},"up":{"uv":[13.5,3.5,14.5,5],"texture":"#1"},"down":{"uv":[14.5,6,15.5,7.5],"texture":"#1"}}},{"from":[2.58579,0.98,0.98579],"to":[6.58579,2.98,3.98579],"rotation":{"angle":-22.5,"axis":"y","origin":[6.58579,2.98,0.98579]},"faces":{"north":{"uv":[11,2,13,3],"texture":"#1"},"south":{"uv":[13,2.5,15,3.5],"texture":"#1"},"west":{"uv":[9.5,2,11,3],"texture":"#1"},"up":{"uv":[11.5,9,13.5,10.5],"texture":"#1"},"down":{"uv":[11.5,10.5,13.5,12],"texture":"#1"}}},{"from":[7.5,3.9,2.31137],"to":[8.5,4.9,5.31137],"rotation":{"angle":0,"axis":"y","origin":[8,6.55,3.81137]},"faces":{"east":{"uv":[15,0,16,1],"rotation":270,"texture":"#1"},"west":{"uv":[15,0,16,1],"rotation":90,"texture":"#1"},"up":{"uv":[15,0,16,1],"rotation":180,"texture":"#1"},"down":{"uv":[15,0,16,1],"texture":"#1"}}},{"from":[8.70711,3.88,4.51848],"to":[9.41421,4.92,5.22558],"rotation":{"angle":-45,"axis":"y","origin":[8,6.55,3.81137]},"faces":{"east":{"uv":[15,1,16,2],"rotation":270,"texture":"#1"},"south":{"uv":[15,1,16,2],"texture":"#1"},"up":{"uv":[15,1,16,2],"rotation":180,"texture":"#1"},"down":{"uv":[15,1,16,2],"texture":"#1"}}},{"from":[8.70711,3.88,2.39716],"to":[9.41421,4.92,3.10426],"rotation":{"angle":45,"axis":"y","origin":[8,6.55,3.81137]},"faces":{"north":{"uv":[15,2,16,1],"rotation":180,"texture":"#1"},"east":{"uv":[15,2,16,1],"rotation":270,"texture":"#1"},"up":{"uv":[15,2,16,1],"rotation":180,"texture":"#1"},"down":{"uv":[15,2,16,1],"texture":"#1"}}},{"from":[9,5.5,4.81137],"to":[7,3.5,2.81137],"rotation":{"angle":-45,"axis":"y","origin":[8,6.55,3.81137]},"faces":{"north":{"uv":[15,2,16,3],"rotation":180,"texture":"#1"},"east":{"uv":[15,2,16,3],"rotation":270,"texture":"#1"},"south":{"uv":[15,2,16,3],"texture":"#1"},"west":{"uv":[15,2,16,3],"rotation":90,"texture":"#1"},"up":{"uv":[15,2,16,3],"rotation":180,"texture":"#1"},"down":{"uv":[15,2,16,3],"texture":"#1"}}},{"from":[10.00201,6,5.81338],"to":[6.00201,3.4,1.81338],"rotation":{"angle":-45,"axis":"y","origin":[8,6.55,3.81137]},"faces":{"north":{"uv":[15,3,16,4],"rotation":180,"texture":"#1"},"east":{"uv":[15,3,16,4],"rotation":270,"texture":"#1"},"south":{"uv":[15,3,16,4],"texture":"#1"},"west":{"uv":[15,3,16,4],"rotation":90,"texture":"#1"},"up":{"uv":[15,3,16,4],"rotation":180,"texture":"#1"},"down":{"uv":[15,3,16,4],"texture":"#1"}}},{"from":[14.35,6.45,0.8],"to":[14.95,7.05,1.4],"shade":false,"rotation":{"angle":0,"axis":"y","origin":[0,20,0]},"faces":{"north":{"uv":[0,14,2,16],"texture":"#2"},"east":{"uv":[0,14,2,16],"rotation":90,"texture":"#2"},"south":{"uv":[0,14,2,16],"rotation":180,"texture":"#2"},"west":{"uv":[0,14,2,16],"rotation":270,"texture":"#2"},"up":{"uv":[0,14,2,16],"texture":"#2"},"down":{"uv":[0,14,2,16],"rotation":180,"texture":"#2"}}},{"from":[15.2,7.3,1.65],"to":[14.1,6.2,0.55],"shade":false,"rotation":{"angle":0,"axis":"y","origin":[0,20,0]},"faces":{"north":{"uv":[2,14,4,16],"texture":"#2"},"east":{"uv":[2,14,4,16],"rotation":90,"texture":"#2"},"south":{"uv":[2,14,4,16],"rotation":180,"texture":"#2"},"west":{"uv":[2,14,4,16],"rotation":270,"texture":"#2"},"up":{"uv":[2,14,4,16],"texture":"#2"},"down":{"uv":[2,14,4,16],"rotation":180,"texture":"#2"}}},{"from":[13.30564,6.9,1.05616],"to":[14.00564,7.6,1.75616],"shade":false,"rotation":{"angle":0,"axis":"y","origin":[0,20,0]},"faces":{"north":{"uv":[0,12,2,14],"texture":"#2"},"east":{"uv":[0,12,2,14],"rotation":90,"texture":"#2"},"south":{"uv":[0,12,2,14],"rotation":180,"texture":"#2"},"west":{"uv":[0,12,2,14],"rotation":270,"texture":"#2"},"up":{"uv":[0,12,2,14],"texture":"#2"},"down":{"uv":[0,12,2,14],"rotation":180,"texture":"#2"}}},{"from":[14.30564,7.9,2.05616],"to":[13.00564,6.6,0.75616],"shade":false,"rotation":{"angle":0,"axis":"y","origin":[0,20,0]},"faces":{"north":{"uv":[2,12,4,14],"texture":"#2"},"east":{"uv":[2,12,4,14],"rotation":90,"texture":"#2"},"south":{"uv":[2,12,4,14],"rotation":180,"texture":"#2"},"west":{"uv":[2,12,4,14],"rotation":270,"texture":"#2"},"up":{"uv":[2,12,4,14],"texture":"#2"},"down":{"uv":[2,12,4,14],"rotation":180,"texture":"#2"}}},{"from":[12.15781,7.25,1.25],"to":[13.15781,8.25,2.25],"shade":false,"rotation":{"angle":0,"axis":"y","origin":[0,20,0]},"faces":{"north":{"uv":[0,10,2,12],"texture":"#2"},"east":{"uv":[0,10,2,12],"rotation":90,"texture":"#2"},"south":{"uv":[0,10,2,12],"rotation":180,"texture":"#2"},"west":{"uv":[0,10,2,12],"rotation":270,"texture":"#2"},"up":{"uv":[0,10,2,12],"texture":"#2"},"down":{"uv":[0,10,2,12],"rotation":180,"texture":"#2"}}},{"from":[13.40781,8.5,2.5],"to":[11.90781,7,1],"shade":false,"rotation":{"angle":0,"axis":"y","origin":[0,20,0]},"faces":{"north":{"uv":[2,10,4,12],"texture":"#2"},"east":{"uv":[2,10,4,12],"rotation":90,"texture":"#2"},"south":{"uv":[2,10,4,12],"rotation":180,"texture":"#2"},"west":{"uv":[2,10,4,12],"rotation":270,"texture":"#2"},"up":{"uv":[2,10,4,12],"texture":"#2"},"down":{"uv":[2,10,4,12],"rotation":180,"texture":"#2"}}},{"from":[11.15332,7.25,1.6],"to":[12.15332,8.25,2.6],"shade":false,"rotation":{"angle":0,"axis":"y","origin":[0,20,0]},"faces":{"north":{"uv":[0,8,2,10],"rotation":270,"texture":"#2"},"east":{"uv":[0,8,2,10],"texture":"#2"},"south":{"uv":[0,8,2,10],"rotation":90,"texture":"#2"},"west":{"uv":[0,8,2,10],"rotation":180,"texture":"#2"},"up":{"uv":[0,8,2,10],"rotation":90,"texture":"#2"},"down":{"uv":[0,8,2,10],"rotation":90,"texture":"#2"}}},{"from":[12.40332,8.5,2.843],"to":[10.90332,7,1.343],"shade":false,"rotation":{"angle":0,"axis":"y","origin":[0,20,0]},"faces":{"north":{"uv":[2,8,4,10],"rotation":270,"texture":"#2"},"east":{"uv":[2,8,4,10],"texture":"#2"},"south":{"uv":[2,8,4,10],"rotation":90,"texture":"#2"},"west":{"uv":[2,8,4,10],"rotation":180,"texture":"#2"},"up":{"uv":[2,8,4,10],"rotation":90,"texture":"#2"},"down":{"uv":[2,8,4,10],"rotation":90,"texture":"#2"}}},{"from":[10.15,6.5,1.95],"to":[11.15,7.5,2.95],"shade":false,"rotation":{"angle":0,"axis":"y","origin":[0,20,0]},"faces":{"north":{"uv":[0,6,2,8],"texture":"#2"},"east":{"uv":[0,6,2,8],"rotation":90,"texture":"#2"},"south":{"uv":[0,6,2,8],"rotation":180,"texture":"#2"},"west":{"uv":[0,6,2,8],"rotation":270,"texture":"#2"},"up":{"uv":[0,6,2,8],"texture":"#2"},"down":{"uv":[0,6,2,8],"rotation":180,"texture":"#2"}}},{"from":[11.4,7.75,3.2],"to":[9.9,6.25,1.7],"shade":false,"rotation":{"angle":0,"axis":"y","origin":[0,20,0]},"faces":{"north":{"uv":[2,6,4,8],"texture":"#2"},"east":{"uv":[2,6,4,8],"rotation":90,"texture":"#2"},"south":{"uv":[2,6,4,8],"rotation":180,"texture":"#2"},"west":{"uv":[2,6,4,8],"rotation":270,"texture":"#2"},"up":{"uv":[2,6,4,8],"texture":"#2"},"down":{"uv":[2,6,4,8],"rotation":180,"texture":"#2"}}},{"from":[9.28191,5.9,2.41432],"to":[9.98191,6.6,3.11432],"shade":false,"rotation":{"angle":0,"axis":"y","origin":[0,20,0]},"faces":{"north":{"uv":[0,4,2,6],"texture":"#2"},"east":{"uv":[0,4,2,6],"rotation":90,"texture":"#2"},"south":{"uv":[0,4,2,6],"rotation":180,"texture":"#2"},"west":{"uv":[0,4,2,6],"rotation":270,"texture":"#2"},"up":{"uv":[0,4,2,6],"texture":"#2"},"down":{"uv":[0,4,2,6],"rotation":180,"texture":"#2"}}},{"from":[10.28191,6.9,3.41432],"to":[8.98191,5.6,2.11432],"shade":false,"rotation":{"angle":0,"axis":"y","origin":[0,20,0]},"faces":{"north":{"uv":[2,4,4,6],"texture":"#2"},"east":{"uv":[2,4,4,6],"rotation":90,"texture":"#2"},"south":{"uv":[2,4,4,6],"rotation":180,"texture":"#2"},"west":{"uv":[2,4,4,6],"rotation":270,"texture":"#2"},"up":{"uv":[2,4,4,6],"texture":"#2"},"down":{"uv":[2,4,4,6],"rotation":180,"texture":"#2"}}},{"from":[8.32,5.45,2.75],"to":[8.92,6.05,3.35],"shade":false,"rotation":{"angle":0,"axis":"y","origin":[0,20,0]},"faces":{"north":{"uv":[0,2,2,4],"texture":"#2"},"east":{"uv":[0,2,2,4],"rotation":90,"texture":"#2"},"south":{"uv":[0,2,2,4],"rotation":180,"texture":"#2"},"west":{"uv":[0,2,2,4],"rotation":270,"texture":"#2"},"up":{"uv":[0,2,2,4],"texture":"#2"},"down":{"uv":[0,2,2,4],"rotation":180,"texture":"#2"}}},{"from":[9.17,6.3,3.6],"to":[8.07,5.2,2.5],"shade":false,"rotation":{"angle":0,"axis":"y","origin":[0,20,0]},"faces":{"north":{"uv":[2,2,4,4],"texture":"#2"},"east":{"uv":[2,2,4,4],"rotation":90,"texture":"#2"},"south":{"uv":[2,2,4,4],"rotation":180,"texture":"#2"},"west":{"uv":[2,2,4,4],"rotation":270,"texture":"#2"},"up":{"uv":[2,2,4,4],"texture":"#2"},"down":{"uv":[2,2,4,4],"rotation":180,"texture":"#2"}}},{"from":[14.35,6.45,6.6],"to":[14.95,7.05,7.2],"shade":false,"rotation":{"angle":0,"axis":"y","origin":[0,20,24]},"faces":{"north":{"uv":[4,16,6,14],"texture":"#2"},"east":{"uv":[4,16,6,14],"rotation":90,"texture":"#2"},"south":{"uv":[4,16,6,14],"rotation":180,"texture":"#2"},"west":{"uv":[4,16,6,14],"rotation":270,"texture":"#2"},"up":{"uv":[4,16,6,14],"texture":"#2"},"down":{"uv":[4,16,6,14],"rotation":180,"texture":"#2"}}},{"from":[15.2,7.3,7.45],"to":[14.1,6.2,6.35],"shade":false,"rotation":{"angle":0,"axis":"y","origin":[0,20,24]},"faces":{"north":{"uv":[6,16,8,14],"texture":"#2"},"east":{"uv":[6,16,8,14],"rotation":90,"texture":"#2"},"south":{"uv":[6,16,8,14],"rotation":180,"texture":"#2"},"west":{"uv":[6,16,8,14],"rotation":270,"texture":"#2"},"up":{"uv":[6,16,8,14],"texture":"#2"},"down":{"uv":[6,16,8,14],"rotation":180,"texture":"#2"}}},{"from":[13.30564,6.9,6.24384],"to":[14.00564,7.6,6.94384],"shade":false,"rotation":{"angle":0,"axis":"y","origin":[0,20,24]},"faces":{"north":{"uv":[4,14,6,12],"texture":"#2"},"east":{"uv":[4,14,6,12],"rotation":90,"texture":"#2"},"south":{"uv":[4,14,6,12],"rotation":180,"texture":"#2"},"west":{"uv":[4,14,6,12],"rotation":270,"texture":"#2"},"up":{"uv":[4,14,6,12],"texture":"#2"},"down":{"uv":[4,14,6,12],"rotation":180,"texture":"#2"}}},{"from":[14.30564,7.9,7.24384],"to":[13.00564,6.6,5.94384],"shade":false,"rotation":{"angle":0,"axis":"y","origin":[0,20,24]},"faces":{"north":{"uv":[6,14,8,12],"texture":"#2"},"east":{"uv":[6,14,8,12],"rotation":90,"texture":"#2"},"south":{"uv":[6,14,8,12],"rotation":180,"texture":"#2"},"west":{"uv":[6,14,8,12],"rotation":270,"texture":"#2"},"up":{"uv":[6,14,8,12],"texture":"#2"},"down":{"uv":[6,14,8,12],"rotation":180,"texture":"#2"}}},{"from":[12.15781,7.25,5.75],"to":[13.15781,8.25,6.75],"shade":false,"rotation":{"angle":0,"axis":"y","origin":[0,20,24]},"faces":{"north":{"uv":[4,12,6,10],"texture":"#2"},"east":{"uv":[4,12,6,10],"rotation":90,"texture":"#2"},"south":{"uv":[4,12,6,10],"rotation":180,"texture":"#2"},"west":{"uv":[4,12,6,10],"rotation":270,"texture":"#2"},"up":{"uv":[4,12,6,10],"texture":"#2"},"down":{"uv":[4,12,6,10],"rotation":180,"texture":"#2"}}},{"from":[13.40781,8.5,7],"to":[11.90781,7,5.5],"shade":false,"rotation":{"angle":0,"axis":"y","origin":[0,20,24]},"faces":{"north":{"uv":[6,12,8,10],"texture":"#2"},"east":{"uv":[6,12,8,10],"rotation":90,"texture":"#2"},"south":{"uv":[6,12,8,10],"rotation":180,"texture":"#2"},"west":{"uv":[6,12,8,10],"rotation":270,"texture":"#2"},"up":{"uv":[6,12,8,10],"texture":"#2"},"down":{"uv":[6,12,8,10],"rotation":180,"texture":"#2"}}},{"from":[11.15332,7.25,5.4],"to":[12.15332,8.25,6.4],"shade":false,"rotation":{"angle":0,"axis":"y","origin":[0,20,24]},"faces":{"north":{"uv":[6,8,4,10],"rotation":270,"texture":"#2"},"east":{"uv":[6,8,4,10],"texture":"#2"},"south":{"uv":[6,8,4,10],"rotation":90,"texture":"#2"},"west":{"uv":[6,8,4,10],"rotation":180,"texture":"#2"},"up":{"uv":[6,8,4,10],"rotation":90,"texture":"#2"},"down":{"uv":[6,8,4,10],"rotation":90,"texture":"#2"}}},{"from":[12.40332,8.5,6.657],"to":[10.90332,7,5.157],"shade":false,"rotation":{"angle":0,"axis":"y","origin":[0,20,24]},"faces":{"north":{"uv":[8,8,6,10],"rotation":270,"texture":"#2"},"east":{"uv":[8,8,6,10],"texture":"#2"},"south":{"uv":[8,8,6,10],"rotation":90,"texture":"#2"},"west":{"uv":[8,8,6,10],"rotation":180,"texture":"#2"},"up":{"uv":[8,8,6,10],"rotation":90,"texture":"#2"},"down":{"uv":[8,8,6,10],"rotation":90,"texture":"#2"}}},{"from":[10.15,6.5,5.05],"to":[11.15,7.5,6.05],"shade":false,"rotation":{"angle":0,"axis":"y","origin":[0,20,24]},"faces":{"north":{"uv":[4,8,6,6],"texture":"#2"},"east":{"uv":[4,8,6,6],"rotation":90,"texture":"#2"},"south":{"uv":[4,8,6,6],"rotation":180,"texture":"#2"},"west":{"uv":[4,8,6,6],"rotation":270,"texture":"#2"},"up":{"uv":[4,8,6,6],"texture":"#2"},"down":{"uv":[4,8,6,6],"rotation":180,"texture":"#2"}}},{"from":[11.4,7.75,6.3],"to":[9.9,6.25,4.8],"shade":false,"rotation":{"angle":0,"axis":"y","origin":[0,20,24]},"faces":{"north":{"uv":[6,8,8,6],"texture":"#2"},"east":{"uv":[6,8,8,6],"rotation":90,"texture":"#2"},"south":{"uv":[6,8,8,6],"rotation":180,"texture":"#2"},"west":{"uv":[6,8,8,6],"rotation":270,"texture":"#2"},"up":{"uv":[6,8,8,6],"texture":"#2"},"down":{"uv":[6,8,8,6],"rotation":180,"texture":"#2"}}},{"from":[9.28191,5.9,4.88568],"to":[9.98191,6.6,5.58568],"shade":false,"rotation":{"angle":0,"axis":"y","origin":[0,20,24]},"faces":{"north":{"uv":[4,6,6,4],"texture":"#2"},"east":{"uv":[4,6,6,4],"rotation":90,"texture":"#2"},"south":{"uv":[4,6,6,4],"rotation":180,"texture":"#2"},"west":{"uv":[4,6,6,4],"rotation":270,"texture":"#2"},"up":{"uv":[4,6,6,4],"texture":"#2"},"down":{"uv":[4,6,6,4],"rotation":180,"texture":"#2"}}},{"from":[10.28191,6.9,5.88568],"to":[8.98191,5.6,4.58568],"shade":false,"rotation":{"angle":0,"axis":"y","origin":[0,20,24]},"faces":{"north":{"uv":[6,6,8,4],"texture":"#2"},"east":{"uv":[6,6,8,4],"rotation":90,"texture":"#2"},"south":{"uv":[6,6,8,4],"rotation":180,"texture":"#2"},"west":{"uv":[6,6,8,4],"rotation":270,"texture":"#2"},"up":{"uv":[6,6,8,4],"texture":"#2"},"down":{"uv":[6,6,8,4],"rotation":180,"texture":"#2"}}},{"from":[8.32,5.45,4.65],"to":[8.92,6.05,5.25],"shade":false,"rotation":{"angle":0,"axis":"y","origin":[0,20,24]},"faces":{"north":{"uv":[4,4,6,2],"texture":"#2"},"east":{"uv":[4,4,6,2],"rotation":90,"texture":"#2"},"south":{"uv":[4,4,6,2],"rotation":180,"texture":"#2"},"west":{"uv":[4,4,6,2],"rotation":270,"texture":"#2"},"up":{"uv":[4,4,6,2],"texture":"#2"},"down":{"uv":[4,4,6,2],"rotation":180,"texture":"#2"}}},{"from":[9.17,6.3,5.5],"to":[8.07,5.2,4.4],"shade":false,"rotation":{"angle":0,"axis":"y","origin":[0,20,24]},"faces":{"north":{"uv":[6,4,8,2],"texture":"#2"},"east":{"uv":[6,4,8,2],"rotation":90,"texture":"#2"},"south":{"uv":[6,4,8,2],"rotation":180,"texture":"#2"},"west":{"uv":[6,4,8,2],"rotation":270,"texture":"#2"},"up":{"uv":[6,4,8,2],"texture":"#2"},"down":{"uv":[6,4,8,2],"rotation":180,"texture":"#2"}}},{"from":[2.05,6.45,5.6],"to":[2.65,7.05,6.2],"shade":false,"rotation":{"angle":0,"axis":"y","origin":[-16,20,24]},"faces":{"north":{"uv":[10,16,8,14],"texture":"#2"},"east":{"uv":[10,16,8,14],"rotation":90,"texture":"#2"},"south":{"uv":[10,16,8,14],"rotation":180,"texture":"#2"},"west":{"uv":[10,16,8,14],"rotation":270,"texture":"#2"},"up":{"uv":[10,16,8,14],"texture":"#2"},"down":{"uv":[10,16,8,14],"rotation":180,"texture":"#2"}}},{"from":[2.9,7.3,6.45],"to":[1.8,6.2,5.35],"shade":false,"rotation":{"angle":0,"axis":"y","origin":[-16,20,24]},"faces":{"north":{"uv":[12,16,10,14],"texture":"#2"},"east":{"uv":[12,16,10,14],"rotation":90,"texture":"#2"},"south":{"uv":[12,16,10,14],"rotation":180,"texture":"#2"},"west":{"uv":[12,16,10,14],"rotation":270,"texture":"#2"},"up":{"uv":[12,16,10,14],"texture":"#2"},"down":{"uv":[12,16,10,14],"rotation":180,"texture":"#2"}}},{"from":[2.99436,6.9,5.24384],"to":[3.69436,7.6,5.94384],"shade":false,"rotation":{"angle":0,"axis":"y","origin":[-16,20,24]},"faces":{"north":{"uv":[10,14,8,12],"texture":"#2"},"east":{"uv":[10,14,8,12],"rotation":90,"texture":"#2"},"south":{"uv":[10,14,8,12],"rotation":180,"texture":"#2"},"west":{"uv":[10,14,8,12],"rotation":270,"texture":"#2"},"up":{"uv":[10,14,8,12],"texture":"#2"},"down":{"uv":[10,14,8,12],"rotation":180,"texture":"#2"}}},{"from":[3.99436,7.9,6.24384],"to":[2.69436,6.6,4.94384],"shade":false,"rotation":{"angle":0,"axis":"y","origin":[-16,20,24]},"faces":{"north":{"uv":[12,14,10,12],"texture":"#2"},"east":{"uv":[12,14,10,12],"rotation":90,"texture":"#2"},"south":{"uv":[12,14,10,12],"rotation":180,"texture":"#2"},"west":{"uv":[12,14,10,12],"rotation":270,"texture":"#2"},"up":{"uv":[12,14,10,12],"texture":"#2"},"down":{"uv":[12,14,10,12],"rotation":180,"texture":"#2"}}},{"from":[3.84219,7.25,4.75],"to":[4.84219,8.25,5.75],"shade":false,"rotation":{"angle":0,"axis":"y","origin":[-16,20,24]},"faces":{"north":{"uv":[10,12,8,10],"texture":"#2"},"east":{"uv":[10,12,8,10],"rotation":90,"texture":"#2"},"south":{"uv":[10,12,8,10],"rotation":180,"texture":"#2"},"west":{"uv":[10,12,8,10],"rotation":270,"texture":"#2"},"up":{"uv":[10,12,8,10],"texture":"#2"},"down":{"uv":[10,12,8,10],"rotation":180,"texture":"#2"}}},{"from":[5.09219,8.5,6],"to":[3.59219,7,4.5],"shade":false,"rotation":{"angle":0,"axis":"y","origin":[-16,20,24]},"faces":{"north":{"uv":[12,12,10,10],"texture":"#2"},"east":{"uv":[12,12,10,10],"rotation":90,"texture":"#2"},"south":{"uv":[12,12,10,10],"rotation":180,"texture":"#2"},"west":{"uv":[12,12,10,10],"rotation":270,"texture":"#2"},"up":{"uv":[12,12,10,10],"texture":"#2"},"down":{"uv":[12,12,10,10],"rotation":180,"texture":"#2"}}},{"from":[4.84668,7.25,4.4],"to":[5.84668,8.25,5.4],"shade":false,"rotation":{"angle":0,"axis":"y","origin":[-16,20,24]},"faces":{"north":{"uv":[10,10,8,8],"rotation":270,"texture":"#2"},"east":{"uv":[10,10,8,8],"texture":"#2"},"south":{"uv":[10,10,8,8],"rotation":90,"texture":"#2"},"west":{"uv":[10,10,8,8],"rotation":180,"texture":"#2"},"up":{"uv":[10,10,8,8],"rotation":90,"texture":"#2"},"down":{"uv":[10,10,8,8],"rotation":90,"texture":"#2"}}},{"from":[6.09668,8.5,5.657],"to":[4.59668,7,4.157],"shade":false,"rotation":{"angle":0,"axis":"y","origin":[-16,20,24]},"faces":{"north":{"uv":[12,10,10,8],"rotation":270,"texture":"#2"},"east":{"uv":[12,10,10,8],"texture":"#2"},"south":{"uv":[12,10,10,8],"rotation":90,"texture":"#2"},"west":{"uv":[12,10,10,8],"rotation":180,"texture":"#2"},"up":{"uv":[12,10,10,8],"rotation":90,"texture":"#2"},"down":{"uv":[12,10,10,8],"rotation":90,"texture":"#2"}}},{"from":[5.85,6.5,4.05],"to":[6.85,7.5,5.05],"shade":false,"rotation":{"angle":0,"axis":"y","origin":[-16,20,24]},"faces":{"north":{"uv":[10,8,8,6],"texture":"#2"},"east":{"uv":[10,8,8,6],"rotation":90,"texture":"#2"},"south":{"uv":[10,8,8,6],"rotation":180,"texture":"#2"},"west":{"uv":[10,8,8,6],"rotation":270,"texture":"#2"},"up":{"uv":[10,8,8,6],"texture":"#2"},"down":{"uv":[10,8,8,6],"rotation":180,"texture":"#2"}}},{"from":[7.1,7.75,5.3],"to":[5.6,6.25,3.8],"shade":false,"rotation":{"angle":0,"axis":"y","origin":[-16,20,24]},"faces":{"north":{"uv":[12,8,10,6],"texture":"#2"},"east":{"uv":[12,8,10,6],"rotation":90,"texture":"#2"},"south":{"uv":[12,8,10,6],"rotation":180,"texture":"#2"},"west":{"uv":[12,8,10,6],"rotation":270,"texture":"#2"},"up":{"uv":[12,8,10,6],"texture":"#2"},"down":{"uv":[12,8,10,6],"rotation":180,"texture":"#2"}}},{"from":[7.01809,5.9,3.88568],"to":[7.71809,6.6,4.58568],"shade":false,"rotation":{"angle":0,"axis":"y","origin":[-16,20,24]},"faces":{"north":{"uv":[10,6,8,4],"texture":"#2"},"east":{"uv":[10,6,8,4],"rotation":90,"texture":"#2"},"south":{"uv":[10,6,8,4],"rotation":180,"texture":"#2"},"west":{"uv":[10,6,8,4],"rotation":270,"texture":"#2"},"up":{"uv":[10,6,8,4],"texture":"#2"},"down":{"uv":[10,6,8,4],"rotation":180,"texture":"#2"}}},{"from":[8.01809,6.9,4.88568],"to":[6.71809,5.6,3.58568],"shade":false,"rotation":{"angle":0,"axis":"y","origin":[-16,20,24]},"faces":{"north":{"uv":[12,6,10,4],"texture":"#2"},"east":{"uv":[12,6,10,4],"rotation":90,"texture":"#2"},"south":{"uv":[12,6,10,4],"rotation":180,"texture":"#2"},"west":{"uv":[12,6,10,4],"rotation":270,"texture":"#2"},"up":{"uv":[12,6,10,4],"texture":"#2"},"down":{"uv":[12,6,10,4],"rotation":180,"texture":"#2"}}},{"from":[8.08,5.45,3.65],"to":[8.68,6.05,4.25],"shade":false,"rotation":{"angle":0,"axis":"y","origin":[-16,20,24]},"faces":{"north":{"uv":[10,4,8,2],"texture":"#2"},"east":{"uv":[10,4,8,2],"rotation":90,"texture":"#2"},"south":{"uv":[10,4,8,2],"rotation":180,"texture":"#2"},"west":{"uv":[10,4,8,2],"rotation":270,"texture":"#2"},"up":{"uv":[10,4,8,2],"texture":"#2"},"down":{"uv":[10,4,8,2],"rotation":180,"texture":"#2"}}},{"from":[8.93,6.3,4.5],"to":[7.83,5.2,3.4],"shade":false,"rotation":{"angle":0,"axis":"y","origin":[-16,20,24]},"faces":{"north":{"uv":[12,4,10,2],"texture":"#2"},"east":{"uv":[12,4,10,2],"rotation":90,"texture":"#2"},"south":{"uv":[12,4,10,2],"rotation":180,"texture":"#2"},"west":{"uv":[12,4,10,2],"rotation":270,"texture":"#2"},"up":{"uv":[12,4,10,2],"texture":"#2"},"down":{"uv":[12,4,10,2],"rotation":180,"texture":"#2"}}}],"gui_light":"front","display":{"thirdperson_righthand":{"translation":[0,4.75,0.5],"scale":[0.6,0.6,0.6]},"thirdperson_lefthand":{"translation":[0,4.75,0.5],"scale":[0.6,0.6,0.6]},"firstperson_righthand":{"translation":[-2.25,7,3],"scale":[0.54336,0.54336,0.54336]},"firstperson_lefthand":{"translation":[-2.25,7,3],"scale":[0.54336,0.54336,0.54336]},"ground":{"translation":[0,6,0],"scale":[0.5,0.5,0.5]},"gui":{"rotation":[90,45,0],"translation":[1.75,-1.75,0],"scale":[0.5996,0.5996,0.5996]},"head":{"scale":[0,0,0]},"fixed":{"rotation":[90,0,180],"translation":[0,2,-10.25],"scale":[1.3,1.3,1.3]}}}