{"credit":"by w11shes","texture_size":[64,64],"textures":{"0":"elitecreatures:demonic_weapon_assortment/demonic_fishing_rod","1":"elitecreatures:demonic_weapon_assortment/demonic_particle","particle":"elitecreatures:demonic_weapon_assortment/demonic_fishing_rod"},"elements":[{"from":[7.14,-2.924,5.85],"to":[13.16,3.096,10.15],"rotation":{"angle":45,"axis":"z","origin":[8,-2.064,8]},"faces":{"north":{"uv":[4,0.75,5.75,2.5],"texture":"#0"},"east":{"uv":[1.5,5.5,2.75,7.25],"texture":"#0"},"south":{"uv":[5.75,0.75,4,2.5],"texture":"#0"},"west":{"uv":[2.75,5.5,4,7.25],"texture":"#0"},"up":{"uv":[7.5,2,5.75,0.75],"texture":"#0"},"down":{"uv":[7.5,2,5.75,3.25],"texture":"#0"}}},{"from":[14.88,2.38355,10.15],"to":[8.86,-3.63645,5.85],"rotation":{"angle":45,"axis":"z","origin":[8,-4.49645,-4.9]},"faces":{"north":{"uv":[5.75,2.5,4,0.75],"texture":"#0"},"east":{"uv":[2.75,7.25,4,5.5],"texture":"#0"},"south":{"uv":[4,2.5,5.75,0.75],"texture":"#0"},"west":{"uv":[1.5,7.25,2.75,5.5],"texture":"#0"},"up":{"uv":[5.75,2,7.5,3.25],"texture":"#0"},"down":{"uv":[5.75,2,7.5,0.75],"texture":"#0"}}},{"from":[11.44,-5.504,6.71],"to":[15.74,-1.204,9.29],"rotation":{"angle":45,"axis":"z","origin":[8,-2.064,8]},"faces":{"north":{"uv":[4.5,6,5.75,7.25],"texture":"#0"},"east":{"uv":[7,5.25,7.75,6.5],"texture":"#0"},"south":{"uv":[5.75,6,4.5,7.25],"texture":"#0"},"west":{"uv":[7,6.5,7.75,7.75],"texture":"#0"},"up":{"uv":[2.75,8,1.5,7.25],"texture":"#0"},"down":{"uv":[4,7.25,2.75,8],"texture":"#0"}}},{"from":[6.28,3.096,6.71],"to":[9.72,5.676,9.29],"rotation":{"angle":0,"axis":"y","origin":[1.12,-2.58,1.12]},"faces":{"north":{"uv":[7.5,0.75,8.5,1.5],"texture":"#0"},"east":{"uv":[5,7.25,5.75,8],"texture":"#0"},"south":{"uv":[7.5,0.75,8.5,1.5],"texture":"#0"},"west":{"uv":[5,7.25,5.75,8],"texture":"#0"}}},{"from":[11.44,2.236,6.6928],"to":[16.6,7.396,9.3072],"rotation":{"angle":45,"axis":"z","origin":[8,-1.204,8]},"faces":{"north":{"uv":[0,5.5,1.5,7],"texture":"#0"},"east":{"uv":[6.25,4.5,7,6],"texture":"#0"},"south":{"uv":[1.5,5.5,0,7],"texture":"#0"},"west":{"uv":[6.25,6,7,7.5],"texture":"#0"},"up":{"uv":[1.5,7.75,0,7],"texture":"#0"},"down":{"uv":[8.5,4.5,7,5.25],"texture":"#0"}}},{"from":[-1.632,3.956,7.9828],"to":[2.668,8.256,8.0258],"rotation":{"angle":-22.5,"axis":"z","origin":[8,-1.204,8]},"faces":{"north":{"uv":[6.25,3.25,7.5,4.5],"texture":"#0"},"south":{"uv":[7.5,3.25,6.25,4.5],"texture":"#0"}}},{"from":[7.14,-7.998,7.14],"to":[8.86,-1.978,8.86],"rotation":{"angle":-45,"axis":"y","origin":[8,-4.3,8]},"faces":{"north":{"uv":[5.75,6.5,6.25,8.25],"texture":"#0"},"east":{"uv":[6.25,6.5,5.75,8.25],"texture":"#0"},"south":{"uv":[5,7.25,4.5,9],"texture":"#0"},"west":{"uv":[4.5,7.25,5,9],"texture":"#0"}}},{"from":[7.14,9.46,7.14],"to":[8.86,20.64,8.86],"rotation":{"angle":-45,"axis":"y","origin":[8,-5.16,8]},"faces":{"north":{"uv":[5.75,3.25,6.25,6.5],"texture":"#0"},"east":{"uv":[6.25,3.25,5.75,6.5],"texture":"#0"},"south":{"uv":[4.5,6,4,9.25],"texture":"#0"},"west":{"uv":[4,6,4.5,9.25],"texture":"#0"}}},{"from":[6.28,-9.718,6.71],"to":[9.72,-7.998,9.29],"rotation":{"angle":0,"axis":"y","origin":[1.12,-3.44,1.12]},"faces":{"north":{"uv":[8.25,3.75,9.25,4.25],"texture":"#0"},"east":{"uv":[5.75,8.25,6.5,8.75],"texture":"#0"},"south":{"uv":[8.25,3.75,9.25,4.25],"texture":"#0"},"west":{"uv":[5.75,8.25,6.5,8.75],"texture":"#0"},"up":{"uv":[8.5,2.25,7.5,1.5],"texture":"#0"},"down":{"uv":[8.5,2.25,7.5,3],"texture":"#0"}}},{"from":[4.99,-15.61205,8],"to":[11.01,-9.59205,8.043],"rotation":{"angle":45,"axis":"z","origin":[8,-12.60205,8.0215]},"faces":{"north":{"uv":[4,2.5,5.75,4.25],"texture":"#0"},"south":{"uv":[5.75,2.5,4,4.25],"texture":"#0"}}},{"from":[4.99,23.26605,8],"to":[11.01,29.28605,8.043],"rotation":{"angle":45,"axis":"z","origin":[8,26.27605,8.0215]},"faces":{"north":{"uv":[4,4.25,5.75,6],"texture":"#0"},"south":{"uv":[5.75,4.25,4,6],"texture":"#0"}}},{"from":[6.71,20.64,6.71],"to":[9.29,23.22,9.29],"rotation":{"angle":0,"axis":"y","origin":[8.43,21.5,8.43]},"faces":{"north":{"uv":[7.5,3,8.25,3.75],"texture":"#0"},"east":{"uv":[7.5,3.75,8.25,4.5],"texture":"#0"},"south":{"uv":[7.5,3,8.25,3.75],"texture":"#0"},"west":{"uv":[6.25,7.5,7,8.25],"texture":"#0"},"up":{"uv":[0.75,8.5,0,7.75],"texture":"#0"},"down":{"uv":[1.5,7.75,0.75,8.5],"texture":"#0"}}},{"from":[9.032,21.93,6.452],"to":[11.612,21.973,9.032],"rotation":{"angle":45,"axis":"y","origin":[10.58,9.46,8]},"faces":{"up":{"uv":[8.5,6,7.75,5.25],"texture":"#0"},"down":{"uv":[8.5,5.25,7.75,6],"texture":"#0"}}},{"from":[9.032,15.05,6.452],"to":[11.612,15.093,9.032],"rotation":{"angle":45,"axis":"y","origin":[10.58,9.46,8]},"faces":{"up":{"uv":[8.5,6,7.75,5.25],"texture":"#0"},"down":{"uv":[8.5,5.25,7.75,6],"texture":"#0"}}},{"from":[11.612,7.31,6.452],"to":[14.192,7.353,9.032],"rotation":{"angle":45,"axis":"y","origin":[13.16,9.46,8]},"faces":{"up":{"uv":[8.5,6,7.75,5.25],"texture":"#0"},"down":{"uv":[8.5,5.25,7.75,6],"texture":"#0"}}},{"from":[6.71,13.76,6.71],"to":[9.29,16.34,9.29],"rotation":{"angle":0,"axis":"y","origin":[8.43,14.62,8.43]},"faces":{"north":{"uv":[7.75,6,8.5,6.75],"texture":"#0"},"east":{"uv":[7.75,6.75,8.5,7.5],"texture":"#0"},"south":{"uv":[8.5,6,7.75,6.75],"texture":"#0"},"west":{"uv":[7,7.75,7.75,8.5],"texture":"#0"},"up":{"uv":[8.5,8.25,7.75,7.5],"texture":"#0"},"down":{"uv":[2.25,8,1.5,8.75],"texture":"#0"}}},{"from":[7.49622,4.13979,8],"to":[21.25622,23.05979,8.043],"rotation":{"angle":45,"axis":"z","origin":[13.51622,11.87979,5.85]},"faces":{"north":{"uv":[0,0,4,5.5],"texture":"#0"},"south":{"uv":[4,0,0,5.5],"texture":"#0"}}},{"from":[9.505,21.93,7.914],"to":[24.125,24.51,7.957],"rotation":{"angle":-22.5,"axis":"z","origin":[8.645,23.65,8]},"faces":{"north":{"uv":[4,0,8.25,0.75],"texture":"#0"},"south":{"uv":[8.25,0,4,0.75],"texture":"#0"}}},{"from":[14.665,21.93,6.624],"to":[17.245,24.51,9.204],"rotation":{"angle":-22.5,"axis":"z","origin":[8.645,23.65,8]},"faces":{"north":{"uv":[2.25,8,3,8.75],"texture":"#0"},"east":{"uv":[3,8,3.75,8.75],"texture":"#0"},"south":{"uv":[3,8,2.25,8.75],"texture":"#0"},"west":{"uv":[5,8,5.75,8.75],"texture":"#0"},"up":{"uv":[9,0.75,8.25,0],"texture":"#0"},"down":{"uv":[9,3,8.25,3.75],"texture":"#0"}}},{"from":[6.71,0.559,7.57],"to":[9.29,1.419,8.43],"rotation":{"angle":0,"axis":"y","origin":[11.87,-5.891,8]},"faces":{"north":{"uv":[9,0,9.5,0.5],"rotation":90,"texture":"#0"},"south":{"uv":[9,0,9.5,0.5],"rotation":270,"texture":"#0"},"up":{"uv":[9,0,9.5,0.5],"rotation":270,"texture":"#0"},"down":{"uv":[9,0,9.5,0.5],"rotation":270,"texture":"#0"}}},{"from":[6.10189,0.81089,7.5528],"to":[6.71,1.419,8.4472],"rotation":{"angle":45,"axis":"z","origin":[6.71,1.419,8.43]},"faces":{"north":{"uv":[9,0.5,9.5,1],"rotation":90,"texture":"#0"},"south":{"uv":[9,0.5,9.5,1],"rotation":270,"texture":"#0"},"west":{"uv":[9,0.5,9.5,1],"rotation":270,"texture":"#0"},"up":{"uv":[9,0.5,9.5,1],"rotation":270,"texture":"#0"}}},{"from":[9.29,0.81089,7.5528],"to":[9.89811,1.419,8.4472],"rotation":{"angle":-45,"axis":"z","origin":[9.29,1.419,8.4472]},"faces":{"north":{"uv":[9,1,9.5,0.5],"rotation":90,"texture":"#0"},"east":{"uv":[9,1,9.5,0.5],"rotation":270,"texture":"#0"},"south":{"uv":[9,1,9.5,0.5],"rotation":270,"texture":"#0"},"up":{"uv":[9,1,9.5,0.5],"rotation":270,"texture":"#0"}}},{"from":[10.07622,1.34522,8.86],"to":[8.35622,-0.37478,7.14],"rotation":{"angle":45,"axis":"z","origin":[8,-0.731,5.42]},"faces":{"north":{"uv":[9,1,9.5,1.5],"rotation":90,"texture":"#0"},"east":{"uv":[9,1,9.5,1.5],"rotation":270,"texture":"#0"},"south":{"uv":[9,1,9.5,1.5],"rotation":270,"texture":"#0"},"west":{"uv":[9,1,9.5,1.5],"rotation":270,"texture":"#0"},"up":{"uv":[9,1,9.5,1.5],"rotation":270,"texture":"#0"},"down":{"uv":[9,1,9.5,1.5],"rotation":270,"texture":"#0"}}},{"from":[10.76422,2.03322,9.118],"to":[7.66822,-1.06278,6.882],"rotation":{"angle":45,"axis":"z","origin":[8,-0.731,5.42]},"faces":{"north":{"uv":[9,1.5,9.5,2],"rotation":90,"texture":"#0"},"east":{"uv":[9,1.5,9.5,2],"rotation":270,"texture":"#0"},"south":{"uv":[9,1.5,9.5,2],"rotation":270,"texture":"#0"},"west":{"uv":[9,1.5,9.5,2],"rotation":270,"texture":"#0"},"up":{"uv":[9,1.5,9.5,2],"rotation":270,"texture":"#0"},"down":{"uv":[9,1.5,9.5,2],"rotation":270,"texture":"#0"}}},{"from":[5.248,-4.687,4.947],"to":[5.764,-4.171,5.463],"shade":false,"rotation":{"angle":0,"axis":"y","origin":[-5.33,-6.02,1.12]},"faces":{"north":{"uv":[0,14,2,16],"rotation":90,"texture":"#1"},"east":{"uv":[0,14,2,16],"rotation":270,"texture":"#1"},"south":{"uv":[0,14,2,16],"rotation":270,"texture":"#1"},"west":{"uv":[0,14,2,16],"rotation":270,"texture":"#1"},"up":{"uv":[0,14,2,16],"rotation":270,"texture":"#1"},"down":{"uv":[0,14,2,16],"rotation":270,"texture":"#1"}}},{"from":[5.979,-3.956,5.678],"to":[5.033,-4.902,4.732],"shade":false,"rotation":{"angle":0,"axis":"y","origin":[-5.33,-6.02,1.12]},"faces":{"north":{"uv":[2,14,4,16],"rotation":90,"texture":"#1"},"east":{"uv":[2,14,4,16],"rotation":270,"texture":"#1"},"south":{"uv":[2,14,4,16],"rotation":270,"texture":"#1"},"west":{"uv":[2,14,4,16],"rotation":270,"texture":"#1"},"up":{"uv":[2,14,4,16],"rotation":270,"texture":"#1"},"down":{"uv":[2,14,4,16],"rotation":270,"texture":"#1"}}},{"from":[5.4683,-3.87485,4.474],"to":[6.0703,-3.27285,5.076],"shade":false,"rotation":{"angle":0,"axis":"y","origin":[-5.33,-6.02,1.12]},"faces":{"north":{"uv":[0,12,2,14],"rotation":90,"texture":"#1"},"east":{"uv":[0,12,2,14],"rotation":270,"texture":"#1"},"south":{"uv":[0,12,2,14],"rotation":270,"texture":"#1"},"west":{"uv":[0,12,2,14],"rotation":270,"texture":"#1"},"up":{"uv":[0,12,2,14],"rotation":270,"texture":"#1"},"down":{"uv":[0,12,2,14],"rotation":270,"texture":"#1"}}},{"from":[6.3283,-3.01485,5.334],"to":[5.2103,-4.13285,4.216],"shade":false,"rotation":{"angle":0,"axis":"y","origin":[-5.33,-6.02,1.12]},"faces":{"north":{"uv":[2,12,4,14],"rotation":90,"texture":"#1"},"east":{"uv":[2,12,4,14],"rotation":270,"texture":"#1"},"south":{"uv":[2,12,4,14],"rotation":270,"texture":"#1"},"west":{"uv":[2,12,4,14],"rotation":270,"texture":"#1"},"up":{"uv":[2,12,4,14],"rotation":270,"texture":"#1"},"down":{"uv":[2,12,4,14],"rotation":270,"texture":"#1"}}},{"from":[5.635,-3.14572,3.915],"to":[6.495,-2.28572,4.775],"shade":false,"rotation":{"angle":0,"axis":"y","origin":[-5.33,-6.02,1.12]},"faces":{"north":{"uv":[0,10,2,12],"rotation":90,"texture":"#1"},"east":{"uv":[0,10,2,12],"rotation":270,"texture":"#1"},"south":{"uv":[0,10,2,12],"rotation":270,"texture":"#1"},"west":{"uv":[0,10,2,12],"rotation":270,"texture":"#1"},"up":{"uv":[0,10,2,12],"rotation":270,"texture":"#1"},"down":{"uv":[0,10,2,12],"rotation":270,"texture":"#1"}}},{"from":[6.71,-2.07072,4.99],"to":[5.42,-3.36072,3.7],"shade":false,"rotation":{"angle":0,"axis":"y","origin":[-5.33,-6.02,1.12]},"faces":{"north":{"uv":[2,10,4,12],"rotation":90,"texture":"#1"},"east":{"uv":[2,10,4,12],"rotation":270,"texture":"#1"},"south":{"uv":[2,10,4,12],"rotation":270,"texture":"#1"},"west":{"uv":[2,10,4,12],"rotation":270,"texture":"#1"},"up":{"uv":[2,10,4,12],"rotation":270,"texture":"#1"},"down":{"uv":[2,10,4,12],"rotation":270,"texture":"#1"}}},{"from":[5.936,-2.28186,3.915],"to":[6.796,-1.42186,4.775],"shade":false,"rotation":{"angle":0,"axis":"y","origin":[-5.33,-6.02,1.12]},"faces":{"north":{"uv":[0,8,2,10],"rotation":180,"texture":"#1"},"east":{"uv":[0,8,2,10],"rotation":180,"texture":"#1"},"south":{"uv":[0,8,2,10],"rotation":180,"texture":"#1"},"west":{"uv":[0,8,2,10],"rotation":180,"texture":"#1"},"up":{"uv":[0,8,2,10],"rotation":180,"texture":"#1"},"down":{"uv":[0,8,2,10],"rotation":180,"texture":"#1"}}},{"from":[7.00498,-1.20686,4.99],"to":[5.71498,-2.49686,3.7],"shade":false,"rotation":{"angle":0,"axis":"y","origin":[-5.33,-6.02,1.12]},"faces":{"north":{"uv":[2,8,4,10],"rotation":180,"texture":"#1"},"east":{"uv":[2,8,4,10],"rotation":180,"texture":"#1"},"south":{"uv":[2,8,4,10],"rotation":180,"texture":"#1"},"west":{"uv":[2,8,4,10],"rotation":180,"texture":"#1"},"up":{"uv":[2,8,4,10],"rotation":180,"texture":"#1"},"down":{"uv":[2,8,4,10],"rotation":180,"texture":"#1"}}},{"from":[6.237,-1.419,4.56],"to":[7.097,-0.559,5.42],"shade":false,"rotation":{"angle":0,"axis":"y","origin":[-5.33,-6.02,1.12]},"faces":{"north":{"uv":[0,6,2,8],"rotation":90,"texture":"#1"},"east":{"uv":[0,6,2,8],"rotation":270,"texture":"#1"},"south":{"uv":[0,6,2,8],"rotation":270,"texture":"#1"},"west":{"uv":[0,6,2,8],"rotation":270,"texture":"#1"},"up":{"uv":[0,6,2,8],"rotation":270,"texture":"#1"},"down":{"uv":[0,6,2,8],"rotation":270,"texture":"#1"}}},{"from":[7.312,-0.344,5.635],"to":[6.022,-1.634,4.345],"shade":false,"rotation":{"angle":0,"axis":"y","origin":[-5.33,-6.02,1.12]},"faces":{"north":{"uv":[2,6,4,8],"rotation":90,"texture":"#1"},"east":{"uv":[2,6,4,8],"rotation":270,"texture":"#1"},"south":{"uv":[2,6,4,8],"rotation":270,"texture":"#1"},"west":{"uv":[2,6,4,8],"rotation":270,"texture":"#1"},"up":{"uv":[2,6,4,8],"rotation":270,"texture":"#1"},"down":{"uv":[2,6,4,8],"rotation":270,"texture":"#1"}}},{"from":[6.63632,-0.41444,5.334],"to":[7.23832,0.18756,5.936],"shade":false,"rotation":{"angle":0,"axis":"y","origin":[-5.33,-6.02,1.12]},"faces":{"north":{"uv":[0,4,2,6],"rotation":90,"texture":"#1"},"east":{"uv":[0,4,2,6],"rotation":270,"texture":"#1"},"south":{"uv":[0,4,2,6],"rotation":270,"texture":"#1"},"west":{"uv":[0,4,2,6],"rotation":270,"texture":"#1"},"up":{"uv":[0,4,2,6],"rotation":270,"texture":"#1"},"down":{"uv":[0,4,2,6],"rotation":270,"texture":"#1"}}},{"from":[7.49632,0.44556,6.194],"to":[6.37832,-0.67244,5.076],"shade":false,"rotation":{"angle":0,"axis":"y","origin":[-5.33,-6.02,1.12]},"faces":{"north":{"uv":[2,4,4,6],"rotation":90,"texture":"#1"},"east":{"uv":[2,4,4,6],"rotation":270,"texture":"#1"},"south":{"uv":[2,4,4,6],"rotation":270,"texture":"#1"},"west":{"uv":[2,4,4,6],"rotation":270,"texture":"#1"},"up":{"uv":[2,4,4,6],"rotation":270,"texture":"#1"},"down":{"uv":[2,4,4,6],"rotation":270,"texture":"#1"}}},{"from":[6.925,0.4988,5.807],"to":[7.441,1.0148,6.323],"shade":false,"rotation":{"angle":0,"axis":"y","origin":[-5.33,-6.02,1.12]},"faces":{"north":{"uv":[0,2,2,4],"rotation":90,"texture":"#1"},"east":{"uv":[0,2,2,4],"rotation":270,"texture":"#1"},"south":{"uv":[0,2,2,4],"rotation":270,"texture":"#1"},"west":{"uv":[0,2,2,4],"rotation":270,"texture":"#1"},"up":{"uv":[0,2,2,4],"rotation":270,"texture":"#1"},"down":{"uv":[0,2,2,4],"rotation":270,"texture":"#1"}}},{"from":[7.656,1.2298,6.538],"to":[6.71,0.2838,5.592],"shade":false,"rotation":{"angle":0,"axis":"y","origin":[-5.33,-6.02,1.12]},"faces":{"north":{"uv":[2,2,4,4],"rotation":90,"texture":"#1"},"east":{"uv":[2,2,4,4],"rotation":270,"texture":"#1"},"south":{"uv":[2,2,4,4],"rotation":270,"texture":"#1"},"west":{"uv":[2,2,4,4],"rotation":270,"texture":"#1"},"up":{"uv":[2,2,4,4],"rotation":270,"texture":"#1"},"down":{"uv":[2,2,4,4],"rotation":270,"texture":"#1"}}},{"from":[10.236,-4.687,4.947],"to":[10.752,-4.171,5.463],"shade":false,"rotation":{"angle":0,"axis":"y","origin":[15.31,-6.02,1.12]},"faces":{"north":{"uv":[4,16,6,14],"rotation":90,"texture":"#1"},"east":{"uv":[4,16,6,14],"rotation":270,"texture":"#1"},"south":{"uv":[4,16,6,14],"rotation":270,"texture":"#1"},"west":{"uv":[4,16,6,14],"rotation":270,"texture":"#1"},"up":{"uv":[4,16,6,14],"rotation":270,"texture":"#1"},"down":{"uv":[4,16,6,14],"rotation":270,"texture":"#1"}}},{"from":[10.967,-3.956,5.678],"to":[10.021,-4.902,4.732],"shade":false,"rotation":{"angle":0,"axis":"y","origin":[15.31,-6.02,1.12]},"faces":{"north":{"uv":[6,16,8,14],"rotation":90,"texture":"#1"},"east":{"uv":[6,16,8,14],"rotation":270,"texture":"#1"},"south":{"uv":[6,16,8,14],"rotation":270,"texture":"#1"},"west":{"uv":[6,16,8,14],"rotation":270,"texture":"#1"},"up":{"uv":[6,16,8,14],"rotation":270,"texture":"#1"},"down":{"uv":[6,16,8,14],"rotation":270,"texture":"#1"}}},{"from":[9.9297,-3.87485,4.474],"to":[10.5317,-3.27285,5.076],"shade":false,"rotation":{"angle":0,"axis":"y","origin":[15.31,-6.02,1.12]},"faces":{"north":{"uv":[4,14,6,12],"rotation":90,"texture":"#1"},"east":{"uv":[4,14,6,12],"rotation":270,"texture":"#1"},"south":{"uv":[4,14,6,12],"rotation":270,"texture":"#1"},"west":{"uv":[4,14,6,12],"rotation":270,"texture":"#1"},"up":{"uv":[4,14,6,12],"rotation":270,"texture":"#1"},"down":{"uv":[4,14,6,12],"rotation":270,"texture":"#1"}}},{"from":[10.7897,-3.01485,5.334],"to":[9.6717,-4.13285,4.216],"shade":false,"rotation":{"angle":0,"axis":"y","origin":[15.31,-6.02,1.12]},"faces":{"north":{"uv":[6,14,8,12],"rotation":90,"texture":"#1"},"east":{"uv":[6,14,8,12],"rotation":270,"texture":"#1"},"south":{"uv":[6,14,8,12],"rotation":270,"texture":"#1"},"west":{"uv":[6,14,8,12],"rotation":270,"texture":"#1"},"up":{"uv":[6,14,8,12],"rotation":270,"texture":"#1"},"down":{"uv":[6,14,8,12],"rotation":270,"texture":"#1"}}},{"from":[9.505,-3.14572,3.915],"to":[10.365,-2.28572,4.775],"shade":false,"rotation":{"angle":0,"axis":"y","origin":[15.31,-6.02,1.12]},"faces":{"north":{"uv":[4,12,6,10],"rotation":90,"texture":"#1"},"east":{"uv":[4,12,6,10],"rotation":270,"texture":"#1"},"south":{"uv":[4,12,6,10],"rotation":270,"texture":"#1"},"west":{"uv":[4,12,6,10],"rotation":270,"texture":"#1"},"up":{"uv":[4,12,6,10],"rotation":270,"texture":"#1"},"down":{"uv":[4,12,6,10],"rotation":270,"texture":"#1"}}},{"from":[10.58,-2.07072,4.99],"to":[9.29,-3.36072,3.7],"shade":false,"rotation":{"angle":0,"axis":"y","origin":[15.31,-6.02,1.12]},"faces":{"north":{"uv":[6,12,8,10],"rotation":90,"texture":"#1"},"east":{"uv":[6,12,8,10],"rotation":270,"texture":"#1"},"south":{"uv":[6,12,8,10],"rotation":270,"texture":"#1"},"west":{"uv":[6,12,8,10],"rotation":270,"texture":"#1"},"up":{"uv":[6,12,8,10],"rotation":270,"texture":"#1"},"down":{"uv":[6,12,8,10],"rotation":270,"texture":"#1"}}},{"from":[9.204,-2.28186,3.915],"to":[10.064,-1.42186,4.775],"shade":false,"rotation":{"angle":0,"axis":"y","origin":[15.31,-6.02,1.12]},"faces":{"north":{"uv":[6,8,4,10],"rotation":180,"texture":"#1"},"east":{"uv":[6,8,4,10],"rotation":180,"texture":"#1"},"south":{"uv":[6,8,4,10],"rotation":180,"texture":"#1"},"west":{"uv":[6,8,4,10],"rotation":180,"texture":"#1"},"up":{"uv":[6,8,4,10],"rotation":180,"texture":"#1"},"down":{"uv":[6,8,4,10],"rotation":180,"texture":"#1"}}},{"from":[10.28502,-1.20686,4.99],"to":[8.99502,-2.49686,3.7],"shade":false,"rotation":{"angle":0,"axis":"y","origin":[15.31,-6.02,1.12]},"faces":{"north":{"uv":[8,8,6,10],"rotation":180,"texture":"#1"},"east":{"uv":[8,8,6,10],"rotation":180,"texture":"#1"},"south":{"uv":[8,8,6,10],"rotation":180,"texture":"#1"},"west":{"uv":[8,8,6,10],"rotation":180,"texture":"#1"},"up":{"uv":[8,8,6,10],"rotation":180,"texture":"#1"},"down":{"uv":[8,8,6,10],"rotation":180,"texture":"#1"}}},{"from":[8.903,-1.419,4.56],"to":[9.763,-0.559,5.42],"shade":false,"rotation":{"angle":0,"axis":"y","origin":[15.31,-6.02,1.12]},"faces":{"north":{"uv":[4,8,6,6],"rotation":90,"texture":"#1"},"east":{"uv":[4,8,6,6],"rotation":270,"texture":"#1"},"south":{"uv":[4,8,6,6],"rotation":270,"texture":"#1"},"west":{"uv":[4,8,6,6],"rotation":270,"texture":"#1"},"up":{"uv":[4,8,6,6],"rotation":270,"texture":"#1"},"down":{"uv":[4,8,6,6],"rotation":270,"texture":"#1"}}},{"from":[9.978,-0.344,5.635],"to":[8.688,-1.634,4.345],"shade":false,"rotation":{"angle":0,"axis":"y","origin":[15.31,-6.02,1.12]},"faces":{"north":{"uv":[6,8,8,6],"rotation":90,"texture":"#1"},"east":{"uv":[6,8,8,6],"rotation":270,"texture":"#1"},"south":{"uv":[6,8,8,6],"rotation":270,"texture":"#1"},"west":{"uv":[6,8,8,6],"rotation":270,"texture":"#1"},"up":{"uv":[6,8,8,6],"rotation":270,"texture":"#1"},"down":{"uv":[6,8,8,6],"rotation":270,"texture":"#1"}}},{"from":[8.76168,-0.41444,5.334],"to":[9.36368,0.18756,5.936],"shade":false,"rotation":{"angle":0,"axis":"y","origin":[15.31,-6.02,1.12]},"faces":{"north":{"uv":[4,6,6,4],"rotation":90,"texture":"#1"},"east":{"uv":[4,6,6,4],"rotation":270,"texture":"#1"},"south":{"uv":[4,6,6,4],"rotation":270,"texture":"#1"},"west":{"uv":[4,6,6,4],"rotation":270,"texture":"#1"},"up":{"uv":[4,6,6,4],"rotation":270,"texture":"#1"},"down":{"uv":[4,6,6,4],"rotation":270,"texture":"#1"}}},{"from":[9.62168,0.44556,6.194],"to":[8.50368,-0.67244,5.076],"shade":false,"rotation":{"angle":0,"axis":"y","origin":[15.31,-6.02,1.12]},"faces":{"north":{"uv":[6,6,8,4],"rotation":90,"texture":"#1"},"east":{"uv":[6,6,8,4],"rotation":270,"texture":"#1"},"south":{"uv":[6,6,8,4],"rotation":270,"texture":"#1"},"west":{"uv":[6,6,8,4],"rotation":270,"texture":"#1"},"up":{"uv":[6,6,8,4],"rotation":270,"texture":"#1"},"down":{"uv":[6,6,8,4],"rotation":270,"texture":"#1"}}},{"from":[8.559,0.4988,5.807],"to":[9.075,1.0148,6.323],"shade":false,"rotation":{"angle":0,"axis":"y","origin":[15.31,-6.02,1.12]},"faces":{"north":{"uv":[4,4,6,2],"rotation":90,"texture":"#1"},"east":{"uv":[4,4,6,2],"rotation":270,"texture":"#1"},"south":{"uv":[4,4,6,2],"rotation":270,"texture":"#1"},"west":{"uv":[4,4,6,2],"rotation":270,"texture":"#1"},"up":{"uv":[4,4,6,2],"rotation":270,"texture":"#1"},"down":{"uv":[4,4,6,2],"rotation":270,"texture":"#1"}}},{"from":[9.29,1.2298,6.538],"to":[8.344,0.2838,5.592],"shade":false,"rotation":{"angle":0,"axis":"y","origin":[15.31,-6.02,1.12]},"faces":{"north":{"uv":[6,4,8,2],"rotation":90,"texture":"#1"},"east":{"uv":[6,4,8,2],"rotation":270,"texture":"#1"},"south":{"uv":[6,4,8,2],"rotation":270,"texture":"#1"},"west":{"uv":[6,4,8,2],"rotation":270,"texture":"#1"},"up":{"uv":[6,4,8,2],"rotation":270,"texture":"#1"},"down":{"uv":[6,4,8,2],"rotation":270,"texture":"#1"}}},{"from":[9.376,5.891,4.947],"to":[9.892,6.407,5.463],"shade":false,"rotation":{"angle":0,"axis":"y","origin":[15.31,7.74,1.12]},"faces":{"north":{"uv":[10,16,8,14],"rotation":90,"texture":"#1"},"east":{"uv":[10,16,8,14],"rotation":270,"texture":"#1"},"south":{"uv":[10,16,8,14],"rotation":270,"texture":"#1"},"west":{"uv":[10,16,8,14],"rotation":270,"texture":"#1"},"up":{"uv":[10,16,8,14],"rotation":270,"texture":"#1"},"down":{"uv":[10,16,8,14],"rotation":270,"texture":"#1"}}},{"from":[10.107,6.622,5.678],"to":[9.161,5.676,4.732],"shade":false,"rotation":{"angle":0,"axis":"y","origin":[15.31,7.74,1.12]},"faces":{"north":{"uv":[12,16,10,14],"rotation":90,"texture":"#1"},"east":{"uv":[12,16,10,14],"rotation":270,"texture":"#1"},"south":{"uv":[12,16,10,14],"rotation":270,"texture":"#1"},"west":{"uv":[12,16,10,14],"rotation":270,"texture":"#1"},"up":{"uv":[12,16,10,14],"rotation":270,"texture":"#1"},"down":{"uv":[12,16,10,14],"rotation":270,"texture":"#1"}}},{"from":[9.0697,4.99285,4.474],"to":[9.6717,5.59485,5.076],"shade":false,"rotation":{"angle":0,"axis":"y","origin":[15.31,7.74,1.12]},"faces":{"north":{"uv":[10,14,8,12],"rotation":90,"texture":"#1"},"east":{"uv":[10,14,8,12],"rotation":270,"texture":"#1"},"south":{"uv":[10,14,8,12],"rotation":270,"texture":"#1"},"west":{"uv":[10,14,8,12],"rotation":270,"texture":"#1"},"up":{"uv":[10,14,8,12],"rotation":270,"texture":"#1"},"down":{"uv":[10,14,8,12],"rotation":270,"texture":"#1"}}},{"from":[9.9297,5.85285,5.334],"to":[8.8117,4.73485,4.216],"shade":false,"rotation":{"angle":0,"axis":"y","origin":[15.31,7.74,1.12]},"faces":{"north":{"uv":[12,14,10,12],"rotation":90,"texture":"#1"},"east":{"uv":[12,14,10,12],"rotation":270,"texture":"#1"},"south":{"uv":[12,14,10,12],"rotation":270,"texture":"#1"},"west":{"uv":[12,14,10,12],"rotation":270,"texture":"#1"},"up":{"uv":[12,14,10,12],"rotation":270,"texture":"#1"},"down":{"uv":[12,14,10,12],"rotation":270,"texture":"#1"}}},{"from":[8.645,4.00572,3.915],"to":[9.505,4.86572,4.775],"shade":false,"rotation":{"angle":0,"axis":"y","origin":[15.31,7.74,1.12]},"faces":{"north":{"uv":[10,12,8,10],"rotation":90,"texture":"#1"},"east":{"uv":[10,12,8,10],"rotation":270,"texture":"#1"},"south":{"uv":[10,12,8,10],"rotation":270,"texture":"#1"},"west":{"uv":[10,12,8,10],"rotation":270,"texture":"#1"},"up":{"uv":[10,12,8,10],"rotation":270,"texture":"#1"},"down":{"uv":[10,12,8,10],"rotation":270,"texture":"#1"}}},{"from":[9.72,5.08072,4.99],"to":[8.43,3.79072,3.7],"shade":false,"rotation":{"angle":0,"axis":"y","origin":[15.31,7.74,1.12]},"faces":{"north":{"uv":[12,12,10,10],"rotation":90,"texture":"#1"},"east":{"uv":[12,12,10,10],"rotation":270,"texture":"#1"},"south":{"uv":[12,12,10,10],"rotation":270,"texture":"#1"},"west":{"uv":[12,12,10,10],"rotation":270,"texture":"#1"},"up":{"uv":[12,12,10,10],"rotation":270,"texture":"#1"},"down":{"uv":[12,12,10,10],"rotation":270,"texture":"#1"}}},{"from":[8.344,3.14186,3.915],"to":[9.204,4.00186,4.775],"shade":false,"rotation":{"angle":0,"axis":"y","origin":[15.31,7.74,1.12]},"faces":{"north":{"uv":[10,10,8,8],"rotation":180,"texture":"#1"},"east":{"uv":[10,10,8,8],"rotation":180,"texture":"#1"},"south":{"uv":[10,10,8,8],"rotation":180,"texture":"#1"},"west":{"uv":[10,10,8,8],"rotation":180,"texture":"#1"},"up":{"uv":[10,10,8,8],"rotation":180,"texture":"#1"},"down":{"uv":[10,10,8,8],"rotation":180,"texture":"#1"}}},{"from":[9.42502,4.21686,4.99],"to":[8.13502,2.92686,3.7],"shade":false,"rotation":{"angle":0,"axis":"y","origin":[15.31,7.74,1.12]},"faces":{"north":{"uv":[12,10,10,8],"rotation":180,"texture":"#1"},"east":{"uv":[12,10,10,8],"rotation":180,"texture":"#1"},"south":{"uv":[12,10,10,8],"rotation":180,"texture":"#1"},"west":{"uv":[12,10,10,8],"rotation":180,"texture":"#1"},"up":{"uv":[12,10,10,8],"rotation":180,"texture":"#1"},"down":{"uv":[12,10,10,8],"rotation":180,"texture":"#1"}}},{"from":[8.043,2.279,4.56],"to":[8.903,3.139,5.42],"shade":false,"rotation":{"angle":0,"axis":"y","origin":[15.31,7.74,1.12]},"faces":{"north":{"uv":[10,8,8,6],"rotation":90,"texture":"#1"},"east":{"uv":[10,8,8,6],"rotation":270,"texture":"#1"},"south":{"uv":[10,8,8,6],"rotation":270,"texture":"#1"},"west":{"uv":[10,8,8,6],"rotation":270,"texture":"#1"},"up":{"uv":[10,8,8,6],"rotation":270,"texture":"#1"},"down":{"uv":[10,8,8,6],"rotation":270,"texture":"#1"}}},{"from":[9.118,3.354,5.635],"to":[7.828,2.064,4.345],"shade":false,"rotation":{"angle":0,"axis":"y","origin":[15.31,7.74,1.12]},"faces":{"north":{"uv":[12,8,10,6],"rotation":90,"texture":"#1"},"east":{"uv":[12,8,10,6],"rotation":270,"texture":"#1"},"south":{"uv":[12,8,10,6],"rotation":270,"texture":"#1"},"west":{"uv":[12,8,10,6],"rotation":270,"texture":"#1"},"up":{"uv":[12,8,10,6],"rotation":270,"texture":"#1"},"down":{"uv":[12,8,10,6],"rotation":270,"texture":"#1"}}},{"from":[7.90168,1.53244,5.334],"to":[8.50368,2.13444,5.936],"shade":false,"rotation":{"angle":0,"axis":"y","origin":[15.31,7.74,1.12]},"faces":{"north":{"uv":[10,6,8,4],"rotation":90,"texture":"#1"},"east":{"uv":[10,6,8,4],"rotation":270,"texture":"#1"},"south":{"uv":[10,6,8,4],"rotation":270,"texture":"#1"},"west":{"uv":[10,6,8,4],"rotation":270,"texture":"#1"},"up":{"uv":[10,6,8,4],"rotation":270,"texture":"#1"},"down":{"uv":[10,6,8,4],"rotation":270,"texture":"#1"}}},{"from":[8.76168,2.39244,6.194],"to":[7.64368,1.27444,5.076],"shade":false,"rotation":{"angle":0,"axis":"y","origin":[15.31,7.74,1.12]},"faces":{"north":{"uv":[12,6,10,4],"rotation":90,"texture":"#1"},"east":{"uv":[12,6,10,4],"rotation":270,"texture":"#1"},"south":{"uv":[12,6,10,4],"rotation":270,"texture":"#1"},"west":{"uv":[12,6,10,4],"rotation":270,"texture":"#1"},"up":{"uv":[12,6,10,4],"rotation":270,"texture":"#1"},"down":{"uv":[12,6,10,4],"rotation":270,"texture":"#1"}}},{"from":[7.699,0.7052,5.807],"to":[8.215,1.2212,6.323],"shade":false,"rotation":{"angle":0,"axis":"y","origin":[15.31,7.74,1.12]},"faces":{"north":{"uv":[10,4,8,2],"rotation":90,"texture":"#1"},"east":{"uv":[10,4,8,2],"rotation":270,"texture":"#1"},"south":{"uv":[10,4,8,2],"rotation":270,"texture":"#1"},"west":{"uv":[10,4,8,2],"rotation":270,"texture":"#1"},"up":{"uv":[10,4,8,2],"rotation":270,"texture":"#1"},"down":{"uv":[10,4,8,2],"rotation":270,"texture":"#1"}}},{"from":[8.43,1.4362,6.538],"to":[7.484,0.4902,5.592],"shade":false,"rotation":{"angle":0,"axis":"y","origin":[15.31,7.74,1.12]},"faces":{"north":{"uv":[12,4,10,2],"rotation":90,"texture":"#1"},"east":{"uv":[12,4,10,2],"rotation":270,"texture":"#1"},"south":{"uv":[12,4,10,2],"rotation":270,"texture":"#1"},"west":{"uv":[12,4,10,2],"rotation":270,"texture":"#1"},"up":{"uv":[12,4,10,2],"rotation":270,"texture":"#1"},"down":{"uv":[12,4,10,2],"rotation":270,"texture":"#1"}}},{"from":[5.248,5.891,10.537],"to":[5.764,6.407,11.053],"shade":false,"rotation":{"angle":0,"axis":"y","origin":[-5.33,7.74,14.88]},"faces":{"north":{"uv":[12,14,14,16],"rotation":90,"texture":"#1"},"east":{"uv":[14,16,12,14],"rotation":270,"texture":"#1"},"south":{"uv":[12,14,14,16],"rotation":270,"texture":"#1"},"west":{"uv":[14,16,12,14],"rotation":270,"texture":"#1"},"up":{"uv":[12,14,14,16],"rotation":270,"texture":"#1"},"down":{"uv":[12,14,14,16],"rotation":270,"texture":"#1"}}},{"from":[5.979,6.622,11.268],"to":[5.033,5.676,10.322],"shade":false,"rotation":{"angle":0,"axis":"y","origin":[-5.33,7.74,14.88]},"faces":{"north":{"uv":[14,14,16,16],"rotation":90,"texture":"#1"},"east":{"uv":[16,16,14,14],"rotation":270,"texture":"#1"},"south":{"uv":[14,14,16,16],"rotation":270,"texture":"#1"},"west":{"uv":[16,16,14,14],"rotation":270,"texture":"#1"},"up":{"uv":[14,14,16,16],"rotation":270,"texture":"#1"},"down":{"uv":[14,14,16,16],"rotation":270,"texture":"#1"}}},{"from":[5.4683,4.99285,10.924],"to":[6.0703,5.59485,11.526],"shade":false,"rotation":{"angle":0,"axis":"y","origin":[-5.33,7.74,14.88]},"faces":{"north":{"uv":[12,12,14,14],"rotation":90,"texture":"#1"},"east":{"uv":[14,14,12,12],"rotation":270,"texture":"#1"},"south":{"uv":[12,12,14,14],"rotation":270,"texture":"#1"},"west":{"uv":[14,14,12,12],"rotation":270,"texture":"#1"},"up":{"uv":[12,12,14,14],"rotation":270,"texture":"#1"},"down":{"uv":[12,12,14,14],"rotation":270,"texture":"#1"}}},{"from":[6.3283,5.85285,11.784],"to":[5.2103,4.73485,10.666],"shade":false,"rotation":{"angle":0,"axis":"y","origin":[-5.33,7.74,14.88]},"faces":{"north":{"uv":[14,12,16,14],"rotation":90,"texture":"#1"},"east":{"uv":[16,14,14,12],"rotation":270,"texture":"#1"},"south":{"uv":[14,12,16,14],"rotation":270,"texture":"#1"},"west":{"uv":[16,14,14,12],"rotation":270,"texture":"#1"},"up":{"uv":[14,12,16,14],"rotation":270,"texture":"#1"},"down":{"uv":[14,12,16,14],"rotation":270,"texture":"#1"}}},{"from":[5.635,4.00572,11.225],"to":[6.495,4.86572,12.085],"shade":false,"rotation":{"angle":0,"axis":"y","origin":[-5.33,7.74,14.88]},"faces":{"north":{"uv":[12,10,14,12],"rotation":90,"texture":"#1"},"east":{"uv":[14,12,12,10],"rotation":270,"texture":"#1"},"south":{"uv":[12,10,14,12],"rotation":270,"texture":"#1"},"west":{"uv":[14,12,12,10],"rotation":270,"texture":"#1"},"up":{"uv":[12,10,14,12],"rotation":270,"texture":"#1"},"down":{"uv":[12,10,14,12],"rotation":270,"texture":"#1"}}},{"from":[6.71,5.08072,12.3],"to":[5.42,3.79072,11.01],"shade":false,"rotation":{"angle":0,"axis":"y","origin":[-5.33,7.74,14.88]},"faces":{"north":{"uv":[14,10,16,12],"rotation":90,"texture":"#1"},"east":{"uv":[16,12,14,10],"rotation":270,"texture":"#1"},"south":{"uv":[14,10,16,12],"rotation":270,"texture":"#1"},"west":{"uv":[16,12,14,10],"rotation":270,"texture":"#1"},"up":{"uv":[14,10,16,12],"rotation":270,"texture":"#1"},"down":{"uv":[14,10,16,12],"rotation":270,"texture":"#1"}}},{"from":[5.936,3.14186,11.225],"to":[6.796,4.00186,12.085],"shade":false,"rotation":{"angle":0,"axis":"y","origin":[-5.33,7.74,14.88]},"faces":{"north":{"uv":[12,8,14,10],"texture":"#1"},"east":{"uv":[14,10,12,8],"rotation":180,"texture":"#1"},"south":{"uv":[12,8,14,10],"texture":"#1"},"west":{"uv":[14,10,12,8],"rotation":180,"texture":"#1"},"up":{"uv":[12,8,14,10],"rotation":180,"texture":"#1"},"down":{"uv":[12,8,14,10],"rotation":180,"texture":"#1"}}},{"from":[7.00498,4.21686,12.3],"to":[5.71498,2.92686,11.01],"shade":false,"rotation":{"angle":0,"axis":"y","origin":[-5.33,7.74,14.88]},"faces":{"north":{"uv":[14,8,16,10],"texture":"#1"},"east":{"uv":[16,10,14,8],"rotation":180,"texture":"#1"},"south":{"uv":[14,8,16,10],"texture":"#1"},"west":{"uv":[16,10,14,8],"rotation":180,"texture":"#1"},"up":{"uv":[14,8,16,10],"rotation":180,"texture":"#1"},"down":{"uv":[14,8,16,10],"rotation":180,"texture":"#1"}}},{"from":[6.237,2.279,10.58],"to":[7.097,3.139,11.44],"shade":false,"rotation":{"angle":0,"axis":"y","origin":[-5.33,7.74,14.88]},"faces":{"north":{"uv":[12,6,14,8],"rotation":90,"texture":"#1"},"east":{"uv":[14,8,12,6],"rotation":270,"texture":"#1"},"south":{"uv":[12,6,14,8],"rotation":270,"texture":"#1"},"west":{"uv":[14,8,12,6],"rotation":270,"texture":"#1"},"up":{"uv":[12,6,14,8],"rotation":270,"texture":"#1"},"down":{"uv":[12,6,14,8],"rotation":270,"texture":"#1"}}},{"from":[7.312,3.354,11.655],"to":[6.022,2.064,10.365],"shade":false,"rotation":{"angle":0,"axis":"y","origin":[-5.33,7.74,14.88]},"faces":{"north":{"uv":[14,6,16,8],"rotation":90,"texture":"#1"},"east":{"uv":[16,8,14,6],"rotation":270,"texture":"#1"},"south":{"uv":[14,6,16,8],"rotation":270,"texture":"#1"},"west":{"uv":[16,8,14,6],"rotation":270,"texture":"#1"},"up":{"uv":[14,6,16,8],"rotation":270,"texture":"#1"},"down":{"uv":[14,6,16,8],"rotation":270,"texture":"#1"}}},{"from":[6.63632,1.53244,10.064],"to":[7.23832,2.13444,10.666],"shade":false,"rotation":{"angle":0,"axis":"y","origin":[-5.33,7.74,14.88]},"faces":{"north":{"uv":[12,4,14,6],"rotation":90,"texture":"#1"},"east":{"uv":[14,6,12,4],"rotation":270,"texture":"#1"},"south":{"uv":[12,4,14,6],"rotation":270,"texture":"#1"},"west":{"uv":[14,6,12,4],"rotation":270,"texture":"#1"},"up":{"uv":[12,4,14,6],"rotation":270,"texture":"#1"},"down":{"uv":[12,4,14,6],"rotation":270,"texture":"#1"}}},{"from":[7.49632,2.39244,10.924],"to":[6.37832,1.27444,9.806],"shade":false,"rotation":{"angle":0,"axis":"y","origin":[-5.33,7.74,14.88]},"faces":{"north":{"uv":[14,4,16,6],"rotation":90,"texture":"#1"},"east":{"uv":[16,6,14,4],"rotation":270,"texture":"#1"},"south":{"uv":[14,4,16,6],"rotation":270,"texture":"#1"},"west":{"uv":[16,6,14,4],"rotation":270,"texture":"#1"},"up":{"uv":[14,4,16,6],"rotation":270,"texture":"#1"},"down":{"uv":[14,4,16,6],"rotation":270,"texture":"#1"}}},{"from":[6.925,0.7052,9.677],"to":[7.441,1.2212,10.193],"shade":false,"rotation":{"angle":0,"axis":"y","origin":[-5.33,7.74,14.88]},"faces":{"north":{"uv":[12,2,14,4],"rotation":90,"texture":"#1"},"east":{"uv":[14,4,12,2],"rotation":270,"texture":"#1"},"south":{"uv":[12,2,14,4],"rotation":270,"texture":"#1"},"west":{"uv":[14,4,12,2],"rotation":270,"texture":"#1"},"up":{"uv":[12,2,14,4],"rotation":270,"texture":"#1"},"down":{"uv":[12,2,14,4],"rotation":270,"texture":"#1"}}},{"from":[7.656,1.4362,10.408],"to":[6.71,0.4902,9.462],"shade":false,"rotation":{"angle":0,"axis":"y","origin":[-5.33,7.74,14.88]},"faces":{"north":{"uv":[14,2,16,4],"rotation":90,"texture":"#1"},"east":{"uv":[16,4,14,2],"rotation":270,"texture":"#1"},"south":{"uv":[14,2,16,4],"rotation":270,"texture":"#1"},"west":{"uv":[16,4,14,2],"rotation":270,"texture":"#1"},"up":{"uv":[14,2,16,4],"rotation":270,"texture":"#1"},"down":{"uv":[14,2,16,4],"rotation":270,"texture":"#1"}}},{"from":[10.236,5.891,10.537],"to":[10.752,6.407,11.053],"shade":false,"rotation":{"angle":0,"axis":"y","origin":[15.31,7.74,14.88]},"faces":{"north":{"uv":[8,16,10,14],"rotation":90,"texture":"#1"},"east":{"uv":[10,14,8,16],"rotation":270,"texture":"#1"},"south":{"uv":[8,16,10,14],"rotation":270,"texture":"#1"},"west":{"uv":[10,14,8,16],"rotation":270,"texture":"#1"},"up":{"uv":[8,16,10,14],"rotation":270,"texture":"#1"},"down":{"uv":[8,16,10,14],"rotation":270,"texture":"#1"}}},{"from":[10.967,6.622,11.268],"to":[10.021,5.676,10.322],"shade":false,"rotation":{"angle":0,"axis":"y","origin":[15.31,7.74,14.88]},"faces":{"north":{"uv":[10,16,12,14],"rotation":90,"texture":"#1"},"east":{"uv":[12,14,10,16],"rotation":270,"texture":"#1"},"south":{"uv":[10,16,12,14],"rotation":270,"texture":"#1"},"west":{"uv":[12,14,10,16],"rotation":270,"texture":"#1"},"up":{"uv":[10,16,12,14],"rotation":270,"texture":"#1"},"down":{"uv":[10,16,12,14],"rotation":270,"texture":"#1"}}},{"from":[9.9297,4.99285,10.924],"to":[10.5317,5.59485,11.526],"shade":false,"rotation":{"angle":0,"axis":"y","origin":[15.31,7.74,14.88]},"faces":{"north":{"uv":[8,14,10,12],"rotation":90,"texture":"#1"},"east":{"uv":[10,12,8,14],"rotation":270,"texture":"#1"},"south":{"uv":[8,14,10,12],"rotation":270,"texture":"#1"},"west":{"uv":[10,12,8,14],"rotation":270,"texture":"#1"},"up":{"uv":[8,14,10,12],"rotation":270,"texture":"#1"},"down":{"uv":[8,14,10,12],"rotation":270,"texture":"#1"}}},{"from":[10.7897,5.85285,11.784],"to":[9.6717,4.73485,10.666],"shade":false,"rotation":{"angle":0,"axis":"y","origin":[15.31,7.74,14.88]},"faces":{"north":{"uv":[10,14,12,12],"rotation":90,"texture":"#1"},"east":{"uv":[12,12,10,14],"rotation":270,"texture":"#1"},"south":{"uv":[10,14,12,12],"rotation":270,"texture":"#1"},"west":{"uv":[12,12,10,14],"rotation":270,"texture":"#1"},"up":{"uv":[10,14,12,12],"rotation":270,"texture":"#1"},"down":{"uv":[10,14,12,12],"rotation":270,"texture":"#1"}}},{"from":[9.505,4.00572,11.225],"to":[10.365,4.86572,12.085],"shade":false,"rotation":{"angle":0,"axis":"y","origin":[15.31,7.74,14.88]},"faces":{"north":{"uv":[8,12,10,10],"rotation":90,"texture":"#1"},"east":{"uv":[10,10,8,12],"rotation":270,"texture":"#1"},"south":{"uv":[8,12,10,10],"rotation":270,"texture":"#1"},"west":{"uv":[10,10,8,12],"rotation":270,"texture":"#1"},"up":{"uv":[8,12,10,10],"rotation":270,"texture":"#1"},"down":{"uv":[8,12,10,10],"rotation":270,"texture":"#1"}}},{"from":[10.58,5.08072,12.3],"to":[9.29,3.79072,11.01],"shade":false,"rotation":{"angle":0,"axis":"y","origin":[15.31,7.74,14.88]},"faces":{"north":{"uv":[10,12,12,10],"rotation":90,"texture":"#1"},"east":{"uv":[12,10,10,12],"rotation":270,"texture":"#1"},"south":{"uv":[10,12,12,10],"rotation":270,"texture":"#1"},"west":{"uv":[12,10,10,12],"rotation":270,"texture":"#1"},"up":{"uv":[10,12,12,10],"rotation":270,"texture":"#1"},"down":{"uv":[10,12,12,10],"rotation":270,"texture":"#1"}}},{"from":[9.204,3.14186,11.225],"to":[10.064,4.00186,12.085],"shade":false,"rotation":{"angle":0,"axis":"y","origin":[15.31,7.74,14.88]},"faces":{"north":{"uv":[10,8,8,10],"texture":"#1"},"east":{"uv":[8,10,10,8],"rotation":180,"texture":"#1"},"south":{"uv":[10,8,8,10],"texture":"#1"},"west":{"uv":[8,10,10,8],"rotation":180,"texture":"#1"},"up":{"uv":[10,8,8,10],"rotation":180,"texture":"#1"},"down":{"uv":[10,8,8,10],"rotation":180,"texture":"#1"}}},{"from":[10.28502,4.21686,12.3],"to":[8.99502,2.92686,11.01],"shade":false,"rotation":{"angle":0,"axis":"y","origin":[15.31,7.74,14.88]},"faces":{"north":{"uv":[12,8,10,10],"texture":"#1"},"east":{"uv":[10,10,12,8],"rotation":180,"texture":"#1"},"south":{"uv":[12,8,10,10],"texture":"#1"},"west":{"uv":[10,10,12,8],"rotation":180,"texture":"#1"},"up":{"uv":[12,8,10,10],"rotation":180,"texture":"#1"},"down":{"uv":[12,8,10,10],"rotation":180,"texture":"#1"}}},{"from":[8.903,2.279,10.58],"to":[9.763,3.139,11.44],"shade":false,"rotation":{"angle":0,"axis":"y","origin":[15.31,7.74,14.88]},"faces":{"north":{"uv":[8,8,10,6],"rotation":90,"texture":"#1"},"east":{"uv":[10,6,8,8],"rotation":270,"texture":"#1"},"south":{"uv":[8,8,10,6],"rotation":270,"texture":"#1"},"west":{"uv":[10,6,8,8],"rotation":270,"texture":"#1"},"up":{"uv":[8,8,10,6],"rotation":270,"texture":"#1"},"down":{"uv":[8,8,10,6],"rotation":270,"texture":"#1"}}},{"from":[9.978,3.354,11.655],"to":[8.688,2.064,10.365],"shade":false,"rotation":{"angle":0,"axis":"y","origin":[15.31,7.74,14.88]},"faces":{"north":{"uv":[10,8,12,6],"rotation":90,"texture":"#1"},"east":{"uv":[12,6,10,8],"rotation":270,"texture":"#1"},"south":{"uv":[10,8,12,6],"rotation":270,"texture":"#1"},"west":{"uv":[12,6,10,8],"rotation":270,"texture":"#1"},"up":{"uv":[10,8,12,6],"rotation":270,"texture":"#1"},"down":{"uv":[10,8,12,6],"rotation":270,"texture":"#1"}}},{"from":[8.76168,1.53244,10.064],"to":[9.36368,2.13444,10.666],"shade":false,"rotation":{"angle":0,"axis":"y","origin":[15.31,7.74,14.88]},"faces":{"north":{"uv":[8,6,10,4],"rotation":90,"texture":"#1"},"east":{"uv":[10,4,8,6],"rotation":270,"texture":"#1"},"south":{"uv":[8,6,10,4],"rotation":270,"texture":"#1"},"west":{"uv":[10,4,8,6],"rotation":270,"texture":"#1"},"up":{"uv":[8,6,10,4],"rotation":270,"texture":"#1"},"down":{"uv":[8,6,10,4],"rotation":270,"texture":"#1"}}},{"from":[9.62168,2.39244,10.924],"to":[8.50368,1.27444,9.806],"shade":false,"rotation":{"angle":0,"axis":"y","origin":[15.31,7.74,14.88]},"faces":{"north":{"uv":[10,6,12,4],"rotation":90,"texture":"#1"},"east":{"uv":[12,4,10,6],"rotation":270,"texture":"#1"},"south":{"uv":[10,6,12,4],"rotation":270,"texture":"#1"},"west":{"uv":[12,4,10,6],"rotation":270,"texture":"#1"},"up":{"uv":[10,6,12,4],"rotation":270,"texture":"#1"},"down":{"uv":[10,6,12,4],"rotation":270,"texture":"#1"}}},{"from":[8.559,0.7052,9.677],"to":[9.075,1.2212,10.193],"shade":false,"rotation":{"angle":0,"axis":"y","origin":[15.31,7.74,14.88]},"faces":{"north":{"uv":[8,4,10,2],"rotation":90,"texture":"#1"},"east":{"uv":[10,2,8,4],"rotation":270,"texture":"#1"},"south":{"uv":[8,4,10,2],"rotation":270,"texture":"#1"},"west":{"uv":[10,2,8,4],"rotation":270,"texture":"#1"},"up":{"uv":[8,4,10,2],"rotation":270,"texture":"#1"},"down":{"uv":[8,4,10,2],"rotation":270,"texture":"#1"}}},{"from":[9.29,1.4362,10.408],"to":[8.344,0.4902,9.462],"shade":false,"rotation":{"angle":0,"axis":"y","origin":[15.31,7.74,14.88]},"faces":{"north":{"uv":[10,4,12,2],"rotation":90,"texture":"#1"},"east":{"uv":[12,2,10,4],"rotation":270,"texture":"#1"},"south":{"uv":[10,4,12,2],"rotation":270,"texture":"#1"},"west":{"uv":[12,2,10,4],"rotation":270,"texture":"#1"},"up":{"uv":[10,4,12,2],"rotation":270,"texture":"#1"},"down":{"uv":[10,4,12,2],"rotation":270,"texture":"#1"}}},{"from":[9.376,-4.687,10.537],"to":[9.892,-4.171,11.053],"shade":false,"rotation":{"angle":0,"axis":"y","origin":[15.31,-6.02,14.88]},"faces":{"north":{"uv":[6,16,4,14],"rotation":90,"texture":"#1"},"east":{"uv":[4,14,6,16],"rotation":270,"texture":"#1"},"south":{"uv":[6,16,4,14],"rotation":270,"texture":"#1"},"west":{"uv":[4,14,6,16],"rotation":270,"texture":"#1"},"up":{"uv":[6,16,4,14],"rotation":270,"texture":"#1"},"down":{"uv":[6,16,4,14],"rotation":270,"texture":"#1"}}},{"from":[10.107,-3.956,11.268],"to":[9.161,-4.902,10.322],"shade":false,"rotation":{"angle":0,"axis":"y","origin":[15.31,-6.02,14.88]},"faces":{"north":{"uv":[8,16,6,14],"rotation":90,"texture":"#1"},"east":{"uv":[6,14,8,16],"rotation":270,"texture":"#1"},"south":{"uv":[8,16,6,14],"rotation":270,"texture":"#1"},"west":{"uv":[6,14,8,16],"rotation":270,"texture":"#1"},"up":{"uv":[8,16,6,14],"rotation":270,"texture":"#1"},"down":{"uv":[8,16,6,14],"rotation":270,"texture":"#1"}}},{"from":[9.0697,-3.87485,10.924],"to":[9.6717,-3.27285,11.526],"shade":false,"rotation":{"angle":0,"axis":"y","origin":[15.31,-6.02,14.88]},"faces":{"north":{"uv":[6,14,4,12],"rotation":90,"texture":"#1"},"east":{"uv":[4,12,6,14],"rotation":270,"texture":"#1"},"south":{"uv":[6,14,4,12],"rotation":270,"texture":"#1"},"west":{"uv":[4,12,6,14],"rotation":270,"texture":"#1"},"up":{"uv":[6,14,4,12],"rotation":270,"texture":"#1"},"down":{"uv":[6,14,4,12],"rotation":270,"texture":"#1"}}},{"from":[9.9297,-3.01485,11.784],"to":[8.8117,-4.13285,10.666],"shade":false,"rotation":{"angle":0,"axis":"y","origin":[15.31,-6.02,14.88]},"faces":{"north":{"uv":[8,14,6,12],"rotation":90,"texture":"#1"},"east":{"uv":[6,12,8,14],"rotation":270,"texture":"#1"},"south":{"uv":[8,14,6,12],"rotation":270,"texture":"#1"},"west":{"uv":[6,12,8,14],"rotation":270,"texture":"#1"},"up":{"uv":[8,14,6,12],"rotation":270,"texture":"#1"},"down":{"uv":[8,14,6,12],"rotation":270,"texture":"#1"}}},{"from":[8.645,-3.14572,11.225],"to":[9.505,-2.28572,12.085],"shade":false,"rotation":{"angle":0,"axis":"y","origin":[15.31,-6.02,14.88]},"faces":{"north":{"uv":[6,12,4,10],"rotation":90,"texture":"#1"},"east":{"uv":[4,10,6,12],"rotation":270,"texture":"#1"},"south":{"uv":[6,12,4,10],"rotation":270,"texture":"#1"},"west":{"uv":[4,10,6,12],"rotation":270,"texture":"#1"},"up":{"uv":[6,12,4,10],"rotation":270,"texture":"#1"},"down":{"uv":[6,12,4,10],"rotation":270,"texture":"#1"}}},{"from":[9.72,-2.07072,12.3],"to":[8.43,-3.36072,11.01],"shade":false,"rotation":{"angle":0,"axis":"y","origin":[15.31,-6.02,14.88]},"faces":{"north":{"uv":[8,12,6,10],"rotation":90,"texture":"#1"},"east":{"uv":[6,10,8,12],"rotation":270,"texture":"#1"},"south":{"uv":[8,12,6,10],"rotation":270,"texture":"#1"},"west":{"uv":[6,10,8,12],"rotation":270,"texture":"#1"},"up":{"uv":[8,12,6,10],"rotation":270,"texture":"#1"},"down":{"uv":[8,12,6,10],"rotation":270,"texture":"#1"}}},{"from":[8.344,-2.28186,11.225],"to":[9.204,-1.42186,12.085],"shade":false,"rotation":{"angle":0,"axis":"y","origin":[15.31,-6.02,14.88]},"faces":{"north":{"uv":[6,10,4,8],"texture":"#1"},"east":{"uv":[4,8,6,10],"rotation":180,"texture":"#1"},"south":{"uv":[6,10,4,8],"texture":"#1"},"west":{"uv":[4,8,6,10],"rotation":180,"texture":"#1"},"up":{"uv":[6,10,4,8],"rotation":180,"texture":"#1"},"down":{"uv":[6,10,4,8],"rotation":180,"texture":"#1"}}},{"from":[9.42502,-1.20686,12.3],"to":[8.13502,-2.49686,11.01],"shade":false,"rotation":{"angle":0,"axis":"y","origin":[15.31,-6.02,14.88]},"faces":{"north":{"uv":[8,10,6,8],"texture":"#1"},"east":{"uv":[6,8,8,10],"rotation":180,"texture":"#1"},"south":{"uv":[8,10,6,8],"texture":"#1"},"west":{"uv":[6,8,8,10],"rotation":180,"texture":"#1"},"up":{"uv":[8,10,6,8],"rotation":180,"texture":"#1"},"down":{"uv":[8,10,6,8],"rotation":180,"texture":"#1"}}},{"from":[8.043,-1.419,10.58],"to":[8.903,-0.559,11.44],"shade":false,"rotation":{"angle":0,"axis":"y","origin":[15.31,-6.02,14.88]},"faces":{"north":{"uv":[6,8,4,6],"rotation":90,"texture":"#1"},"east":{"uv":[4,6,6,8],"rotation":270,"texture":"#1"},"south":{"uv":[6,8,4,6],"rotation":270,"texture":"#1"},"west":{"uv":[4,6,6,8],"rotation":270,"texture":"#1"},"up":{"uv":[6,8,4,6],"rotation":270,"texture":"#1"},"down":{"uv":[6,8,4,6],"rotation":270,"texture":"#1"}}},{"from":[9.118,-0.344,11.655],"to":[7.828,-1.634,10.365],"shade":false,"rotation":{"angle":0,"axis":"y","origin":[15.31,-6.02,14.88]},"faces":{"north":{"uv":[8,8,6,6],"rotation":90,"texture":"#1"},"east":{"uv":[6,6,8,8],"rotation":270,"texture":"#1"},"south":{"uv":[8,8,6,6],"rotation":270,"texture":"#1"},"west":{"uv":[6,6,8,8],"rotation":270,"texture":"#1"},"up":{"uv":[8,8,6,6],"rotation":270,"texture":"#1"},"down":{"uv":[8,8,6,6],"rotation":270,"texture":"#1"}}},{"from":[7.90168,-0.41444,10.064],"to":[8.50368,0.18756,10.666],"shade":false,"rotation":{"angle":0,"axis":"y","origin":[15.31,-6.02,14.88]},"faces":{"north":{"uv":[6,6,4,4],"rotation":90,"texture":"#1"},"east":{"uv":[4,4,6,6],"rotation":270,"texture":"#1"},"south":{"uv":[6,6,4,4],"rotation":270,"texture":"#1"},"west":{"uv":[4,4,6,6],"rotation":270,"texture":"#1"},"up":{"uv":[6,6,4,4],"rotation":270,"texture":"#1"},"down":{"uv":[6,6,4,4],"rotation":270,"texture":"#1"}}},{"from":[8.76168,0.44556,10.924],"to":[7.64368,-0.67244,9.806],"shade":false,"rotation":{"angle":0,"axis":"y","origin":[15.31,-6.02,14.88]},"faces":{"north":{"uv":[8,6,6,4],"rotation":90,"texture":"#1"},"east":{"uv":[6,4,8,6],"rotation":270,"texture":"#1"},"south":{"uv":[8,6,6,4],"rotation":270,"texture":"#1"},"west":{"uv":[6,4,8,6],"rotation":270,"texture":"#1"},"up":{"uv":[8,6,6,4],"rotation":270,"texture":"#1"},"down":{"uv":[8,6,6,4],"rotation":270,"texture":"#1"}}},{"from":[7.699,0.4988,9.677],"to":[8.215,1.0148,10.193],"shade":false,"rotation":{"angle":0,"axis":"y","origin":[15.31,-6.02,14.88]},"faces":{"north":{"uv":[6,4,4,2],"rotation":90,"texture":"#1"},"east":{"uv":[4,2,6,4],"rotation":270,"texture":"#1"},"south":{"uv":[6,4,4,2],"rotation":270,"texture":"#1"},"west":{"uv":[4,2,6,4],"rotation":270,"texture":"#1"},"up":{"uv":[6,4,4,2],"rotation":270,"texture":"#1"},"down":{"uv":[6,4,4,2],"rotation":270,"texture":"#1"}}},{"from":[8.43,1.2298,10.408],"to":[7.484,0.2838,9.462],"shade":false,"rotation":{"angle":0,"axis":"y","origin":[15.31,-6.02,14.88]},"faces":{"north":{"uv":[8,4,6,2],"rotation":90,"texture":"#1"},"east":{"uv":[6,2,8,4],"rotation":270,"texture":"#1"},"south":{"uv":[8,4,6,2],"rotation":270,"texture":"#1"},"west":{"uv":[6,2,8,4],"rotation":270,"texture":"#1"},"up":{"uv":[8,4,6,2],"rotation":270,"texture":"#1"},"down":{"uv":[8,4,6,2],"rotation":270,"texture":"#1"}}}],"gui_light":"front","display":{"thirdperson_righthand":{"rotation":[0,90,0],"translation":[0,6.25,1.5],"scale":[0.58477,0.58477,0.58477]},"thirdperson_lefthand":{"rotation":[0,-90,0],"translation":[0,6.25,1.5],"scale":[0.58477,0.58477,0.58477]},"firstperson_righthand":{"rotation":[-31.25,90,0],"translation":[2.75,5.25,0],"scale":[0.375,0.375,0.375]},"firstperson_lefthand":{"rotation":[-31.25,-90,0],"translation":[2.75,5.25,0],"scale":[0.375,0.375,0.375]},"ground":{"rotation":[0,0,-45],"translation":[0,6,0],"scale":[0.4,0.4,0.4]},"gui":{"rotation":[0,0,-45],"scale":[0.42383,0.42383,0.42383]},"head":{"scale":[0,0,0]},"fixed":{"translation":[0,0,-3.25],"scale":[1.45664,1.45664,1.45664]}}}