{"credit":"by w11shes","texture_size":[64,64],"textures":{"0":"elitecreatures:demonic_weapon_assortment/demonic_helmet","1":"elitecreatures:demonic_weapon_assortment/demonic_particle","particle":"elitecreatures:demonic_weapon_assortment/demonic_helmet"},"elements":[{"from":[3,0,3],"to":[13,11,13],"rotation":{"angle":0,"axis":"y","origin":[0,-1,0]},"faces":{"north":{"uv":[0,0,2.5,2.75],"texture":"#0"},"east":{"uv":[2.5,2.75,0,5.5],"texture":"#0"},"south":{"uv":[2.5,0,5,2.75],"texture":"#0"},"west":{"uv":[0,2.75,2.5,5.5],"texture":"#0"},"up":{"uv":[5,5.25,2.5,2.75],"texture":"#0"}}},{"from":[13,11,13],"to":[3,0,3],"rotation":{"angle":0,"axis":"y","origin":[6,1,6]},"faces":{"north":{"uv":[2.5,2.75,5,0],"texture":"#0"},"east":{"uv":[0,5.5,2.5,2.75],"texture":"#0"},"south":{"uv":[0,2.75,2.5,0],"texture":"#0"},"west":{"uv":[2.5,5.5,0,2.75],"texture":"#0"},"down":{"uv":[2.5,5.25,5,2.75],"texture":"#0"}}},{"from":[7,5.5,0.98],"to":[13,11.5,2.98],"rotation":{"angle":45,"axis":"z","origin":[8,6.5,3]},"faces":{"north":{"uv":[4.25,6,5.75,7.5],"texture":"#0"},"east":{"uv":[8.5,3.75,9,5.25],"texture":"#0"},"south":{"uv":[5.75,6,7.25,7.5],"texture":"#0"},"west":{"uv":[8.25,0.75,8.75,2.25],"texture":"#0"},"up":{"uv":[3.25,9.25,1.75,8.75],"texture":"#0"},"down":{"uv":[9.75,2.75,8.25,3.25],"texture":"#0"}}},{"from":[15,10.67157,2.98],"to":[9,4.67157,0.98],"rotation":{"angle":45,"axis":"z","origin":[8,3.67157,-10.04]},"faces":{"north":{"uv":[5.75,7.5,7.25,6],"texture":"#0"},"east":{"uv":[8.25,2.25,8.75,0.75],"texture":"#0"},"south":{"uv":[4.25,7.5,5.75,6],"texture":"#0"},"west":{"uv":[8.5,5.25,9,3.75],"texture":"#0"},"up":{"uv":[8.25,2.75,9.75,3.25],"texture":"#0"},"down":{"uv":[1.75,9.25,3.25,8.75],"texture":"#0"}}},{"from":[9,7.5,2.98],"to":[15,13.5,5.98],"rotation":{"angle":45,"axis":"z","origin":[8,6.5,2.98]},"faces":{"north":{"uv":[6.75,0.75,8.25,2.25],"texture":"#0"},"east":{"uv":[6.5,7.5,7.25,9],"texture":"#0"},"south":{"uv":[6.75,2.25,8.25,3.75],"texture":"#0"},"west":{"uv":[3.25,8.25,4,9.75],"texture":"#0"},"up":{"uv":[9.75,9,8.25,8.25],"texture":"#0"},"down":{"uv":[1.5,8.5,0,9.25],"texture":"#0"}}},{"from":[1,7.9,1.98],"to":[8,10.9,14.02],"rotation":{"angle":22.5,"axis":"z","origin":[8,10.9,0]},"faces":{"north":{"uv":[8.3,5.25,10,6],"texture":"#0"},"south":{"uv":[8.25,6,9.95,6.75],"texture":"#0"},"west":{"uv":[6.75,0,9.75,0.75],"texture":"#0"},"up":{"uv":[6.75,3,5.05,0],"texture":"#0"},"down":{"uv":[6.75,3,5.05,6],"texture":"#0"}}},{"from":[8,7.9,2],"to":[15,10.9,14],"rotation":{"angle":-22.5,"axis":"z","origin":[8,10.9,0]},"faces":{"north":{"uv":[8.25,6.75,10,7.5],"texture":"#0"},"east":{"uv":[6.75,0,9.75,0.75],"texture":"#0"},"south":{"uv":[8.25,7.5,10,8.25],"texture":"#0"},"up":{"uv":[4.25,8.25,2.5,5.25],"texture":"#0"},"down":{"uv":[1.75,5.5,0,8.5],"texture":"#0"}}},{"from":[3,-2,3],"to":[8,4,3.05],"rotation":{"angle":45,"axis":"y","origin":[3,0,3]},"faces":{"north":{"uv":[6.75,3.75,8,5.25],"texture":"#0"},"south":{"uv":[8,3.75,6.75,5.25],"texture":"#0"}}},{"from":[8,-2,3],"to":[13,4,3.05],"rotation":{"angle":-45,"axis":"y","origin":[13,0,3]},"faces":{"north":{"uv":[8,3.75,6.75,5.25],"texture":"#0"},"south":{"uv":[6.75,3.75,8,5.25],"texture":"#0"}}},{"from":[5.59223,6.84064,7],"to":[9.59223,13.84064,11],"rotation":{"angle":22.5,"axis":"z","origin":[-0.40777,-0.15936,9]},"faces":{"north":{"uv":[7.25,5.25,8.25,7],"texture":"#0"},"east":{"uv":[7.25,7,8.25,8.75],"texture":"#0"},"south":{"uv":[8.25,5.25,7.25,7],"texture":"#0"},"west":{"uv":[4.25,7.5,5.25,9.25],"texture":"#0"},"up":{"uv":[6.25,9.75,5.25,8.75],"texture":"#0"}}},{"from":[-0.1712,15.40915,8],"to":[2.8288,21.40915,10],"rotation":{"angle":-45,"axis":"z","origin":[0.31913,14.37762,7]},"faces":{"north":{"uv":[1.75,5.5,2.5,7],"texture":"#0"},"east":{"uv":[7.25,8.75,7.75,10.25],"texture":"#0"},"south":{"uv":[2.5,5.5,1.75,7],"texture":"#0"},"west":{"uv":[7.75,8.75,8.25,10.25],"texture":"#0"},"up":{"uv":[5,5.75,4.25,5.25],"texture":"#0"}}},{"from":[1.60157,18.07506,9],"to":[6.60157,23.07506,9.05],"rotation":{"angle":0,"axis":"y","origin":[0.31913,14.37762,7]},"faces":{"north":{"uv":[5.25,7.5,6.5,8.75],"texture":"#0"},"south":{"uv":[6.5,7.5,5.25,8.75],"texture":"#0"}}},{"from":[6.40777,6.84064,7],"to":[10.40777,13.84064,11],"rotation":{"angle":-22.5,"axis":"z","origin":[16.40777,-0.15936,9]},"faces":{"north":{"uv":[8.25,5.25,7.25,7],"texture":"#0"},"east":{"uv":[5.25,7.5,4.25,9.25],"texture":"#0"},"south":{"uv":[7.25,5.25,8.25,7],"texture":"#0"},"west":{"uv":[8.25,7,7.25,8.75],"texture":"#0"},"up":{"uv":[5.25,9.75,6.25,8.75],"texture":"#0"}}},{"from":[13.1712,15.40915,8],"to":[16.1712,21.40915,10],"rotation":{"angle":45,"axis":"z","origin":[15.68087,14.37762,7]},"faces":{"north":{"uv":[2.5,5.5,1.75,7],"texture":"#0"},"east":{"uv":[8.25,8.75,7.75,10.25],"texture":"#0"},"south":{"uv":[1.75,5.5,2.5,7],"texture":"#0"},"west":{"uv":[7.75,8.75,7.25,10.25],"texture":"#0"},"up":{"uv":[4.25,5.75,5,5.25],"texture":"#0"}}},{"from":[9.39843,18.07506,9],"to":[14.39843,23.07506,9.05],"rotation":{"angle":0,"axis":"y","origin":[15.68087,14.37762,7]},"faces":{"north":{"uv":[6.5,7.5,5.25,8.75],"texture":"#0"},"south":{"uv":[5.25,7.5,6.5,8.75],"texture":"#0"}}},{"from":[7.5,7.85,1.15],"to":[8.5,10.85,2.15],"rotation":{"angle":0,"axis":"y","origin":[0,4.85,1.65]},"faces":{"north":{"uv":[9.75,0,10.25,0.5],"texture":"#0"},"east":{"uv":[9.75,0,10.25,0.5],"texture":"#0"},"south":{"uv":[9.75,0,10.25,0.5],"texture":"#0"},"west":{"uv":[9.75,0,10.25,0.5],"texture":"#0"}}},{"from":[7.79289,10.85,1.13],"to":[8.5,11.55711,2.17],"rotation":{"angle":45,"axis":"z","origin":[8.5,10.85,2.15]},"faces":{"north":{"uv":[9.75,0.5,10.25,1],"texture":"#0"},"east":{"uv":[9.75,0.5,10.25,1],"texture":"#0"},"south":{"uv":[9.75,0.5,10.25,1],"texture":"#0"},"up":{"uv":[9.75,0.5,10.25,1],"texture":"#0"}}},{"from":[7.79289,7.14289,1.13],"to":[8.5,7.85,2.17],"rotation":{"angle":-45,"axis":"z","origin":[8.5,7.85,2.17]},"faces":{"north":{"uv":[9.75,1,10.25,0.5],"texture":"#0"},"east":{"uv":[9.75,1,10.25,0.5],"texture":"#0"},"south":{"uv":[9.75,1,10.25,0.5],"texture":"#0"},"down":{"uv":[9.75,1,10.25,0.5],"texture":"#0"}}},{"from":[8.41421,8.93579,2.65],"to":[6.41421,6.93579,0.65],"rotation":{"angle":45,"axis":"z","origin":[6,9.35,-1.35]},"faces":{"north":{"uv":[9.75,1,10.25,1.5],"texture":"#0"},"east":{"uv":[9.75,1,10.25,1.5],"texture":"#0"},"south":{"uv":[9.75,1,10.25,1.5],"texture":"#0"},"west":{"uv":[9.75,1,10.25,1.5],"texture":"#0"},"up":{"uv":[9.75,1,10.25,1.5],"texture":"#0"},"down":{"uv":[9.75,1,10.25,1.5],"texture":"#0"}}},{"from":[9.21421,9.73579,2.95],"to":[5.61421,6.13579,0.35],"rotation":{"angle":45,"axis":"z","origin":[6,9.35,-1.35]},"faces":{"north":{"uv":[9.75,1.5,10.25,2],"texture":"#0"},"east":{"uv":[9.75,1.5,10.25,2],"texture":"#0"},"south":{"uv":[9.75,1.5,10.25,2],"texture":"#0"},"west":{"uv":[9.75,1.5,10.25,2],"texture":"#0"},"up":{"uv":[9.75,1.5,10.25,2],"texture":"#0"},"down":{"uv":[9.75,1.5,10.25,2],"texture":"#0"}}},{"from":[1.55,12.1,-1.05],"to":[2.15,12.7,-0.45],"shade":false,"rotation":{"angle":0,"axis":"y","origin":[0,18,0]},"faces":{"north":{"uv":[0,14,2,16],"texture":"#1"},"east":{"uv":[0,14,2,16],"texture":"#1"},"south":{"uv":[0,14,2,16],"texture":"#1"},"west":{"uv":[0,14,2,16],"texture":"#1"},"up":{"uv":[0,14,2,16],"texture":"#1"},"down":{"uv":[0,14,2,16],"texture":"#1"}}},{"from":[2.4,12.95,-0.2],"to":[1.3,11.85,-1.3],"shade":false,"rotation":{"angle":0,"axis":"y","origin":[0,18,0]},"faces":{"north":{"uv":[2,14,4,16],"texture":"#1"},"east":{"uv":[2,14,4,16],"texture":"#1"},"south":{"uv":[2,14,4,16],"texture":"#1"},"west":{"uv":[2,14,4,16],"texture":"#1"},"up":{"uv":[2,14,4,16],"texture":"#1"},"down":{"uv":[2,14,4,16],"texture":"#1"}}},{"from":[2.49436,11.74384,-1.6],"to":[3.19436,12.44384,-0.9],"shade":false,"rotation":{"angle":0,"axis":"y","origin":[0,18,0]},"faces":{"north":{"uv":[0,12,2,14],"texture":"#1"},"east":{"uv":[0,12,2,14],"texture":"#1"},"south":{"uv":[0,12,2,14],"texture":"#1"},"west":{"uv":[0,12,2,14],"texture":"#1"},"up":{"uv":[0,12,2,14],"texture":"#1"},"down":{"uv":[0,12,2,14],"texture":"#1"}}},{"from":[3.49436,12.74384,-0.6],"to":[2.19436,11.44384,-1.9],"shade":false,"rotation":{"angle":0,"axis":"y","origin":[0,18,0]},"faces":{"north":{"uv":[2,12,4,14],"texture":"#1"},"east":{"uv":[2,12,4,14],"texture":"#1"},"south":{"uv":[2,12,4,14],"texture":"#1"},"west":{"uv":[2,12,4,14],"texture":"#1"},"up":{"uv":[2,12,4,14],"texture":"#1"},"down":{"uv":[2,12,4,14],"texture":"#1"}}},{"from":[3.34219,11.25,-2.25],"to":[4.34219,12.25,-1.25],"shade":false,"rotation":{"angle":0,"axis":"y","origin":[0,18,0]},"faces":{"north":{"uv":[0,10,2,12],"texture":"#1"},"east":{"uv":[0,10,2,12],"texture":"#1"},"south":{"uv":[0,10,2,12],"texture":"#1"},"west":{"uv":[0,10,2,12],"texture":"#1"},"up":{"uv":[0,10,2,12],"texture":"#1"},"down":{"uv":[0,10,2,12],"texture":"#1"}}},{"from":[4.59219,12.5,-1],"to":[3.09219,11,-2.5],"shade":false,"rotation":{"angle":0,"axis":"y","origin":[0,18,0]},"faces":{"north":{"uv":[2,10,4,12],"texture":"#1"},"east":{"uv":[2,10,4,12],"texture":"#1"},"south":{"uv":[2,10,4,12],"texture":"#1"},"west":{"uv":[2,10,4,12],"texture":"#1"},"up":{"uv":[2,10,4,12],"texture":"#1"},"down":{"uv":[2,10,4,12],"texture":"#1"}}},{"from":[4.34668,10.9,-2.25],"to":[5.34668,11.9,-1.25],"shade":false,"rotation":{"angle":0,"axis":"y","origin":[0,18,0]},"faces":{"north":{"uv":[0,8,2,10],"rotation":90,"texture":"#1"},"east":{"uv":[0,8,2,10],"rotation":270,"texture":"#1"},"south":{"uv":[0,8,2,10],"rotation":270,"texture":"#1"},"west":{"uv":[0,8,2,10],"rotation":270,"texture":"#1"},"up":{"uv":[0,8,2,10],"rotation":270,"texture":"#1"},"down":{"uv":[0,8,2,10],"rotation":270,"texture":"#1"}}},{"from":[5.59668,12.157,-1],"to":[4.09668,10.657,-2.5],"shade":false,"rotation":{"angle":0,"axis":"y","origin":[0,18,0]},"faces":{"north":{"uv":[2,8,4,10],"rotation":90,"texture":"#1"},"east":{"uv":[2,8,4,10],"rotation":270,"texture":"#1"},"south":{"uv":[2,8,4,10],"rotation":270,"texture":"#1"},"west":{"uv":[2,8,4,10],"rotation":270,"texture":"#1"},"up":{"uv":[2,8,4,10],"rotation":270,"texture":"#1"},"down":{"uv":[2,8,4,10],"rotation":270,"texture":"#1"}}},{"from":[5.35,10.55,-1.5],"to":[6.35,11.55,-0.5],"shade":false,"rotation":{"angle":0,"axis":"y","origin":[0,18,0]},"faces":{"north":{"uv":[0,6,2,8],"texture":"#1"},"east":{"uv":[0,6,2,8],"texture":"#1"},"south":{"uv":[0,6,2,8],"texture":"#1"},"west":{"uv":[0,6,2,8],"texture":"#1"},"up":{"uv":[0,6,2,8],"texture":"#1"},"down":{"uv":[0,6,2,8],"texture":"#1"}}},{"from":[6.6,11.8,-0.25],"to":[5.1,10.3,-1.75],"shade":false,"rotation":{"angle":0,"axis":"y","origin":[0,18,0]},"faces":{"north":{"uv":[2,6,4,8],"texture":"#1"},"east":{"uv":[2,6,4,8],"texture":"#1"},"south":{"uv":[2,6,4,8],"texture":"#1"},"west":{"uv":[2,6,4,8],"texture":"#1"},"up":{"uv":[2,6,4,8],"texture":"#1"},"down":{"uv":[2,6,4,8],"texture":"#1"}}},{"from":[6.51809,10.38568,-0.6],"to":[7.21809,11.08568,0.1],"shade":false,"rotation":{"angle":0,"axis":"y","origin":[0,18,0]},"faces":{"north":{"uv":[0,4,2,6],"texture":"#1"},"east":{"uv":[0,4,2,6],"texture":"#1"},"south":{"uv":[0,4,2,6],"texture":"#1"},"west":{"uv":[0,4,2,6],"texture":"#1"},"up":{"uv":[0,4,2,6],"texture":"#1"},"down":{"uv":[0,4,2,6],"texture":"#1"}}},{"from":[7.51809,11.38568,0.4],"to":[6.21809,10.08568,-0.9],"shade":false,"rotation":{"angle":0,"axis":"y","origin":[0,18,0]},"faces":{"north":{"uv":[2,4,4,6],"texture":"#1"},"east":{"uv":[2,4,4,6],"texture":"#1"},"south":{"uv":[2,4,4,6],"texture":"#1"},"west":{"uv":[2,4,4,6],"texture":"#1"},"up":{"uv":[2,4,4,6],"texture":"#1"},"down":{"uv":[2,4,4,6],"texture":"#1"}}},{"from":[7.58,10.15,-0.05],"to":[8.18,10.75,0.55],"shade":false,"rotation":{"angle":0,"axis":"y","origin":[0,18,0]},"faces":{"north":{"uv":[0,2,2,4],"texture":"#1"},"east":{"uv":[0,2,2,4],"texture":"#1"},"south":{"uv":[0,2,2,4],"texture":"#1"},"west":{"uv":[0,2,2,4],"texture":"#1"},"up":{"uv":[0,2,2,4],"texture":"#1"},"down":{"uv":[0,2,2,4],"texture":"#1"}}},{"from":[8.43,11,0.8],"to":[7.33,9.9,-0.3],"shade":false,"rotation":{"angle":0,"axis":"y","origin":[0,18,0]},"faces":{"north":{"uv":[2,2,4,4],"texture":"#1"},"east":{"uv":[2,2,4,4],"texture":"#1"},"south":{"uv":[2,2,4,4],"texture":"#1"},"west":{"uv":[2,2,4,4],"texture":"#1"},"up":{"uv":[2,2,4,4],"texture":"#1"},"down":{"uv":[2,2,4,4],"texture":"#1"}}},{"from":[1.55,6.3,-1.05],"to":[2.15,6.9,-0.45],"shade":false,"rotation":{"angle":0,"axis":"y","origin":[0,-6,0]},"faces":{"north":{"uv":[4,16,6,14],"texture":"#1"},"east":{"uv":[4,16,6,14],"texture":"#1"},"south":{"uv":[4,16,6,14],"texture":"#1"},"west":{"uv":[4,16,6,14],"texture":"#1"},"up":{"uv":[4,16,6,14],"texture":"#1"},"down":{"uv":[4,16,6,14],"texture":"#1"}}},{"from":[2.4,7.15,-0.2],"to":[1.3,6.05,-1.3],"shade":false,"rotation":{"angle":0,"axis":"y","origin":[0,-6,0]},"faces":{"north":{"uv":[6,16,8,14],"texture":"#1"},"east":{"uv":[6,16,8,14],"texture":"#1"},"south":{"uv":[6,16,8,14],"texture":"#1"},"west":{"uv":[6,16,8,14],"texture":"#1"},"up":{"uv":[6,16,8,14],"texture":"#1"},"down":{"uv":[6,16,8,14],"texture":"#1"}}},{"from":[2.49436,6.55616,-1.6],"to":[3.19436,7.25616,-0.9],"shade":false,"rotation":{"angle":0,"axis":"y","origin":[0,-6,0]},"faces":{"north":{"uv":[4,14,6,12],"texture":"#1"},"east":{"uv":[4,14,6,12],"texture":"#1"},"south":{"uv":[4,14,6,12],"texture":"#1"},"west":{"uv":[4,14,6,12],"texture":"#1"},"up":{"uv":[4,14,6,12],"texture":"#1"},"down":{"uv":[4,14,6,12],"texture":"#1"}}},{"from":[3.49436,7.55616,-0.6],"to":[2.19436,6.25616,-1.9],"shade":false,"rotation":{"angle":0,"axis":"y","origin":[0,-6,0]},"faces":{"north":{"uv":[6,14,8,12],"texture":"#1"},"east":{"uv":[6,14,8,12],"texture":"#1"},"south":{"uv":[6,14,8,12],"texture":"#1"},"west":{"uv":[6,14,8,12],"texture":"#1"},"up":{"uv":[6,14,8,12],"texture":"#1"},"down":{"uv":[6,14,8,12],"texture":"#1"}}},{"from":[3.34219,6.75,-2.25],"to":[4.34219,7.75,-1.25],"shade":false,"rotation":{"angle":0,"axis":"y","origin":[0,-6,0]},"faces":{"north":{"uv":[4,12,6,10],"texture":"#1"},"east":{"uv":[4,12,6,10],"texture":"#1"},"south":{"uv":[4,12,6,10],"texture":"#1"},"west":{"uv":[4,12,6,10],"texture":"#1"},"up":{"uv":[4,12,6,10],"texture":"#1"},"down":{"uv":[4,12,6,10],"texture":"#1"}}},{"from":[4.59219,8,-1],"to":[3.09219,6.5,-2.5],"shade":false,"rotation":{"angle":0,"axis":"y","origin":[0,-6,0]},"faces":{"north":{"uv":[6,12,8,10],"texture":"#1"},"east":{"uv":[6,12,8,10],"texture":"#1"},"south":{"uv":[6,12,8,10],"texture":"#1"},"west":{"uv":[6,12,8,10],"texture":"#1"},"up":{"uv":[6,12,8,10],"texture":"#1"},"down":{"uv":[6,12,8,10],"texture":"#1"}}},{"from":[4.34668,7.1,-2.25],"to":[5.34668,8.1,-1.25],"shade":false,"rotation":{"angle":0,"axis":"y","origin":[0,-6,0]},"faces":{"north":{"uv":[6,8,4,10],"rotation":90,"texture":"#1"},"east":{"uv":[6,8,4,10],"rotation":270,"texture":"#1"},"south":{"uv":[6,8,4,10],"rotation":270,"texture":"#1"},"west":{"uv":[6,8,4,10],"rotation":270,"texture":"#1"},"up":{"uv":[6,8,4,10],"rotation":270,"texture":"#1"},"down":{"uv":[6,8,4,10],"rotation":270,"texture":"#1"}}},{"from":[5.59668,8.343,-1],"to":[4.09668,6.843,-2.5],"shade":false,"rotation":{"angle":0,"axis":"y","origin":[0,-6,0]},"faces":{"north":{"uv":[8,8,6,10],"rotation":90,"texture":"#1"},"east":{"uv":[8,8,6,10],"rotation":270,"texture":"#1"},"south":{"uv":[8,8,6,10],"rotation":270,"texture":"#1"},"west":{"uv":[8,8,6,10],"rotation":270,"texture":"#1"},"up":{"uv":[8,8,6,10],"rotation":270,"texture":"#1"},"down":{"uv":[8,8,6,10],"rotation":270,"texture":"#1"}}},{"from":[5.35,7.45,-1.5],"to":[6.35,8.45,-0.5],"shade":false,"rotation":{"angle":0,"axis":"y","origin":[0,-6,0]},"faces":{"north":{"uv":[4,8,6,6],"texture":"#1"},"east":{"uv":[4,8,6,6],"texture":"#1"},"south":{"uv":[4,8,6,6],"texture":"#1"},"west":{"uv":[4,8,6,6],"texture":"#1"},"up":{"uv":[4,8,6,6],"texture":"#1"},"down":{"uv":[4,8,6,6],"texture":"#1"}}},{"from":[6.6,8.7,-0.25],"to":[5.1,7.2,-1.75],"shade":false,"rotation":{"angle":0,"axis":"y","origin":[0,-6,0]},"faces":{"north":{"uv":[6,8,8,6],"texture":"#1"},"east":{"uv":[6,8,8,6],"texture":"#1"},"south":{"uv":[6,8,8,6],"texture":"#1"},"west":{"uv":[6,8,8,6],"texture":"#1"},"up":{"uv":[6,8,8,6],"texture":"#1"},"down":{"uv":[6,8,8,6],"texture":"#1"}}},{"from":[6.51809,7.91432,-0.6],"to":[7.21809,8.61432,0.1],"shade":false,"rotation":{"angle":0,"axis":"y","origin":[0,-6,0]},"faces":{"north":{"uv":[4,6,6,4],"texture":"#1"},"east":{"uv":[4,6,6,4],"texture":"#1"},"south":{"uv":[4,6,6,4],"texture":"#1"},"west":{"uv":[4,6,6,4],"texture":"#1"},"up":{"uv":[4,6,6,4],"texture":"#1"},"down":{"uv":[4,6,6,4],"texture":"#1"}}},{"from":[7.51809,8.91432,0.4],"to":[6.21809,7.61432,-0.9],"shade":false,"rotation":{"angle":0,"axis":"y","origin":[0,-6,0]},"faces":{"north":{"uv":[6,6,8,4],"texture":"#1"},"east":{"uv":[6,6,8,4],"texture":"#1"},"south":{"uv":[6,6,8,4],"texture":"#1"},"west":{"uv":[6,6,8,4],"texture":"#1"},"up":{"uv":[6,6,8,4],"texture":"#1"},"down":{"uv":[6,6,8,4],"texture":"#1"}}},{"from":[7.58,8.25,-0.05],"to":[8.18,8.85,0.55],"shade":false,"rotation":{"angle":0,"axis":"y","origin":[0,-6,0]},"faces":{"north":{"uv":[4,4,6,2],"texture":"#1"},"east":{"uv":[4,4,6,2],"texture":"#1"},"south":{"uv":[4,4,6,2],"texture":"#1"},"west":{"uv":[4,4,6,2],"texture":"#1"},"up":{"uv":[4,4,6,2],"texture":"#1"},"down":{"uv":[4,4,6,2],"texture":"#1"}}},{"from":[8.43,9.1,0.8],"to":[7.33,8,-0.3],"shade":false,"rotation":{"angle":0,"axis":"y","origin":[0,-6,0]},"faces":{"north":{"uv":[6,4,8,2],"texture":"#1"},"east":{"uv":[6,4,8,2],"texture":"#1"},"south":{"uv":[6,4,8,2],"texture":"#1"},"west":{"uv":[6,4,8,2],"texture":"#1"},"up":{"uv":[6,4,8,2],"texture":"#1"},"down":{"uv":[6,4,8,2],"texture":"#1"}}},{"from":[13.85,7.3,-1.05],"to":[14.45,7.9,-0.45],"shade":false,"rotation":{"angle":0,"axis":"y","origin":[16,-6,0]},"faces":{"north":{"uv":[10,16,8,14],"texture":"#1"},"east":{"uv":[10,16,8,14],"texture":"#1"},"south":{"uv":[10,16,8,14],"texture":"#1"},"west":{"uv":[10,16,8,14],"texture":"#1"},"up":{"uv":[10,16,8,14],"texture":"#1"},"down":{"uv":[10,16,8,14],"texture":"#1"}}},{"from":[14.7,8.15,-0.2],"to":[13.6,7.05,-1.3],"shade":false,"rotation":{"angle":0,"axis":"y","origin":[16,-6,0]},"faces":{"north":{"uv":[12,16,10,14],"texture":"#1"},"east":{"uv":[12,16,10,14],"texture":"#1"},"south":{"uv":[12,16,10,14],"texture":"#1"},"west":{"uv":[12,16,10,14],"texture":"#1"},"up":{"uv":[12,16,10,14],"texture":"#1"},"down":{"uv":[12,16,10,14],"texture":"#1"}}},{"from":[12.80564,7.55616,-1.6],"to":[13.50564,8.25616,-0.9],"shade":false,"rotation":{"angle":0,"axis":"y","origin":[16,-6,0]},"faces":{"north":{"uv":[10,14,8,12],"texture":"#1"},"east":{"uv":[10,14,8,12],"texture":"#1"},"south":{"uv":[10,14,8,12],"texture":"#1"},"west":{"uv":[10,14,8,12],"texture":"#1"},"up":{"uv":[10,14,8,12],"texture":"#1"},"down":{"uv":[10,14,8,12],"texture":"#1"}}},{"from":[13.80564,8.55616,-0.6],"to":[12.50564,7.25616,-1.9],"shade":false,"rotation":{"angle":0,"axis":"y","origin":[16,-6,0]},"faces":{"north":{"uv":[12,14,10,12],"texture":"#1"},"east":{"uv":[12,14,10,12],"texture":"#1"},"south":{"uv":[12,14,10,12],"texture":"#1"},"west":{"uv":[12,14,10,12],"texture":"#1"},"up":{"uv":[12,14,10,12],"texture":"#1"},"down":{"uv":[12,14,10,12],"texture":"#1"}}},{"from":[11.65781,7.75,-2.25],"to":[12.65781,8.75,-1.25],"shade":false,"rotation":{"angle":0,"axis":"y","origin":[16,-6,0]},"faces":{"north":{"uv":[10,12,8,10],"texture":"#1"},"east":{"uv":[10,12,8,10],"texture":"#1"},"south":{"uv":[10,12,8,10],"texture":"#1"},"west":{"uv":[10,12,8,10],"texture":"#1"},"up":{"uv":[10,12,8,10],"texture":"#1"},"down":{"uv":[10,12,8,10],"texture":"#1"}}},{"from":[12.90781,9,-1],"to":[11.40781,7.5,-2.5],"shade":false,"rotation":{"angle":0,"axis":"y","origin":[16,-6,0]},"faces":{"north":{"uv":[12,12,10,10],"texture":"#1"},"east":{"uv":[12,12,10,10],"texture":"#1"},"south":{"uv":[12,12,10,10],"texture":"#1"},"west":{"uv":[12,12,10,10],"texture":"#1"},"up":{"uv":[12,12,10,10],"texture":"#1"},"down":{"uv":[12,12,10,10],"texture":"#1"}}},{"from":[10.65332,8.1,-2.25],"to":[11.65332,9.1,-1.25],"shade":false,"rotation":{"angle":0,"axis":"y","origin":[16,-6,0]},"faces":{"north":{"uv":[10,10,8,8],"rotation":90,"texture":"#1"},"east":{"uv":[10,10,8,8],"rotation":270,"texture":"#1"},"south":{"uv":[10,10,8,8],"rotation":270,"texture":"#1"},"west":{"uv":[10,10,8,8],"rotation":270,"texture":"#1"},"up":{"uv":[10,10,8,8],"rotation":270,"texture":"#1"},"down":{"uv":[10,10,8,8],"rotation":270,"texture":"#1"}}},{"from":[11.90332,9.343,-1],"to":[10.40332,7.843,-2.5],"shade":false,"rotation":{"angle":0,"axis":"y","origin":[16,-6,0]},"faces":{"north":{"uv":[12,10,10,8],"rotation":90,"texture":"#1"},"east":{"uv":[12,10,10,8],"rotation":270,"texture":"#1"},"south":{"uv":[12,10,10,8],"rotation":270,"texture":"#1"},"west":{"uv":[12,10,10,8],"rotation":270,"texture":"#1"},"up":{"uv":[12,10,10,8],"rotation":270,"texture":"#1"},"down":{"uv":[12,10,10,8],"rotation":270,"texture":"#1"}}},{"from":[9.65,8.45,-1.5],"to":[10.65,9.45,-0.5],"shade":false,"rotation":{"angle":0,"axis":"y","origin":[16,-6,0]},"faces":{"north":{"uv":[10,8,8,6],"texture":"#1"},"east":{"uv":[10,8,8,6],"texture":"#1"},"south":{"uv":[10,8,8,6],"texture":"#1"},"west":{"uv":[10,8,8,6],"texture":"#1"},"up":{"uv":[10,8,8,6],"texture":"#1"},"down":{"uv":[10,8,8,6],"texture":"#1"}}},{"from":[10.9,9.7,-0.25],"to":[9.4,8.2,-1.75],"shade":false,"rotation":{"angle":0,"axis":"y","origin":[16,-6,0]},"faces":{"north":{"uv":[12,8,10,6],"texture":"#1"},"east":{"uv":[12,8,10,6],"texture":"#1"},"south":{"uv":[12,8,10,6],"texture":"#1"},"west":{"uv":[12,8,10,6],"texture":"#1"},"up":{"uv":[12,8,10,6],"texture":"#1"},"down":{"uv":[12,8,10,6],"texture":"#1"}}},{"from":[8.78191,8.91432,-0.6],"to":[9.48191,9.61432,0.1],"shade":false,"rotation":{"angle":0,"axis":"y","origin":[16,-6,0]},"faces":{"north":{"uv":[10,6,8,4],"texture":"#1"},"east":{"uv":[10,6,8,4],"texture":"#1"},"south":{"uv":[10,6,8,4],"texture":"#1"},"west":{"uv":[10,6,8,4],"texture":"#1"},"up":{"uv":[10,6,8,4],"texture":"#1"},"down":{"uv":[10,6,8,4],"texture":"#1"}}},{"from":[9.78191,9.91432,0.4],"to":[8.48191,8.61432,-0.9],"shade":false,"rotation":{"angle":0,"axis":"y","origin":[16,-6,0]},"faces":{"north":{"uv":[12,6,10,4],"texture":"#1"},"east":{"uv":[12,6,10,4],"texture":"#1"},"south":{"uv":[12,6,10,4],"texture":"#1"},"west":{"uv":[12,6,10,4],"texture":"#1"},"up":{"uv":[12,6,10,4],"texture":"#1"},"down":{"uv":[12,6,10,4],"texture":"#1"}}},{"from":[7.82,9.25,-0.05],"to":[8.42,9.85,0.55],"shade":false,"rotation":{"angle":0,"axis":"y","origin":[16,-6,0]},"faces":{"north":{"uv":[10,4,8,2],"texture":"#1"},"east":{"uv":[10,4,8,2],"texture":"#1"},"south":{"uv":[10,4,8,2],"texture":"#1"},"west":{"uv":[10,4,8,2],"texture":"#1"},"up":{"uv":[10,4,8,2],"texture":"#1"},"down":{"uv":[10,4,8,2],"texture":"#1"}}},{"from":[8.67,10.1,0.8],"to":[7.57,9,-0.3],"shade":false,"rotation":{"angle":0,"axis":"y","origin":[16,-6,0]},"faces":{"north":{"uv":[12,4,10,2],"texture":"#1"},"east":{"uv":[12,4,10,2],"texture":"#1"},"south":{"uv":[12,4,10,2],"texture":"#1"},"west":{"uv":[12,4,10,2],"texture":"#1"},"up":{"uv":[12,4,10,2],"texture":"#1"},"down":{"uv":[12,4,10,2],"texture":"#1"}}}],"gui_light":"front","display":{"thirdperson_righthand":{"rotation":[67.5,0,0],"translation":[0,1.75,0],"scale":[0.30859,0.30859,0.30859]},"thirdperson_lefthand":{"rotation":[67.5,0,0],"translation":[0,1.75,0],"scale":[0.30859,0.30859,0.30859]},"firstperson_righthand":{"translation":[1.75,3.5,0],"scale":[0.39258,0.39258,0.39258]},"firstperson_lefthand":{"translation":[1.75,3.5,0],"scale":[0.39258,0.39258,0.39258]},"ground":{"translation":[0,6,0],"scale":[0.45,0.45,0.45]},"gui":{"rotation":[30,135,0],"translation":[0,-1,0],"scale":[0.55078,0.55078,0.55078]},"head":{"translation":[0,4.25,0],"scale":[1.33906,1.33906,1.33906]},"fixed":{"rotation":[-90,0,0],"translation":[0,1,-16],"scale":[1.6,1.6,1.6]}}}