{"credit":"by w11shes","texture_size":[32,32],"textures":{"0":"elitecreatures:demonic_weapon_assortment/demonic_key","particle":"elitecreatures:demonic_weapon_assortment/demonic_key"},"elements":[{"from":[7,8,6],"to":[12,13,10],"rotation":{"angle":45,"axis":"z","origin":[8,9,7.5]},"faces":{"north":{"uv":[0,0,2.5,2.5],"texture":"#0"},"east":{"uv":[0,2.5,2,5],"texture":"#0"},"south":{"uv":[2.5,0,0,2.5],"texture":"#0"},"west":{"uv":[2.5,0,4.5,2.5],"texture":"#0"},"up":{"uv":[4.5,4.5,2,2.5],"texture":"#0"},"down":{"uv":[7,0,4.5,2],"texture":"#0"}}},{"from":[14,12.17157,10],"to":[9,7.17157,6],"rotation":{"angle":45,"axis":"z","origin":[8,6.17157,4.5]},"faces":{"north":{"uv":[2.5,2.5,0,0],"texture":"#0"},"east":{"uv":[2.5,2.5,4.5,0],"texture":"#0"},"south":{"uv":[0,2.5,2.5,0],"texture":"#0"},"west":{"uv":[0,5,2,2.5],"texture":"#0"},"up":{"uv":[4.5,0,7,2],"texture":"#0"},"down":{"uv":[2,4.5,4.5,2.5],"texture":"#0"}}},{"from":[8,13,8],"to":[12,17,8.05],"rotation":{"angle":45,"axis":"z","origin":[8,9,7.5]},"faces":{"north":{"uv":[0,5,2,7],"texture":"#0"},"south":{"uv":[2,5,0,7],"texture":"#0"}}},{"from":[4,13,8],"to":[8,17,8.05],"rotation":{"angle":-45,"axis":"z","origin":[8,9,7.5]},"faces":{"north":{"uv":[2,5,0,7],"texture":"#0"},"south":{"uv":[0,5,2,7],"texture":"#0"}}},{"from":[7,0,7],"to":[9,9,9],"rotation":{"angle":45,"axis":"y","origin":[8,4,8]},"faces":{"north":{"uv":[2,4.5,3,9],"texture":"#0"},"east":{"uv":[4.5,2,5.5,6.5],"texture":"#0"},"south":{"uv":[5.5,2,4.5,6.5],"texture":"#0"},"west":{"uv":[3,4.5,2,9],"texture":"#0"},"down":{"uv":[6.5,2,5.5,3],"texture":"#0"}}},{"from":[9.41421,0,7.999],"to":[11.41421,4,8.049],"rotation":{"angle":0,"axis":"y","origin":[-0.58579,1,-0.001]},"faces":{"north":{"uv":[3,4.5,4,6.5],"texture":"#0"},"south":{"uv":[4,4.5,3,6.5],"texture":"#0"}}},{"from":[7.5,9.65,7.5],"to":[8.5,12.65,8.5],"rotation":{"angle":0,"axis":"y","origin":[0,6.65,8]},"faces":{"north":{"uv":[7,0,8,1],"texture":"#0"},"east":{"uv":[7,0,8,1],"texture":"#0"},"south":{"uv":[7,0,8,1],"texture":"#0"},"west":{"uv":[7,0,8,1],"texture":"#0"}}},{"from":[7.79289,12.65,7.48],"to":[8.5,13.35711,8.52],"rotation":{"angle":45,"axis":"z","origin":[8.5,12.65,8.5]},"faces":{"north":{"uv":[7,1,8,2],"texture":"#0"},"east":{"uv":[7,1,8,2],"texture":"#0"},"south":{"uv":[7,1,8,2],"texture":"#0"},"up":{"uv":[7,1,8,2],"texture":"#0"}}},{"from":[7.79289,8.94289,7.48],"to":[8.5,9.65,8.52],"rotation":{"angle":-45,"axis":"z","origin":[8.5,9.65,8.52]},"faces":{"north":{"uv":[7,2,8,1],"texture":"#0"},"east":{"uv":[7,2,8,1],"texture":"#0"},"south":{"uv":[7,2,8,1],"texture":"#0"},"down":{"uv":[7,2,8,1],"texture":"#0"}}},{"from":[8.41421,10.73579,9],"to":[6.41421,8.73579,7],"rotation":{"angle":45,"axis":"z","origin":[6,11.15,5]},"faces":{"north":{"uv":[7,2,8,3],"texture":"#0"},"east":{"uv":[7,2,8,3],"texture":"#0"},"south":{"uv":[7,2,8,3],"texture":"#0"},"west":{"uv":[7,2,8,3],"texture":"#0"},"up":{"uv":[7,2,8,3],"texture":"#0"},"down":{"uv":[7,2,8,3],"texture":"#0"}}},{"from":[9.21421,11.53579,9.3],"to":[5.61421,7.93579,6.7],"rotation":{"angle":45,"axis":"z","origin":[6,11.15,5]},"faces":{"north":{"uv":[7,3,8,4],"texture":"#0"},"east":{"uv":[7,3,8,4],"texture":"#0"},"south":{"uv":[7,3,8,4],"texture":"#0"},"west":{"uv":[7,3,8,4],"texture":"#0"},"up":{"uv":[7,3,8,4],"texture":"#0"},"down":{"uv":[7,3,8,4],"texture":"#0"}}}],"gui_light":"front","display":{"thirdperson_righthand":{"rotation":[157.5,90,0],"translation":[0,1.5,-0.25],"scale":[0.44727,0.44727,0.44727]},"thirdperson_lefthand":{"rotation":[157.5,-90,0],"translation":[0,1.5,-0.25],"scale":[0.44727,0.44727,0.44727]},"firstperson_righthand":{"rotation":[90,90,0],"translation":[4,3.25,0],"scale":[0.42188,0.42188,0.42188]},"firstperson_lefthand":{"rotation":[90,-90,0],"translation":[4,3.25,0],"scale":[0.42188,0.42188,0.42188]},"ground":{"translation":[0,6,0],"scale":[0.75,0.75,0.75]},"gui":{"translation":[0,-0.75,0],"scale":[0.85547,0.85547,0.85547]},"head":{"scale":[0,0,0]},"fixed":{"translation":[0,-0.75,-2.75],"scale":[1.43242,1.43242,1.43242]}}}