{"credit":"by w11shes","texture_size":[32,32],"textures":{"1":"elitecreatures:demonic_weapon_assortment/demonic_shovel","2":"elitecreatures:demonic_weapon_assortment/demonic_particle","particle":"elitecreatures:demonic_weapon_assortment/demonic_shovel"},"elements":[{"from":[6,1.7,6.5],"to":[10,3.7,9.5],"rotation":{"angle":0,"axis":"y","origin":[0,9,0]},"faces":{"north":{"uv":[9.5,11,11.5,12],"texture":"#1"},"east":{"uv":[6,11,7.5,12],"texture":"#1"},"south":{"uv":[9.5,11,11.5,12],"texture":"#1"},"west":{"uv":[6,11,7.5,12],"texture":"#1"},"up":{"uv":[11.5,11,9.5,9.5],"texture":"#1"},"down":{"uv":[12,5,10,6.5],"texture":"#1"}}},{"from":[4.25,-5.05,8],"to":[11.25,1.95,8.05],"rotation":{"angle":45,"axis":"z","origin":[8,-1.3,8]},"faces":{"north":{"uv":[0,4.5,3.5,8],"texture":"#1"},"south":{"uv":[3.5,4.5,0,8],"texture":"#1"}}},{"from":[7,3.7,7],"to":[9,14.7,9],"rotation":{"angle":-45,"axis":"y","origin":[8,0,8]},"faces":{"north":{"uv":[1,8,0,13.5],"texture":"#1"},"east":{"uv":[0,8,1,13.5],"texture":"#1"},"south":{"uv":[1,8,0,13.5],"texture":"#1"},"west":{"uv":[0,8,1,13.5],"texture":"#1"}}},{"from":[7,13.6,5.5],"to":[13,19.6,10.5],"rotation":{"angle":45,"axis":"z","origin":[8,14.6,8]},"faces":{"north":{"uv":[4.5,0,7.5,3],"texture":"#1"},"east":{"uv":[3.5,6,6,9],"texture":"#1"},"south":{"uv":[7.5,0,4.5,3],"texture":"#1"},"west":{"uv":[6,6,8.5,9],"texture":"#1"},"up":{"uv":[10.5,2.5,7.5,0],"texture":"#1"},"down":{"uv":[10.5,2.5,7.5,5],"texture":"#1"}}},{"from":[15,18.77157,10.5],"to":[9,12.77157,5.5],"rotation":{"angle":45,"axis":"z","origin":[8,11.77157,-6]},"faces":{"north":{"uv":[7.5,3,4.5,0],"texture":"#1"},"east":{"uv":[6,9,8.5,6],"texture":"#1"},"south":{"uv":[4.5,3,7.5,0],"texture":"#1"},"west":{"uv":[3.5,9,6,6],"texture":"#1"},"up":{"uv":[7.5,2.5,10.5,5],"texture":"#1"},"down":{"uv":[7.5,2.5,10.5,0],"texture":"#1"}}},{"from":[6,19.6,6.5],"to":[10,23.6,9.5],"rotation":{"angle":0,"axis":"y","origin":[0,13,0]},"faces":{"north":{"uv":[5.5,9,7.5,11],"texture":"#1"},"east":{"uv":[10.5,0,12,2],"texture":"#1"},"south":{"uv":[5.5,9,7.5,11],"texture":"#1"},"west":{"uv":[10.5,0,12,2],"texture":"#1"}}},{"from":[12,19.6,6.48],"to":[18,25.6,9.52],"rotation":{"angle":45,"axis":"z","origin":[8,15.6,8]},"faces":{"north":{"uv":[4.5,3,7.5,6],"texture":"#1"},"east":{"uv":[1,8,2.5,11],"texture":"#1"},"south":{"uv":[7.5,3,4.5,6],"texture":"#1"},"west":{"uv":[8.5,5,10,8],"texture":"#1"},"up":{"uv":[11.5,9.5,8.5,8],"texture":"#1"},"down":{"uv":[5.5,9,2.5,10.5],"texture":"#1"}}},{"from":[15,22.6,7.98],"to":[24,31.6,8.03],"rotation":{"angle":45,"axis":"z","origin":[8,15.6,7.5]},"faces":{"north":{"uv":[0,0,4.5,4.5],"texture":"#1"},"south":{"uv":[4.5,0,0,4.5],"texture":"#1"}}},{"from":[16,23.6,7.48],"to":[22,29.6,8.48],"rotation":{"angle":45,"axis":"z","origin":[8,15.6,7.5]},"faces":{"north":{"uv":[1,1,4,4],"texture":"#1"},"east":{"uv":[1,1,1.5,4],"texture":"#1"},"south":{"uv":[4,1,1,4],"texture":"#1"},"west":{"uv":[3.5,1,4,4],"texture":"#1"},"up":{"uv":[4,1,1,1.5],"texture":"#1"},"down":{"uv":[4,3.5,1,4],"texture":"#1"}}},{"from":[1.87868,17.54975,6.48],"to":[5.87868,20.54975,9.52],"rotation":{"angle":-45,"axis":"z","origin":[5.87868,19.54975,5.5]},"faces":{"north":{"uv":[10,6.5,12,8],"texture":"#1"},"south":{"uv":[12,6.5,10,8],"texture":"#1"},"west":{"uv":[10.5,3.5,12,5],"texture":"#1"},"up":{"uv":[12.5,3.5,10.5,2],"texture":"#1"},"down":{"uv":[4.5,10.5,2.5,12],"texture":"#1"}}},{"from":[-0.3,20,6.46],"to":[2.7,22,9.54],"rotation":{"angle":0,"axis":"y","origin":[0,3,0]},"faces":{"north":{"uv":[7.5,11.5,9,12.5],"texture":"#1"},"south":{"uv":[9,11.5,7.5,12.5],"texture":"#1"},"west":{"uv":[11.5,8,13,9],"texture":"#1"},"up":{"uv":[2.5,12.5,1,11],"texture":"#1"},"down":{"uv":[6,11,4.5,12.5],"texture":"#1"}}},{"from":[-2.28284,21.08183,8],"to":[1.71716,25.08183,8.05],"rotation":{"angle":-45,"axis":"z","origin":[-0.28284,23.08183,8.025]},"faces":{"north":{"uv":[7.5,9.5,9.5,11.5],"texture":"#1"},"south":{"uv":[9.5,9.5,7.5,11.5],"texture":"#1"}}},{"from":[10.12132,17.54975,6.48],"to":[14.12132,20.54975,9.52],"rotation":{"angle":45,"axis":"z","origin":[10.12132,19.54975,5.5]},"faces":{"north":{"uv":[12,6.5,10,8],"texture":"#1"},"east":{"uv":[12,3.5,10.5,5],"texture":"#1"},"south":{"uv":[10,6.5,12,8],"texture":"#1"},"up":{"uv":[10.5,3.5,12.5,2],"texture":"#1"},"down":{"uv":[2.5,10.5,4.5,12],"texture":"#1"}}},{"from":[13.3,20,6.46],"to":[16.3,22,9.54],"rotation":{"angle":0,"axis":"y","origin":[16,3,0]},"faces":{"north":{"uv":[9,11.5,7.5,12.5],"texture":"#1"},"east":{"uv":[13,8,11.5,9],"texture":"#1"},"south":{"uv":[7.5,11.5,9,12.5],"texture":"#1"},"up":{"uv":[1,12.5,2.5,11],"texture":"#1"},"down":{"uv":[4.5,11,6,12.5],"texture":"#1"}}},{"from":[14.28284,21.08183,8],"to":[18.28284,25.08183,8.05],"rotation":{"angle":45,"axis":"z","origin":[16.28284,23.08183,8.025]},"faces":{"north":{"uv":[9.5,9.5,7.5,11.5],"texture":"#1"},"south":{"uv":[7.5,9.5,9.5,11.5],"texture":"#1"}}},{"from":[7.5,16,7.5],"to":[8.5,19,8.5],"rotation":{"angle":0,"axis":"y","origin":[0,13,8]},"faces":{"north":{"uv":[12.5,0,13.5,1],"texture":"#1"},"east":{"uv":[12.5,0,13.5,1],"texture":"#1"},"south":{"uv":[12.5,0,13.5,1],"texture":"#1"},"west":{"uv":[12.5,0,13.5,1],"texture":"#1"}}},{"from":[7.79289,19,7.48],"to":[8.5,19.70711,8.52],"rotation":{"angle":45,"axis":"z","origin":[8.5,19,8.5]},"faces":{"north":{"uv":[12.5,1,13.5,2],"texture":"#1"},"east":{"uv":[12.5,1,13.5,2],"texture":"#1"},"south":{"uv":[12.5,1,13.5,2],"texture":"#1"},"up":{"uv":[12.5,1,13.5,2],"texture":"#1"}}},{"from":[7.79289,15.29289,7.48],"to":[8.5,16,8.52],"rotation":{"angle":-45,"axis":"z","origin":[8.5,16,8.52]},"faces":{"north":{"uv":[12.5,2,13.5,1],"texture":"#1"},"east":{"uv":[12.5,2,13.5,1],"texture":"#1"},"south":{"uv":[12.5,2,13.5,1],"texture":"#1"},"down":{"uv":[12.5,2,13.5,1],"texture":"#1"}}},{"from":[8.41421,17.08579,9],"to":[6.41421,15.08579,7],"rotation":{"angle":45,"axis":"z","origin":[6,17.5,5]},"faces":{"north":{"uv":[12.5,2,13.5,3],"texture":"#1"},"east":{"uv":[12.5,2,13.5,3],"texture":"#1"},"south":{"uv":[12.5,2,13.5,3],"texture":"#1"},"west":{"uv":[12.5,2,13.5,3],"texture":"#1"},"up":{"uv":[12.5,2,13.5,3],"texture":"#1"},"down":{"uv":[12.5,2,13.5,3],"texture":"#1"}}},{"from":[9.21421,17.88579,9.3],"to":[5.61421,14.28579,6.7],"rotation":{"angle":45,"axis":"z","origin":[6,17.5,5]},"faces":{"north":{"uv":[12.5,3,13.5,4],"texture":"#1"},"east":{"uv":[12.5,3,13.5,4],"texture":"#1"},"south":{"uv":[12.5,3,13.5,4],"texture":"#1"},"west":{"uv":[12.5,3,13.5,4],"texture":"#1"},"up":{"uv":[12.5,3,13.5,4],"texture":"#1"},"down":{"uv":[12.5,3,13.5,4],"texture":"#1"}}},{"from":[1.55,20.1,4.45],"to":[2.15,20.7,5.05],"shade":false,"rotation":{"angle":0,"axis":"y","origin":[0,21,0]},"faces":{"north":{"uv":[0,14,2,16],"texture":"#2"},"east":{"uv":[0,14,2,16],"texture":"#2"},"south":{"uv":[0,14,2,16],"texture":"#2"},"west":{"uv":[0,14,2,16],"texture":"#2"},"up":{"uv":[0,14,2,16],"texture":"#2"},"down":{"uv":[0,14,2,16],"texture":"#2"}}},{"from":[2.4,20.95,5.3],"to":[1.3,19.85,4.2],"shade":false,"rotation":{"angle":0,"axis":"y","origin":[0,21,0]},"faces":{"north":{"uv":[2,14,4,16],"texture":"#2"},"east":{"uv":[2,14,4,16],"texture":"#2"},"south":{"uv":[2,14,4,16],"texture":"#2"},"west":{"uv":[2,14,4,16],"texture":"#2"},"up":{"uv":[2,14,4,16],"texture":"#2"},"down":{"uv":[2,14,4,16],"texture":"#2"}}},{"from":[2.49436,19.74384,3.9],"to":[3.19436,20.44384,4.6],"shade":false,"rotation":{"angle":0,"axis":"y","origin":[0,21,0]},"faces":{"north":{"uv":[0,12,2,14],"texture":"#2"},"east":{"uv":[0,12,2,14],"texture":"#2"},"south":{"uv":[0,12,2,14],"texture":"#2"},"west":{"uv":[0,12,2,14],"texture":"#2"},"up":{"uv":[0,12,2,14],"texture":"#2"},"down":{"uv":[0,12,2,14],"texture":"#2"}}},{"from":[3.49436,20.74384,4.9],"to":[2.19436,19.44384,3.6],"shade":false,"rotation":{"angle":0,"axis":"y","origin":[0,21,0]},"faces":{"north":{"uv":[2,12,4,14],"texture":"#2"},"east":{"uv":[2,12,4,14],"texture":"#2"},"south":{"uv":[2,12,4,14],"texture":"#2"},"west":{"uv":[2,12,4,14],"texture":"#2"},"up":{"uv":[2,12,4,14],"texture":"#2"},"down":{"uv":[2,12,4,14],"texture":"#2"}}},{"from":[3.34219,19.25,3.25],"to":[4.34219,20.25,4.25],"shade":false,"rotation":{"angle":0,"axis":"y","origin":[0,21,0]},"faces":{"north":{"uv":[0,10,2,12],"texture":"#2"},"east":{"uv":[0,10,2,12],"texture":"#2"},"south":{"uv":[0,10,2,12],"texture":"#2"},"west":{"uv":[0,10,2,12],"texture":"#2"},"up":{"uv":[0,10,2,12],"texture":"#2"},"down":{"uv":[0,10,2,12],"texture":"#2"}}},{"from":[4.59219,20.5,4.5],"to":[3.09219,19,3],"shade":false,"rotation":{"angle":0,"axis":"y","origin":[0,21,0]},"faces":{"north":{"uv":[2,10,4,12],"texture":"#2"},"east":{"uv":[2,10,4,12],"texture":"#2"},"south":{"uv":[2,10,4,12],"texture":"#2"},"west":{"uv":[2,10,4,12],"texture":"#2"},"up":{"uv":[2,10,4,12],"texture":"#2"},"down":{"uv":[2,10,4,12],"texture":"#2"}}},{"from":[4.34668,18.9,3.25],"to":[5.34668,19.9,4.25],"shade":false,"rotation":{"angle":0,"axis":"y","origin":[0,21,0]},"faces":{"north":{"uv":[0,8,2,10],"rotation":90,"texture":"#2"},"east":{"uv":[0,8,2,10],"rotation":270,"texture":"#2"},"south":{"uv":[0,8,2,10],"rotation":270,"texture":"#2"},"west":{"uv":[0,8,2,10],"rotation":270,"texture":"#2"},"up":{"uv":[0,8,2,10],"rotation":270,"texture":"#2"},"down":{"uv":[0,8,2,10],"rotation":270,"texture":"#2"}}},{"from":[5.59668,20.157,4.5],"to":[4.09668,18.657,3],"shade":false,"rotation":{"angle":0,"axis":"y","origin":[0,21,0]},"faces":{"north":{"uv":[2,8,4,10],"rotation":90,"texture":"#2"},"east":{"uv":[2,8,4,10],"rotation":270,"texture":"#2"},"south":{"uv":[2,8,4,10],"rotation":270,"texture":"#2"},"west":{"uv":[2,8,4,10],"rotation":270,"texture":"#2"},"up":{"uv":[2,8,4,10],"rotation":270,"texture":"#2"},"down":{"uv":[2,8,4,10],"rotation":270,"texture":"#2"}}},{"from":[5.35,18.55,4],"to":[6.35,19.55,5],"shade":false,"rotation":{"angle":0,"axis":"y","origin":[0,21,0]},"faces":{"north":{"uv":[0,6,2,8],"texture":"#2"},"east":{"uv":[0,6,2,8],"texture":"#2"},"south":{"uv":[0,6,2,8],"texture":"#2"},"west":{"uv":[0,6,2,8],"texture":"#2"},"up":{"uv":[0,6,2,8],"texture":"#2"},"down":{"uv":[0,6,2,8],"texture":"#2"}}},{"from":[6.6,19.8,5.25],"to":[5.1,18.3,3.75],"shade":false,"rotation":{"angle":0,"axis":"y","origin":[0,21,0]},"faces":{"north":{"uv":[2,6,4,8],"texture":"#2"},"east":{"uv":[2,6,4,8],"texture":"#2"},"south":{"uv":[2,6,4,8],"texture":"#2"},"west":{"uv":[2,6,4,8],"texture":"#2"},"up":{"uv":[2,6,4,8],"texture":"#2"},"down":{"uv":[2,6,4,8],"texture":"#2"}}},{"from":[6.51809,18.38568,4.9],"to":[7.21809,19.08568,5.6],"shade":false,"rotation":{"angle":0,"axis":"y","origin":[0,21,0]},"faces":{"north":{"uv":[0,4,2,6],"texture":"#2"},"east":{"uv":[0,4,2,6],"texture":"#2"},"south":{"uv":[0,4,2,6],"texture":"#2"},"west":{"uv":[0,4,2,6],"texture":"#2"},"up":{"uv":[0,4,2,6],"texture":"#2"},"down":{"uv":[0,4,2,6],"texture":"#2"}}},{"from":[7.51809,19.38568,5.9],"to":[6.21809,18.08568,4.6],"shade":false,"rotation":{"angle":0,"axis":"y","origin":[0,21,0]},"faces":{"north":{"uv":[2,4,4,6],"texture":"#2"},"east":{"uv":[2,4,4,6],"texture":"#2"},"south":{"uv":[2,4,4,6],"texture":"#2"},"west":{"uv":[2,4,4,6],"texture":"#2"},"up":{"uv":[2,4,4,6],"texture":"#2"},"down":{"uv":[2,4,4,6],"texture":"#2"}}},{"from":[7.58,18.15,5.45],"to":[8.18,18.75,6.05],"shade":false,"rotation":{"angle":0,"axis":"y","origin":[0,21,0]},"faces":{"north":{"uv":[0,2,2,4],"texture":"#2"},"east":{"uv":[0,2,2,4],"texture":"#2"},"south":{"uv":[0,2,2,4],"texture":"#2"},"west":{"uv":[0,2,2,4],"texture":"#2"},"up":{"uv":[0,2,2,4],"texture":"#2"},"down":{"uv":[0,2,2,4],"texture":"#2"}}},{"from":[8.43,19,6.3],"to":[7.33,17.9,5.2],"shade":false,"rotation":{"angle":0,"axis":"y","origin":[0,21,0]},"faces":{"north":{"uv":[2,2,4,4],"texture":"#2"},"east":{"uv":[2,2,4,4],"texture":"#2"},"south":{"uv":[2,2,4,4],"texture":"#2"},"west":{"uv":[2,2,4,4],"texture":"#2"},"up":{"uv":[2,2,4,4],"texture":"#2"},"down":{"uv":[2,2,4,4],"texture":"#2"}}},{"from":[1.55,14.3,4.45],"to":[2.15,14.9,5.05],"shade":false,"rotation":{"angle":0,"axis":"y","origin":[0,-3,0]},"faces":{"north":{"uv":[4,16,6,14],"texture":"#2"},"east":{"uv":[4,16,6,14],"texture":"#2"},"south":{"uv":[4,16,6,14],"texture":"#2"},"west":{"uv":[4,16,6,14],"texture":"#2"},"up":{"uv":[4,16,6,14],"texture":"#2"},"down":{"uv":[4,16,6,14],"texture":"#2"}}},{"from":[2.4,15.15,5.3],"to":[1.3,14.05,4.2],"shade":false,"rotation":{"angle":0,"axis":"y","origin":[0,-3,0]},"faces":{"north":{"uv":[6,16,8,14],"texture":"#2"},"east":{"uv":[6,16,8,14],"texture":"#2"},"south":{"uv":[6,16,8,14],"texture":"#2"},"west":{"uv":[6,16,8,14],"texture":"#2"},"up":{"uv":[6,16,8,14],"texture":"#2"},"down":{"uv":[6,16,8,14],"texture":"#2"}}},{"from":[2.49436,14.55616,3.9],"to":[3.19436,15.25616,4.6],"shade":false,"rotation":{"angle":0,"axis":"y","origin":[0,-3,0]},"faces":{"north":{"uv":[4,14,6,12],"texture":"#2"},"east":{"uv":[4,14,6,12],"texture":"#2"},"south":{"uv":[4,14,6,12],"texture":"#2"},"west":{"uv":[4,14,6,12],"texture":"#2"},"up":{"uv":[4,14,6,12],"texture":"#2"},"down":{"uv":[4,14,6,12],"texture":"#2"}}},{"from":[3.49436,15.55616,4.9],"to":[2.19436,14.25616,3.6],"shade":false,"rotation":{"angle":0,"axis":"y","origin":[0,-3,0]},"faces":{"north":{"uv":[6,14,8,12],"texture":"#2"},"east":{"uv":[6,14,8,12],"texture":"#2"},"south":{"uv":[6,14,8,12],"texture":"#2"},"west":{"uv":[6,14,8,12],"texture":"#2"},"up":{"uv":[6,14,8,12],"texture":"#2"},"down":{"uv":[6,14,8,12],"texture":"#2"}}},{"from":[3.34219,14.75,3.25],"to":[4.34219,15.75,4.25],"shade":false,"rotation":{"angle":0,"axis":"y","origin":[0,-3,0]},"faces":{"north":{"uv":[4,12,6,10],"texture":"#2"},"east":{"uv":[4,12,6,10],"texture":"#2"},"south":{"uv":[4,12,6,10],"texture":"#2"},"west":{"uv":[4,12,6,10],"texture":"#2"},"up":{"uv":[4,12,6,10],"texture":"#2"},"down":{"uv":[4,12,6,10],"texture":"#2"}}},{"from":[4.59219,16,4.5],"to":[3.09219,14.5,3],"shade":false,"rotation":{"angle":0,"axis":"y","origin":[0,-3,0]},"faces":{"north":{"uv":[6,12,8,10],"texture":"#2"},"east":{"uv":[6,12,8,10],"texture":"#2"},"south":{"uv":[6,12,8,10],"texture":"#2"},"west":{"uv":[6,12,8,10],"texture":"#2"},"up":{"uv":[6,12,8,10],"texture":"#2"},"down":{"uv":[6,12,8,10],"texture":"#2"}}},{"from":[4.34668,15.1,3.25],"to":[5.34668,16.1,4.25],"shade":false,"rotation":{"angle":0,"axis":"y","origin":[0,-3,0]},"faces":{"north":{"uv":[6,8,4,10],"rotation":90,"texture":"#2"},"east":{"uv":[6,8,4,10],"rotation":270,"texture":"#2"},"south":{"uv":[6,8,4,10],"rotation":270,"texture":"#2"},"west":{"uv":[6,8,4,10],"rotation":270,"texture":"#2"},"up":{"uv":[6,8,4,10],"rotation":270,"texture":"#2"},"down":{"uv":[6,8,4,10],"rotation":270,"texture":"#2"}}},{"from":[5.59668,16.343,4.5],"to":[4.09668,14.843,3],"shade":false,"rotation":{"angle":0,"axis":"y","origin":[0,-3,0]},"faces":{"north":{"uv":[8,8,6,10],"rotation":90,"texture":"#2"},"east":{"uv":[8,8,6,10],"rotation":270,"texture":"#2"},"south":{"uv":[8,8,6,10],"rotation":270,"texture":"#2"},"west":{"uv":[8,8,6,10],"rotation":270,"texture":"#2"},"up":{"uv":[8,8,6,10],"rotation":270,"texture":"#2"},"down":{"uv":[8,8,6,10],"rotation":270,"texture":"#2"}}},{"from":[5.35,15.45,4],"to":[6.35,16.45,5],"shade":false,"rotation":{"angle":0,"axis":"y","origin":[0,-3,0]},"faces":{"north":{"uv":[4,8,6,6],"texture":"#2"},"east":{"uv":[4,8,6,6],"texture":"#2"},"south":{"uv":[4,8,6,6],"texture":"#2"},"west":{"uv":[4,8,6,6],"texture":"#2"},"up":{"uv":[4,8,6,6],"texture":"#2"},"down":{"uv":[4,8,6,6],"texture":"#2"}}},{"from":[6.6,16.7,5.25],"to":[5.1,15.2,3.75],"shade":false,"rotation":{"angle":0,"axis":"y","origin":[0,-3,0]},"faces":{"north":{"uv":[6,8,8,6],"texture":"#2"},"east":{"uv":[6,8,8,6],"texture":"#2"},"south":{"uv":[6,8,8,6],"texture":"#2"},"west":{"uv":[6,8,8,6],"texture":"#2"},"up":{"uv":[6,8,8,6],"texture":"#2"},"down":{"uv":[6,8,8,6],"texture":"#2"}}},{"from":[6.51809,15.91432,4.9],"to":[7.21809,16.61432,5.6],"shade":false,"rotation":{"angle":0,"axis":"y","origin":[0,-3,0]},"faces":{"north":{"uv":[4,6,6,4],"texture":"#2"},"east":{"uv":[4,6,6,4],"texture":"#2"},"south":{"uv":[4,6,6,4],"texture":"#2"},"west":{"uv":[4,6,6,4],"texture":"#2"},"up":{"uv":[4,6,6,4],"texture":"#2"},"down":{"uv":[4,6,6,4],"texture":"#2"}}},{"from":[7.51809,16.91432,5.9],"to":[6.21809,15.61432,4.6],"shade":false,"rotation":{"angle":0,"axis":"y","origin":[0,-3,0]},"faces":{"north":{"uv":[6,6,8,4],"texture":"#2"},"east":{"uv":[6,6,8,4],"texture":"#2"},"south":{"uv":[6,6,8,4],"texture":"#2"},"west":{"uv":[6,6,8,4],"texture":"#2"},"up":{"uv":[6,6,8,4],"texture":"#2"},"down":{"uv":[6,6,8,4],"texture":"#2"}}},{"from":[7.58,16.25,5.45],"to":[8.18,16.85,6.05],"shade":false,"rotation":{"angle":0,"axis":"y","origin":[0,-3,0]},"faces":{"north":{"uv":[4,4,6,2],"texture":"#2"},"east":{"uv":[4,4,6,2],"texture":"#2"},"south":{"uv":[4,4,6,2],"texture":"#2"},"west":{"uv":[4,4,6,2],"texture":"#2"},"up":{"uv":[4,4,6,2],"texture":"#2"},"down":{"uv":[4,4,6,2],"texture":"#2"}}},{"from":[8.43,17.1,6.3],"to":[7.33,16,5.2],"shade":false,"rotation":{"angle":0,"axis":"y","origin":[0,-3,0]},"faces":{"north":{"uv":[6,4,8,2],"texture":"#2"},"east":{"uv":[6,4,8,2],"texture":"#2"},"south":{"uv":[6,4,8,2],"texture":"#2"},"west":{"uv":[6,4,8,2],"texture":"#2"},"up":{"uv":[6,4,8,2],"texture":"#2"},"down":{"uv":[6,4,8,2],"texture":"#2"}}},{"from":[13.85,15.3,4.45],"to":[14.45,15.9,5.05],"shade":false,"rotation":{"angle":0,"axis":"y","origin":[16,-3,0]},"faces":{"north":{"uv":[10,16,8,14],"texture":"#2"},"east":{"uv":[10,16,8,14],"texture":"#2"},"south":{"uv":[10,16,8,14],"texture":"#2"},"west":{"uv":[10,16,8,14],"texture":"#2"},"up":{"uv":[10,16,8,14],"texture":"#2"},"down":{"uv":[10,16,8,14],"texture":"#2"}}},{"from":[14.7,16.15,5.3],"to":[13.6,15.05,4.2],"shade":false,"rotation":{"angle":0,"axis":"y","origin":[16,-3,0]},"faces":{"north":{"uv":[12,16,10,14],"texture":"#2"},"east":{"uv":[12,16,10,14],"texture":"#2"},"south":{"uv":[12,16,10,14],"texture":"#2"},"west":{"uv":[12,16,10,14],"texture":"#2"},"up":{"uv":[12,16,10,14],"texture":"#2"},"down":{"uv":[12,16,10,14],"texture":"#2"}}},{"from":[12.80564,15.55616,3.9],"to":[13.50564,16.25616,4.6],"shade":false,"rotation":{"angle":0,"axis":"y","origin":[16,-3,0]},"faces":{"north":{"uv":[10,14,8,12],"texture":"#2"},"east":{"uv":[10,14,8,12],"texture":"#2"},"south":{"uv":[10,14,8,12],"texture":"#2"},"west":{"uv":[10,14,8,12],"texture":"#2"},"up":{"uv":[10,14,8,12],"texture":"#2"},"down":{"uv":[10,14,8,12],"texture":"#2"}}},{"from":[13.80564,16.55616,4.9],"to":[12.50564,15.25616,3.6],"shade":false,"rotation":{"angle":0,"axis":"y","origin":[16,-3,0]},"faces":{"north":{"uv":[12,14,10,12],"texture":"#2"},"east":{"uv":[12,14,10,12],"texture":"#2"},"south":{"uv":[12,14,10,12],"texture":"#2"},"west":{"uv":[12,14,10,12],"texture":"#2"},"up":{"uv":[12,14,10,12],"texture":"#2"},"down":{"uv":[12,14,10,12],"texture":"#2"}}},{"from":[11.65781,15.75,3.25],"to":[12.65781,16.75,4.25],"shade":false,"rotation":{"angle":0,"axis":"y","origin":[16,-3,0]},"faces":{"north":{"uv":[10,12,8,10],"texture":"#2"},"east":{"uv":[10,12,8,10],"texture":"#2"},"south":{"uv":[10,12,8,10],"texture":"#2"},"west":{"uv":[10,12,8,10],"texture":"#2"},"up":{"uv":[10,12,8,10],"texture":"#2"},"down":{"uv":[10,12,8,10],"texture":"#2"}}},{"from":[12.90781,17,4.5],"to":[11.40781,15.5,3],"shade":false,"rotation":{"angle":0,"axis":"y","origin":[16,-3,0]},"faces":{"north":{"uv":[12,12,10,10],"texture":"#2"},"east":{"uv":[12,12,10,10],"texture":"#2"},"south":{"uv":[12,12,10,10],"texture":"#2"},"west":{"uv":[12,12,10,10],"texture":"#2"},"up":{"uv":[12,12,10,10],"texture":"#2"},"down":{"uv":[12,12,10,10],"texture":"#2"}}},{"from":[10.65332,16.1,3.25],"to":[11.65332,17.1,4.25],"shade":false,"rotation":{"angle":0,"axis":"y","origin":[16,-3,0]},"faces":{"north":{"uv":[10,10,8,8],"rotation":90,"texture":"#2"},"east":{"uv":[10,10,8,8],"rotation":270,"texture":"#2"},"south":{"uv":[10,10,8,8],"rotation":270,"texture":"#2"},"west":{"uv":[10,10,8,8],"rotation":270,"texture":"#2"},"up":{"uv":[10,10,8,8],"rotation":270,"texture":"#2"},"down":{"uv":[10,10,8,8],"rotation":270,"texture":"#2"}}},{"from":[11.90332,17.343,4.5],"to":[10.40332,15.843,3],"shade":false,"rotation":{"angle":0,"axis":"y","origin":[16,-3,0]},"faces":{"north":{"uv":[12,10,10,8],"rotation":90,"texture":"#2"},"east":{"uv":[12,10,10,8],"rotation":270,"texture":"#2"},"south":{"uv":[12,10,10,8],"rotation":270,"texture":"#2"},"west":{"uv":[12,10,10,8],"rotation":270,"texture":"#2"},"up":{"uv":[12,10,10,8],"rotation":270,"texture":"#2"},"down":{"uv":[12,10,10,8],"rotation":270,"texture":"#2"}}},{"from":[9.65,16.45,4],"to":[10.65,17.45,5],"shade":false,"rotation":{"angle":0,"axis":"y","origin":[16,-3,0]},"faces":{"north":{"uv":[10,8,8,6],"texture":"#2"},"east":{"uv":[10,8,8,6],"texture":"#2"},"south":{"uv":[10,8,8,6],"texture":"#2"},"west":{"uv":[10,8,8,6],"texture":"#2"},"up":{"uv":[10,8,8,6],"texture":"#2"},"down":{"uv":[10,8,8,6],"texture":"#2"}}},{"from":[10.9,17.7,5.25],"to":[9.4,16.2,3.75],"shade":false,"rotation":{"angle":0,"axis":"y","origin":[16,-3,0]},"faces":{"north":{"uv":[12,8,10,6],"texture":"#2"},"east":{"uv":[12,8,10,6],"texture":"#2"},"south":{"uv":[12,8,10,6],"texture":"#2"},"west":{"uv":[12,8,10,6],"texture":"#2"},"up":{"uv":[12,8,10,6],"texture":"#2"},"down":{"uv":[12,8,10,6],"texture":"#2"}}},{"from":[8.78191,16.91432,4.9],"to":[9.48191,17.61432,5.6],"shade":false,"rotation":{"angle":0,"axis":"y","origin":[16,-3,0]},"faces":{"north":{"uv":[10,6,8,4],"texture":"#2"},"east":{"uv":[10,6,8,4],"texture":"#2"},"south":{"uv":[10,6,8,4],"texture":"#2"},"west":{"uv":[10,6,8,4],"texture":"#2"},"up":{"uv":[10,6,8,4],"texture":"#2"},"down":{"uv":[10,6,8,4],"texture":"#2"}}},{"from":[9.78191,17.91432,5.9],"to":[8.48191,16.61432,4.6],"shade":false,"rotation":{"angle":0,"axis":"y","origin":[16,-3,0]},"faces":{"north":{"uv":[12,6,10,4],"texture":"#2"},"east":{"uv":[12,6,10,4],"texture":"#2"},"south":{"uv":[12,6,10,4],"texture":"#2"},"west":{"uv":[12,6,10,4],"texture":"#2"},"up":{"uv":[12,6,10,4],"texture":"#2"},"down":{"uv":[12,6,10,4],"texture":"#2"}}},{"from":[7.82,17.25,5.45],"to":[8.42,17.85,6.05],"shade":false,"rotation":{"angle":0,"axis":"y","origin":[16,-3,0]},"faces":{"north":{"uv":[10,4,8,2],"texture":"#2"},"east":{"uv":[10,4,8,2],"texture":"#2"},"south":{"uv":[10,4,8,2],"texture":"#2"},"west":{"uv":[10,4,8,2],"texture":"#2"},"up":{"uv":[10,4,8,2],"texture":"#2"},"down":{"uv":[10,4,8,2],"texture":"#2"}}},{"from":[8.67,18.1,6.3],"to":[7.57,17,5.2],"shade":false,"rotation":{"angle":0,"axis":"y","origin":[16,-3,0]},"faces":{"north":{"uv":[12,4,10,2],"texture":"#2"},"east":{"uv":[12,4,10,2],"texture":"#2"},"south":{"uv":[12,4,10,2],"texture":"#2"},"west":{"uv":[12,4,10,2],"texture":"#2"},"up":{"uv":[12,4,10,2],"texture":"#2"},"down":{"uv":[12,4,10,2],"texture":"#2"}}},{"from":[13.85,20.1,10.95],"to":[14.45,20.7,11.55],"shade":false,"rotation":{"angle":0,"axis":"y","origin":[16,21,16]},"faces":{"north":{"uv":[12,14,14,16],"texture":"#2"},"east":{"uv":[12,14,14,16],"texture":"#2"},"south":{"uv":[12,14,14,16],"texture":"#2"},"west":{"uv":[12,14,14,16],"texture":"#2"},"up":{"uv":[14,16,12,14],"texture":"#2"},"down":{"uv":[14,16,12,14],"texture":"#2"}}},{"from":[14.7,20.95,11.8],"to":[13.6,19.85,10.7],"shade":false,"rotation":{"angle":0,"axis":"y","origin":[16,21,16]},"faces":{"north":{"uv":[14,14,16,16],"texture":"#2"},"east":{"uv":[14,14,16,16],"texture":"#2"},"south":{"uv":[14,14,16,16],"texture":"#2"},"west":{"uv":[14,14,16,16],"texture":"#2"},"up":{"uv":[16,16,14,14],"texture":"#2"},"down":{"uv":[16,16,14,14],"texture":"#2"}}},{"from":[12.80564,19.74384,11.4],"to":[13.50564,20.44384,12.1],"shade":false,"rotation":{"angle":0,"axis":"y","origin":[16,21,16]},"faces":{"north":{"uv":[12,12,14,14],"texture":"#2"},"east":{"uv":[12,12,14,14],"texture":"#2"},"south":{"uv":[12,12,14,14],"texture":"#2"},"west":{"uv":[12,12,14,14],"texture":"#2"},"up":{"uv":[14,14,12,12],"texture":"#2"},"down":{"uv":[14,14,12,12],"texture":"#2"}}},{"from":[13.80564,20.74384,12.4],"to":[12.50564,19.44384,11.1],"shade":false,"rotation":{"angle":0,"axis":"y","origin":[16,21,16]},"faces":{"north":{"uv":[14,12,16,14],"texture":"#2"},"east":{"uv":[14,12,16,14],"texture":"#2"},"south":{"uv":[14,12,16,14],"texture":"#2"},"west":{"uv":[14,12,16,14],"texture":"#2"},"up":{"uv":[16,14,14,12],"texture":"#2"},"down":{"uv":[16,14,14,12],"texture":"#2"}}},{"from":[11.65781,19.25,11.75],"to":[12.65781,20.25,12.75],"shade":false,"rotation":{"angle":0,"axis":"y","origin":[16,21,16]},"faces":{"north":{"uv":[12,10,14,12],"texture":"#2"},"east":{"uv":[12,10,14,12],"texture":"#2"},"south":{"uv":[12,10,14,12],"texture":"#2"},"west":{"uv":[12,10,14,12],"texture":"#2"},"up":{"uv":[14,12,12,10],"texture":"#2"},"down":{"uv":[14,12,12,10],"texture":"#2"}}},{"from":[12.90781,20.5,13],"to":[11.40781,19,11.5],"shade":false,"rotation":{"angle":0,"axis":"y","origin":[16,21,16]},"faces":{"north":{"uv":[14,10,16,12],"texture":"#2"},"east":{"uv":[14,10,16,12],"texture":"#2"},"south":{"uv":[14,10,16,12],"texture":"#2"},"west":{"uv":[14,10,16,12],"texture":"#2"},"up":{"uv":[16,12,14,10],"texture":"#2"},"down":{"uv":[16,12,14,10],"texture":"#2"}}},{"from":[10.65332,18.9,11.75],"to":[11.65332,19.9,12.75],"shade":false,"rotation":{"angle":0,"axis":"y","origin":[16,21,16]},"faces":{"north":{"uv":[12,8,14,10],"rotation":270,"texture":"#2"},"east":{"uv":[12,8,14,10],"rotation":270,"texture":"#2"},"south":{"uv":[12,8,14,10],"rotation":90,"texture":"#2"},"west":{"uv":[12,8,14,10],"rotation":270,"texture":"#2"},"up":{"uv":[14,10,12,8],"rotation":270,"texture":"#2"},"down":{"uv":[14,10,12,8],"rotation":270,"texture":"#2"}}},{"from":[11.90332,20.157,13],"to":[10.40332,18.657,11.5],"shade":false,"rotation":{"angle":0,"axis":"y","origin":[16,21,16]},"faces":{"north":{"uv":[14,8,16,10],"rotation":270,"texture":"#2"},"east":{"uv":[14,8,16,10],"rotation":270,"texture":"#2"},"south":{"uv":[14,8,16,10],"rotation":90,"texture":"#2"},"west":{"uv":[14,8,16,10],"rotation":270,"texture":"#2"},"up":{"uv":[16,10,14,8],"rotation":270,"texture":"#2"},"down":{"uv":[16,10,14,8],"rotation":270,"texture":"#2"}}},{"from":[9.65,18.55,11],"to":[10.65,19.55,12],"shade":false,"rotation":{"angle":0,"axis":"y","origin":[16,21,16]},"faces":{"north":{"uv":[12,6,14,8],"texture":"#2"},"east":{"uv":[12,6,14,8],"texture":"#2"},"south":{"uv":[12,6,14,8],"texture":"#2"},"west":{"uv":[12,6,14,8],"texture":"#2"},"up":{"uv":[14,8,12,6],"texture":"#2"},"down":{"uv":[14,8,12,6],"texture":"#2"}}},{"from":[10.9,19.8,12.25],"to":[9.4,18.3,10.75],"shade":false,"rotation":{"angle":0,"axis":"y","origin":[16,21,16]},"faces":{"north":{"uv":[14,6,16,8],"texture":"#2"},"east":{"uv":[14,6,16,8],"texture":"#2"},"south":{"uv":[14,6,16,8],"texture":"#2"},"west":{"uv":[14,6,16,8],"texture":"#2"},"up":{"uv":[16,8,14,6],"texture":"#2"},"down":{"uv":[16,8,14,6],"texture":"#2"}}},{"from":[8.78191,18.38568,10.4],"to":[9.48191,19.08568,11.1],"shade":false,"rotation":{"angle":0,"axis":"y","origin":[16,21,16]},"faces":{"north":{"uv":[12,4,14,6],"texture":"#2"},"east":{"uv":[12,4,14,6],"texture":"#2"},"south":{"uv":[12,4,14,6],"texture":"#2"},"west":{"uv":[12,4,14,6],"texture":"#2"},"up":{"uv":[14,6,12,4],"texture":"#2"},"down":{"uv":[14,6,12,4],"texture":"#2"}}},{"from":[9.78191,19.38568,11.4],"to":[8.48191,18.08568,10.1],"shade":false,"rotation":{"angle":0,"axis":"y","origin":[16,21,16]},"faces":{"north":{"uv":[14,4,16,6],"texture":"#2"},"east":{"uv":[14,4,16,6],"texture":"#2"},"south":{"uv":[14,4,16,6],"texture":"#2"},"west":{"uv":[14,4,16,6],"texture":"#2"},"up":{"uv":[16,6,14,4],"texture":"#2"},"down":{"uv":[16,6,14,4],"texture":"#2"}}},{"from":[7.82,18.15,9.95],"to":[8.42,18.75,10.55],"shade":false,"rotation":{"angle":0,"axis":"y","origin":[16,21,16]},"faces":{"north":{"uv":[12,2,14,4],"texture":"#2"},"east":{"uv":[12,2,14,4],"texture":"#2"},"south":{"uv":[12,2,14,4],"texture":"#2"},"west":{"uv":[12,2,14,4],"texture":"#2"},"up":{"uv":[14,4,12,2],"texture":"#2"},"down":{"uv":[14,4,12,2],"texture":"#2"}}},{"from":[8.67,19,10.8],"to":[7.57,17.9,9.7],"shade":false,"rotation":{"angle":0,"axis":"y","origin":[16,21,16]},"faces":{"north":{"uv":[14,2,16,4],"texture":"#2"},"east":{"uv":[14,2,16,4],"texture":"#2"},"south":{"uv":[14,2,16,4],"texture":"#2"},"west":{"uv":[14,2,16,4],"texture":"#2"},"up":{"uv":[16,4,14,2],"texture":"#2"},"down":{"uv":[16,4,14,2],"texture":"#2"}}},{"from":[13.85,14.3,10.95],"to":[14.45,14.9,11.55],"shade":false,"rotation":{"angle":0,"axis":"y","origin":[16,-3,16]},"faces":{"north":{"uv":[8,16,10,14],"texture":"#2"},"east":{"uv":[8,16,10,14],"texture":"#2"},"south":{"uv":[8,16,10,14],"texture":"#2"},"west":{"uv":[8,16,10,14],"texture":"#2"},"up":{"uv":[10,14,8,16],"texture":"#2"},"down":{"uv":[10,14,8,16],"texture":"#2"}}},{"from":[14.7,15.15,11.8],"to":[13.6,14.05,10.7],"shade":false,"rotation":{"angle":0,"axis":"y","origin":[16,-3,16]},"faces":{"north":{"uv":[10,16,12,14],"texture":"#2"},"east":{"uv":[10,16,12,14],"texture":"#2"},"south":{"uv":[10,16,12,14],"texture":"#2"},"west":{"uv":[10,16,12,14],"texture":"#2"},"up":{"uv":[12,14,10,16],"texture":"#2"},"down":{"uv":[12,14,10,16],"texture":"#2"}}},{"from":[12.80564,14.55616,11.4],"to":[13.50564,15.25616,12.1],"shade":false,"rotation":{"angle":0,"axis":"y","origin":[16,-3,16]},"faces":{"north":{"uv":[8,14,10,12],"texture":"#2"},"east":{"uv":[8,14,10,12],"texture":"#2"},"south":{"uv":[8,14,10,12],"texture":"#2"},"west":{"uv":[8,14,10,12],"texture":"#2"},"up":{"uv":[10,12,8,14],"texture":"#2"},"down":{"uv":[10,12,8,14],"texture":"#2"}}},{"from":[13.80564,15.55616,12.4],"to":[12.50564,14.25616,11.1],"shade":false,"rotation":{"angle":0,"axis":"y","origin":[16,-3,16]},"faces":{"north":{"uv":[10,14,12,12],"texture":"#2"},"east":{"uv":[10,14,12,12],"texture":"#2"},"south":{"uv":[10,14,12,12],"texture":"#2"},"west":{"uv":[10,14,12,12],"texture":"#2"},"up":{"uv":[12,12,10,14],"texture":"#2"},"down":{"uv":[12,12,10,14],"texture":"#2"}}},{"from":[11.65781,14.75,11.75],"to":[12.65781,15.75,12.75],"shade":false,"rotation":{"angle":0,"axis":"y","origin":[16,-3,16]},"faces":{"north":{"uv":[8,12,10,10],"texture":"#2"},"east":{"uv":[8,12,10,10],"texture":"#2"},"south":{"uv":[8,12,10,10],"texture":"#2"},"west":{"uv":[8,12,10,10],"texture":"#2"},"up":{"uv":[10,10,8,12],"texture":"#2"},"down":{"uv":[10,10,8,12],"texture":"#2"}}},{"from":[12.90781,16,13],"to":[11.40781,14.5,11.5],"shade":false,"rotation":{"angle":0,"axis":"y","origin":[16,-3,16]},"faces":{"north":{"uv":[10,12,12,10],"texture":"#2"},"east":{"uv":[10,12,12,10],"texture":"#2"},"south":{"uv":[10,12,12,10],"texture":"#2"},"west":{"uv":[10,12,12,10],"texture":"#2"},"up":{"uv":[12,10,10,12],"texture":"#2"},"down":{"uv":[12,10,10,12],"texture":"#2"}}},{"from":[10.65332,15.1,11.75],"to":[11.65332,16.1,12.75],"shade":false,"rotation":{"angle":0,"axis":"y","origin":[16,-3,16]},"faces":{"north":{"uv":[10,8,8,10],"rotation":270,"texture":"#2"},"east":{"uv":[10,8,8,10],"rotation":270,"texture":"#2"},"south":{"uv":[10,8,8,10],"rotation":90,"texture":"#2"},"west":{"uv":[10,8,8,10],"rotation":270,"texture":"#2"},"up":{"uv":[8,10,10,8],"rotation":270,"texture":"#2"},"down":{"uv":[8,10,10,8],"rotation":270,"texture":"#2"}}},{"from":[11.90332,16.343,13],"to":[10.40332,14.843,11.5],"shade":false,"rotation":{"angle":0,"axis":"y","origin":[16,-3,16]},"faces":{"north":{"uv":[12,8,10,10],"rotation":270,"texture":"#2"},"east":{"uv":[12,8,10,10],"rotation":270,"texture":"#2"},"south":{"uv":[12,8,10,10],"rotation":90,"texture":"#2"},"west":{"uv":[12,8,10,10],"rotation":270,"texture":"#2"},"up":{"uv":[10,10,12,8],"rotation":270,"texture":"#2"},"down":{"uv":[10,10,12,8],"rotation":270,"texture":"#2"}}},{"from":[9.65,15.45,11],"to":[10.65,16.45,12],"shade":false,"rotation":{"angle":0,"axis":"y","origin":[16,-3,16]},"faces":{"north":{"uv":[8,8,10,6],"texture":"#2"},"east":{"uv":[8,8,10,6],"texture":"#2"},"south":{"uv":[8,8,10,6],"texture":"#2"},"west":{"uv":[8,8,10,6],"texture":"#2"},"up":{"uv":[10,6,8,8],"texture":"#2"},"down":{"uv":[10,6,8,8],"texture":"#2"}}},{"from":[10.9,16.7,12.25],"to":[9.4,15.2,10.75],"shade":false,"rotation":{"angle":0,"axis":"y","origin":[16,-3,16]},"faces":{"north":{"uv":[10,8,12,6],"texture":"#2"},"east":{"uv":[10,8,12,6],"texture":"#2"},"south":{"uv":[10,8,12,6],"texture":"#2"},"west":{"uv":[10,8,12,6],"texture":"#2"},"up":{"uv":[12,6,10,8],"texture":"#2"},"down":{"uv":[12,6,10,8],"texture":"#2"}}},{"from":[8.78191,15.91432,10.4],"to":[9.48191,16.61432,11.1],"shade":false,"rotation":{"angle":0,"axis":"y","origin":[16,-3,16]},"faces":{"north":{"uv":[8,6,10,4],"texture":"#2"},"east":{"uv":[8,6,10,4],"texture":"#2"},"south":{"uv":[8,6,10,4],"texture":"#2"},"west":{"uv":[8,6,10,4],"texture":"#2"},"up":{"uv":[10,4,8,6],"texture":"#2"},"down":{"uv":[10,4,8,6],"texture":"#2"}}},{"from":[9.78191,16.91432,11.4],"to":[8.48191,15.61432,10.1],"shade":false,"rotation":{"angle":0,"axis":"y","origin":[16,-3,16]},"faces":{"north":{"uv":[10,6,12,4],"texture":"#2"},"east":{"uv":[10,6,12,4],"texture":"#2"},"south":{"uv":[10,6,12,4],"texture":"#2"},"west":{"uv":[10,6,12,4],"texture":"#2"},"up":{"uv":[12,4,10,6],"texture":"#2"},"down":{"uv":[12,4,10,6],"texture":"#2"}}},{"from":[7.82,16.25,9.95],"to":[8.42,16.85,10.55],"shade":false,"rotation":{"angle":0,"axis":"y","origin":[16,-3,16]},"faces":{"north":{"uv":[8,4,10,2],"texture":"#2"},"east":{"uv":[8,4,10,2],"texture":"#2"},"south":{"uv":[8,4,10,2],"texture":"#2"},"west":{"uv":[8,4,10,2],"texture":"#2"},"up":{"uv":[10,2,8,4],"texture":"#2"},"down":{"uv":[10,2,8,4],"texture":"#2"}}},{"from":[8.67,17.1,10.8],"to":[7.57,16,9.7],"shade":false,"rotation":{"angle":0,"axis":"y","origin":[16,-3,16]},"faces":{"north":{"uv":[10,4,12,2],"texture":"#2"},"east":{"uv":[10,4,12,2],"texture":"#2"},"south":{"uv":[10,4,12,2],"texture":"#2"},"west":{"uv":[10,4,12,2],"texture":"#2"},"up":{"uv":[12,2,10,4],"texture":"#2"},"down":{"uv":[12,2,10,4],"texture":"#2"}}},{"from":[1.55,15.3,10.95],"to":[2.15,15.9,11.55],"shade":false,"rotation":{"angle":0,"axis":"y","origin":[0,-3,16]},"faces":{"north":{"uv":[6,16,4,14],"texture":"#2"},"east":{"uv":[6,16,4,14],"texture":"#2"},"south":{"uv":[6,16,4,14],"texture":"#2"},"west":{"uv":[6,16,4,14],"texture":"#2"},"up":{"uv":[4,14,6,16],"texture":"#2"},"down":{"uv":[4,14,6,16],"texture":"#2"}}},{"from":[2.4,16.15,11.8],"to":[1.3,15.05,10.7],"shade":false,"rotation":{"angle":0,"axis":"y","origin":[0,-3,16]},"faces":{"north":{"uv":[8,16,6,14],"texture":"#2"},"east":{"uv":[8,16,6,14],"texture":"#2"},"south":{"uv":[8,16,6,14],"texture":"#2"},"west":{"uv":[8,16,6,14],"texture":"#2"},"up":{"uv":[6,14,8,16],"texture":"#2"},"down":{"uv":[6,14,8,16],"texture":"#2"}}},{"from":[2.49436,15.55616,11.4],"to":[3.19436,16.25616,12.1],"shade":false,"rotation":{"angle":0,"axis":"y","origin":[0,-3,16]},"faces":{"north":{"uv":[6,14,4,12],"texture":"#2"},"east":{"uv":[6,14,4,12],"texture":"#2"},"south":{"uv":[6,14,4,12],"texture":"#2"},"west":{"uv":[6,14,4,12],"texture":"#2"},"up":{"uv":[4,12,6,14],"texture":"#2"},"down":{"uv":[4,12,6,14],"texture":"#2"}}},{"from":[3.49436,16.55616,12.4],"to":[2.19436,15.25616,11.1],"shade":false,"rotation":{"angle":0,"axis":"y","origin":[0,-3,16]},"faces":{"north":{"uv":[8,14,6,12],"texture":"#2"},"east":{"uv":[8,14,6,12],"texture":"#2"},"south":{"uv":[8,14,6,12],"texture":"#2"},"west":{"uv":[8,14,6,12],"texture":"#2"},"up":{"uv":[6,12,8,14],"texture":"#2"},"down":{"uv":[6,12,8,14],"texture":"#2"}}},{"from":[3.34219,15.75,11.75],"to":[4.34219,16.75,12.75],"shade":false,"rotation":{"angle":0,"axis":"y","origin":[0,-3,16]},"faces":{"north":{"uv":[6,12,4,10],"texture":"#2"},"east":{"uv":[6,12,4,10],"texture":"#2"},"south":{"uv":[6,12,4,10],"texture":"#2"},"west":{"uv":[6,12,4,10],"texture":"#2"},"up":{"uv":[4,10,6,12],"texture":"#2"},"down":{"uv":[4,10,6,12],"texture":"#2"}}},{"from":[4.59219,17,13],"to":[3.09219,15.5,11.5],"shade":false,"rotation":{"angle":0,"axis":"y","origin":[0,-3,16]},"faces":{"north":{"uv":[8,12,6,10],"texture":"#2"},"east":{"uv":[8,12,6,10],"texture":"#2"},"south":{"uv":[8,12,6,10],"texture":"#2"},"west":{"uv":[8,12,6,10],"texture":"#2"},"up":{"uv":[6,10,8,12],"texture":"#2"},"down":{"uv":[6,10,8,12],"texture":"#2"}}},{"from":[4.34668,16.1,11.75],"to":[5.34668,17.1,12.75],"shade":false,"rotation":{"angle":0,"axis":"y","origin":[0,-3,16]},"faces":{"north":{"uv":[6,10,4,8],"rotation":270,"texture":"#2"},"east":{"uv":[6,10,4,8],"rotation":270,"texture":"#2"},"south":{"uv":[6,10,4,8],"rotation":90,"texture":"#2"},"west":{"uv":[6,10,4,8],"rotation":270,"texture":"#2"},"up":{"uv":[4,8,6,10],"rotation":270,"texture":"#2"},"down":{"uv":[4,8,6,10],"rotation":270,"texture":"#2"}}},{"from":[5.59668,17.343,13],"to":[4.09668,15.843,11.5],"shade":false,"rotation":{"angle":0,"axis":"y","origin":[0,-3,16]},"faces":{"north":{"uv":[8,10,6,8],"rotation":270,"texture":"#2"},"east":{"uv":[8,10,6,8],"rotation":270,"texture":"#2"},"south":{"uv":[8,10,6,8],"rotation":90,"texture":"#2"},"west":{"uv":[8,10,6,8],"rotation":270,"texture":"#2"},"up":{"uv":[6,8,8,10],"rotation":270,"texture":"#2"},"down":{"uv":[6,8,8,10],"rotation":270,"texture":"#2"}}},{"from":[5.35,16.45,11],"to":[6.35,17.45,12],"shade":false,"rotation":{"angle":0,"axis":"y","origin":[0,-3,16]},"faces":{"north":{"uv":[6,8,4,6],"texture":"#2"},"east":{"uv":[6,8,4,6],"texture":"#2"},"south":{"uv":[6,8,4,6],"texture":"#2"},"west":{"uv":[6,8,4,6],"texture":"#2"},"up":{"uv":[4,6,6,8],"texture":"#2"},"down":{"uv":[4,6,6,8],"texture":"#2"}}},{"from":[6.6,17.7,12.25],"to":[5.1,16.2,10.75],"shade":false,"rotation":{"angle":0,"axis":"y","origin":[0,-3,16]},"faces":{"north":{"uv":[8,8,6,6],"texture":"#2"},"east":{"uv":[8,8,6,6],"texture":"#2"},"south":{"uv":[8,8,6,6],"texture":"#2"},"west":{"uv":[8,8,6,6],"texture":"#2"},"up":{"uv":[6,6,8,8],"texture":"#2"},"down":{"uv":[6,6,8,8],"texture":"#2"}}},{"from":[6.51809,16.91432,10.4],"to":[7.21809,17.61432,11.1],"shade":false,"rotation":{"angle":0,"axis":"y","origin":[0,-3,16]},"faces":{"north":{"uv":[6,6,4,4],"texture":"#2"},"east":{"uv":[6,6,4,4],"texture":"#2"},"south":{"uv":[6,6,4,4],"texture":"#2"},"west":{"uv":[6,6,4,4],"texture":"#2"},"up":{"uv":[4,4,6,6],"texture":"#2"},"down":{"uv":[4,4,6,6],"texture":"#2"}}},{"from":[7.51809,17.91432,11.4],"to":[6.21809,16.61432,10.1],"shade":false,"rotation":{"angle":0,"axis":"y","origin":[0,-3,16]},"faces":{"north":{"uv":[8,6,6,4],"texture":"#2"},"east":{"uv":[8,6,6,4],"texture":"#2"},"south":{"uv":[8,6,6,4],"texture":"#2"},"west":{"uv":[8,6,6,4],"texture":"#2"},"up":{"uv":[6,4,8,6],"texture":"#2"},"down":{"uv":[6,4,8,6],"texture":"#2"}}},{"from":[7.58,17.25,9.95],"to":[8.18,17.85,10.55],"shade":false,"rotation":{"angle":0,"axis":"y","origin":[0,-3,16]},"faces":{"north":{"uv":[6,4,4,2],"texture":"#2"},"east":{"uv":[6,4,4,2],"texture":"#2"},"south":{"uv":[6,4,4,2],"texture":"#2"},"west":{"uv":[6,4,4,2],"texture":"#2"},"up":{"uv":[4,2,6,4],"texture":"#2"},"down":{"uv":[4,2,6,4],"texture":"#2"}}},{"from":[8.43,18.1,10.8],"to":[7.33,17,9.7],"shade":false,"rotation":{"angle":0,"axis":"y","origin":[0,-3,16]},"faces":{"north":{"uv":[8,4,6,2],"texture":"#2"},"east":{"uv":[8,4,6,2],"texture":"#2"},"south":{"uv":[8,4,6,2],"texture":"#2"},"west":{"uv":[8,4,6,2],"texture":"#2"},"up":{"uv":[6,2,8,4],"texture":"#2"},"down":{"uv":[6,2,8,4],"texture":"#2"}}}],"gui_light":"front","display":{"thirdperson_righthand":{"rotation":[0,90,0],"translation":[0,-2,1.5],"scale":[0.6,0.6,0.6]},"thirdperson_lefthand":{"rotation":[0,-90,0],"translation":[0,-2,1.5],"scale":[0.6,0.6,0.6]},"firstperson_righthand":{"rotation":[6.25,90,0],"translation":[4.25,0.5,0],"scale":[0.41016,0.41016,0.41016]},"firstperson_lefthand":{"rotation":[6.25,-90,0],"translation":[4.25,0.5,0],"scale":[0.41016,0.41016,0.41016]},"ground":{"rotation":[0,0,-45],"translation":[0,6,0],"scale":[0.4,0.4,0.4]},"gui":{"rotation":[180,0,-135],"translation":[-2.75,-2.75,0],"scale":[0.48047,0.48047,0.48047]},"head":{"scale":[0,0,0]},"fixed":{"translation":[0,-10.25,-2.75],"scale":[1.4,1.4,1.4]}}}