{"credit":"by w11shes","texture_size":[32,32],"textures":{"0":"elitecreatures:demonic_weapon_assortment/demonic_wings","particle":"elitecreatures:demonic_weapon_assortment/demonic_wings"},"elements":[{"from":[0,0,5.98],"to":[5,4,10.02],"rotation":{"angle":-45,"axis":"z","origin":[5,0,6]},"faces":{"north":{"uv":[9,0,11.5,2],"texture":"#0"},"east":{"uv":[11.5,0,13.5,2],"texture":"#0"},"south":{"uv":[11.5,0,9,2],"texture":"#0"},"west":{"uv":[11.5,2,13.5,4],"texture":"#0"},"up":{"uv":[11.5,4,9,2],"texture":"#0"},"down":{"uv":[11.5,4,9,6],"texture":"#0"}}},{"from":[-2,3,7.98],"to":[2,7,8.03],"rotation":{"angle":-45,"axis":"z","origin":[5,0,6]},"faces":{"north":{"uv":[11.5,6,13.5,8],"texture":"#0"},"south":{"uv":[13.5,6,11.5,8],"texture":"#0"}}},{"from":[-1,1,6],"to":[4,5,10],"rotation":{"angle":0,"axis":"y","origin":[-2,0,0]},"faces":{"north":{"uv":[9,6,11.5,8],"texture":"#0"},"south":{"uv":[11.5,6,9,8],"texture":"#0"},"west":{"uv":[11.5,4,13.5,6],"texture":"#0"},"up":{"uv":[11.5,10,9,8],"texture":"#0"},"down":{"uv":[11.5,10,9,12],"texture":"#0"}}},{"from":[-12,-11,8],"to":[6,15,8.05],"rotation":{"angle":0,"axis":"y","origin":[-2,0,0]},"faces":{"north":{"uv":[0,0,9,13],"texture":"#0"},"south":{"uv":[9,0,0,13],"texture":"#0"}}},{"from":[11,0,5.98],"to":[16,4,10.02],"rotation":{"angle":45,"axis":"z","origin":[11,0,6]},"faces":{"north":{"uv":[11.5,0,9,2],"texture":"#0"},"east":{"uv":[13.5,2,11.5,4],"texture":"#0"},"south":{"uv":[9,0,11.5,2],"texture":"#0"},"west":{"uv":[13.5,0,11.5,2],"texture":"#0"},"up":{"uv":[9,4,11.5,2],"texture":"#0"},"down":{"uv":[9,4,11.5,6],"texture":"#0"}}},{"from":[12,1,6],"to":[17,5,10],"rotation":{"angle":0,"axis":"y","origin":[18,0,0]},"faces":{"north":{"uv":[11.5,6,9,8],"texture":"#0"},"east":{"uv":[13.5,4,11.5,6],"texture":"#0"},"south":{"uv":[9,6,11.5,8],"texture":"#0"},"up":{"uv":[9,10,11.5,8],"texture":"#0"},"down":{"uv":[9,10,11.5,12],"texture":"#0"}}},{"from":[10,-11,8],"to":[28,15,8.05],"rotation":{"angle":0,"axis":"y","origin":[18,0,0]},"faces":{"north":{"uv":[9,0,0,13],"texture":"#0"},"south":{"uv":[0,0,9,13],"texture":"#0"}}},{"from":[14,3,7.98],"to":[18,7,8.03],"rotation":{"angle":45,"axis":"z","origin":[11,0,6]},"faces":{"north":{"uv":[13.5,6,11.5,8],"texture":"#0"},"south":{"uv":[11.5,6,13.5,8],"texture":"#0"}}}],"gui_light":"front","display":{"thirdperson_righthand":{"rotation":[67.5,0,0],"translation":[0,0.75,0.75],"scale":[0.22266,0.22266,0.22266]},"thirdperson_lefthand":{"rotation":[67.5,0,0],"translation":[-6.25,-4.75,14]},"firstperson_righthand":{"translation":[4.75,4,0],"scale":[0.42383,0.42383,0.42383]},"firstperson_lefthand":{"scale":[0,0,0]},"ground":{"translation":[0,9,0],"scale":[0.46,0.46,0.46]},"gui":{"translation":[0,2,0],"scale":[0.38281,0.38281,0.38281]},"head":{"translation":[0,-5,6.5],"scale":[1.6,1.6,1.6]},"fixed":{"translation":[0,12.75,-3.5],"scale":[1.8,1.8,1.8]}}}