{"credit":"MadewithBlockbench","texture_size":[32,32],"textures":{"main":"soulweaver_set:soulweaver_scythe","1_main":"soulweaver_set:soulweaver_scythe_fx"},"elements":[{"name":"Box1","from":[6.87254,19.3803,11.13051],"to":[6.87354,25.91551,17.71502],"rotation":{"angle":0,"axis":"y","origin":[6.87327,12.6197,9.23968]},"faces":{"north":{"uv":[3.5,3.77465,3.50025,4],"texture":"#main"},"east":{"uv":[0,3.26761,3.29226,0],"texture":"#main"},"south":{"uv":[0.49975,3.77465,0.5,4],"texture":"#main"},"west":{"uv":[3.29226,3.26761,0,0],"texture":"#main"},"up":{"uv":[3.5,3.5,3.72535,3.50025],"rotation":90,"texture":"#main"},"down":{"uv":[3.5,0.49975,3.72535,0.5],"rotation":270,"texture":"#main"}}},{"name":"Voxels","from":[6.64813,22.7606,8.45091],"to":[7.09884,23.43666,12.2819],"rotation":{"angle":0,"axis":"y","origin":[6.87327,12.6197,9.23968]},"faces":{"north":{"uv":[8.1875,2.0625,8.3125,2.25],"texture":"#main"},"east":{"uv":[9.6875,7.8125,8.625,8],"texture":"#main"},"south":{"uv":[8.3125,1.875,8.1875,2.0625],"texture":"#main"},"west":{"uv":[9.6875,7.8125,10.75,8],"texture":"#main"},"up":{"uv":[10.5,7.8125,11.5625,7.6875],"rotation":90,"texture":"#main"},"down":{"uv":[9.4375,7.6875,10.5,7.8125],"rotation":270,"texture":"#main"}}},{"name":"Voxels","from":[6.64813,24.338,8.45091],"to":[7.09884,24.7887,9.12697],"rotation":{"angle":0,"axis":"y","origin":[6.87327,12.6197,9.23968]},"faces":{"north":{"uv":[8.375,0.1875,8.5,0.3125],"texture":"#main"},"east":{"uv":[8.375,1.5,8.1875,1.625],"texture":"#main"},"south":{"uv":[8.625,0.875,8.5,1],"texture":"#main"},"west":{"uv":[8.1875,1.375,8.375,1.5],"texture":"#main"},"up":{"uv":[8.1875,1.75,8.375,1.625],"rotation":90,"texture":"#main"},"down":{"uv":[8.1875,1.75,8.375,1.875],"rotation":270,"texture":"#main"}}},{"name":"Voxels","from":[6.64813,24.7887,8.45091],"to":[7.09884,25.46476,8.90161],"rotation":{"angle":0,"axis":"y","origin":[6.87327,12.6197,9.23968]},"faces":{"north":{"uv":[8.375,2.625,8.5,2.8125],"texture":"#main"},"east":{"uv":[8.5,1.3125,8.375,1.5],"texture":"#main"},"south":{"uv":[8.5,1.125,8.375,1.3125],"texture":"#main"},"west":{"uv":[8.375,2.4375,8.5,2.625],"texture":"#main"},"up":{"uv":[8.5,1.25,8.625,1.125],"rotation":90,"texture":"#main"}}},{"name":"Voxels","from":[6.64813,23.4366,8.67631],"to":[7.09884,23.66195,12.05659],"rotation":{"angle":0,"axis":"y","origin":[6.87327,12.6197,9.23968]},"faces":{"north":{"uv":[10.75,6.625,10.875,6.6875],"texture":"#main"},"east":{"uv":[11.4375,7.625,10.5,7.6875],"texture":"#main"},"south":{"uv":[11,6.625,10.875,6.6875],"texture":"#main"},"west":{"uv":[9.125,7.1875,10.0625,7.25],"texture":"#main"},"up":{"uv":[9.5625,7.625,10.5,7.5],"rotation":90,"texture":"#main"}}},{"name":"Voxels","from":[6.64813,24.1127,8.67631],"to":[7.09884,24.33805,12.05659],"rotation":{"angle":0,"axis":"y","origin":[6.87327,12.6197,9.23968]},"faces":{"north":{"uv":[11,6.625,11.125,6.6875],"texture":"#main"},"east":{"uv":[10.0625,7.125,9.125,7.1875],"texture":"#main"},"south":{"uv":[8.5,0,8.375,0.0625],"texture":"#main"},"west":{"uv":[9.4375,7.625,10.375,7.6875],"texture":"#main"},"up":{"uv":[8.625,7.5,9.5625,7.375],"rotation":90,"texture":"#main"},"down":{"uv":[10.5,7.5,11.4375,7.625],"rotation":270,"texture":"#main"}}},{"name":"Voxels","from":[6.64813,25.4648,8.67631],"to":[7.09884,25.9155,8.90166],"rotation":{"angle":0,"axis":"y","origin":[6.87327,12.6197,9.23968]},"faces":{"north":{"uv":[8.5,2.5,8.625,2.625],"texture":"#main"},"east":{"uv":[8.1875,0,8.125,0.125],"texture":"#main"},"south":{"uv":[8.625,2.875,8.5,3],"texture":"#main"},"west":{"uv":[8.3125,2.875,8.375,3],"texture":"#main"},"up":{"uv":[8.125,0.25,8.1875,0.125],"rotation":90,"texture":"#main"}}},{"name":"Voxels","from":[6.64813,22.0845,8.90161],"to":[7.09884,22.76056,11.83119],"rotation":{"angle":0,"axis":"y","origin":[6.87327,12.6197,9.23968]},"faces":{"north":{"uv":[8.375,1.6875,8.5,1.875],"texture":"#main"},"east":{"uv":[11.5625,7.8125,10.75,8],"texture":"#main"},"south":{"uv":[8.5,1.875,8.375,2.0625],"texture":"#main"},"west":{"uv":[8.625,7.625,9.4375,7.8125],"texture":"#main"},"down":{"uv":[10.375,7.375,11.1875,7.5],"rotation":270,"texture":"#main"}}},{"name":"Voxels","from":[6.64813,23.8873,8.90161],"to":[7.09884,24.11265,11.83119],"rotation":{"angle":0,"axis":"y","origin":[6.87327,12.6197,9.23968]},"faces":{"north":{"uv":[11.875,7.8125,12,7.875],"texture":"#main"},"east":{"uv":[11.75,7.1875,10.9375,7.25],"texture":"#main"},"south":{"uv":[10.5,7.625,10.375,7.6875],"texture":"#main"},"west":{"uv":[10.9375,7.125,11.75,7.1875],"texture":"#main"},"down":{"uv":[11.1875,7.375,12,7.5],"rotation":270,"texture":"#main"}}},{"name":"Voxels","from":[6.64813,25.6901,8.90161],"to":[7.09884,26.1408,9.12696],"rotation":{"angle":0,"axis":"y","origin":[6.87327,12.6197,9.23968]},"faces":{"north":{"uv":[8.375,0.3125,8.5,0.4375],"texture":"#main"},"east":{"uv":[12,7.25,11.9375,7.375],"texture":"#main"},"south":{"uv":[8.5,0.4375,8.375,0.5625],"texture":"#main"},"west":{"uv":[11.3125,6.6875,11.375,6.8125],"texture":"#main"},"up":{"uv":[8.3125,0.25,8.375,0.125],"rotation":90,"texture":"#main"},"down":{"uv":[8.3125,1.0625,8.375,1.1875],"rotation":270,"texture":"#main"}}},{"name":"Voxels","from":[6.64813,-1.1268,9.35231],"to":[7.09884,0.45066,9.57766],"rotation":{"angle":0,"axis":"y","origin":[6.87327,12.6197,9.23968]},"faces":{"north":{"uv":[8,1.6875,8.125,2.125],"texture":"#main"},"east":{"uv":[8.1875,2.5625,8.125,3],"texture":"#main"},"south":{"uv":[8.125,1.25,8,1.6875],"texture":"#main"},"west":{"uv":[8.125,2.125,8.1875,2.5625],"texture":"#main"},"up":{"uv":[11.4375,6.8125,11.5,6.6875],"rotation":90,"texture":"#main"},"down":{"uv":[11.375,6.6875,11.4375,6.8125],"rotation":270,"texture":"#main"}}},{"name":"Voxels","from":[6.64813,21.6338,9.35231],"to":[7.09884,22.0845,9.57766],"rotation":{"angle":0,"axis":"y","origin":[6.87327,12.6197,9.23968]},"faces":{"north":{"uv":[8.375,0.5625,8.5,0.6875],"texture":"#main"},"east":{"uv":[11.8125,6.6875,11.75,6.8125],"texture":"#main"},"south":{"uv":[8.5,0.6875,8.375,0.8125],"texture":"#main"},"west":{"uv":[11.8125,6.6875,11.875,6.8125],"texture":"#main"},"down":{"uv":[11.5,6.6875,11.5625,6.8125],"rotation":270,"texture":"#main"}}},{"name":"Voxels","from":[6.64813,23.662,9.35231],"to":[7.09884,23.88735,11.38048],"rotation":{"angle":0,"axis":"y","origin":[6.87327,12.6197,9.23968]},"faces":{"north":{"uv":[11.625,6.6875,11.75,6.75],"texture":"#main"},"east":{"uv":[10.6875,6.9375,10.125,7],"texture":"#main"},"south":{"uv":[12,6.75,11.875,6.8125],"texture":"#main"},"west":{"uv":[10.125,6.875,10.6875,6.9375],"texture":"#main"}}},{"name":"Voxels","from":[6.64813,24.338,9.35231],"to":[7.09884,24.56335,11.38048],"rotation":{"angle":0,"axis":"y","origin":[6.87327,12.6197,9.23968]},"faces":{"north":{"uv":[11.875,6.6875,12,6.75],"texture":"#main"},"east":{"uv":[10.125,6.875,9.5625,6.9375],"texture":"#main"},"south":{"uv":[8.75,6.625,8.625,6.6875],"texture":"#main"},"west":{"uv":[9.5625,6.9375,10.125,7],"texture":"#main"},"up":{"uv":[9.4375,7.375,10,7.25],"rotation":90,"texture":"#main"}}},{"name":"Voxels","from":[6.64813,-0.6761,9.57771],"to":[7.09884,0.90136,9.80306],"rotation":{"angle":0,"axis":"y","origin":[6.87327,12.6197,9.23968]},"faces":{"north":{"uv":[8,2.125,8.125,2.5625],"texture":"#main"},"east":{"uv":[8.1875,1.6875,8.125,2.125],"texture":"#main"},"south":{"uv":[8.125,2.5625,8,3],"texture":"#main"},"west":{"uv":[8.125,1.25,8.1875,1.6875],"texture":"#main"},"up":{"uv":[8.9375,6.625,9,6.5],"rotation":90,"texture":"#main"},"down":{"uv":[8.875,6.5,8.9375,6.625],"rotation":270,"texture":"#main"}}},{"name":"Voxels","from":[6.64813,21.1831,9.57771],"to":[7.09884,21.40845,11.15518],"rotation":{"angle":0,"axis":"y","origin":[6.87327,12.6197,9.23968]},"faces":{"north":{"uv":[9,6.625,9.125,6.6875],"texture":"#main"},"east":{"uv":[9.0625,6.8125,8.625,6.875],"texture":"#main"},"south":{"uv":[9.25,6.625,9.125,6.6875],"texture":"#main"},"west":{"uv":[9.0625,6.8125,9.5,6.875],"texture":"#main"},"up":{"uv":[10.0625,7.25,10.5,7.125],"rotation":90,"texture":"#main"},"down":{"uv":[10.5,7.125,10.9375,7.25],"rotation":270,"texture":"#main"}}},{"name":"Voxels","from":[6.64813,21.8592,9.57771],"to":[7.09884,22.08455,11.38053],"rotation":{"angle":0,"axis":"y","origin":[6.87327,12.6197,9.23968]},"faces":{"east":{"uv":[11.1875,6.875,10.6875,6.9375],"texture":"#main"},"south":{"uv":[9.5,6.625,9.375,6.6875],"texture":"#main"},"west":{"uv":[10.6875,6.9375,11.1875,7],"texture":"#main"},"down":{"uv":[11.125,7.25,11.625,7.375],"rotation":270,"texture":"#main"}}},{"name":"Voxels","from":[6.64813,0.2254,9.80301],"to":[7.09884,1.35216,10.02836],"rotation":{"angle":0,"axis":"y","origin":[6.87327,12.6197,9.23968]},"faces":{"north":{"uv":[8,0.9375,8.125,1.25],"texture":"#main"},"east":{"uv":[8.1875,0.9375,8.125,1.25],"texture":"#main"},"south":{"uv":[8.125,0.625,8,0.9375],"texture":"#main"},"west":{"uv":[8.125,0.625,8.1875,0.9375],"texture":"#main"},"up":{"uv":[9.1875,6.625,9.25,6.5],"rotation":90,"texture":"#main"},"down":{"uv":[9.125,6.5,9.1875,6.625],"rotation":270,"texture":"#main"}}},{"name":"Voxels","from":[6.64813,19.3803,9.80301],"to":[7.09884,19.60565,10.92977],"rotation":{"angle":0,"axis":"y","origin":[6.87327,12.6197,9.23968]},"faces":{"north":{"uv":[10.5,6.625,10.625,6.6875],"texture":"#main"},"east":{"uv":[9.8125,6.8125,9.5,6.875],"texture":"#main"},"south":{"uv":[10.75,6.625,10.625,6.6875],"texture":"#main"},"west":{"uv":[10.125,6.8125,10.4375,6.875],"texture":"#main"},"up":{"uv":[8.625,7,8.9375,6.875],"rotation":90,"texture":"#main"},"down":{"uv":[10.5,7,10.8125,7.125],"rotation":270,"texture":"#main"}}},{"name":"Voxels","from":[6.64813,20.0563,9.80301],"to":[7.09884,20.507,10.92977],"rotation":{"angle":0,"axis":"y","origin":[6.87327,12.6197,9.23968]},"faces":{"north":{"uv":[8.5,2.25,8.625,2.375],"texture":"#main"},"east":{"uv":[9.875,7,9.5625,7.125],"texture":"#main"},"south":{"uv":[8.625,2.375,8.5,2.5],"texture":"#main"},"west":{"uv":[9.875,7,10.1875,7.125],"texture":"#main"},"up":{"uv":[10.8125,7.125,11.125,7],"rotation":90,"texture":"#main"},"down":{"uv":[10.1875,7,10.5,7.125],"rotation":270,"texture":"#main"}}},{"name":"Voxels","from":[6.64813,20.7324,9.80301],"to":[7.09884,21.1831,10.92977],"rotation":{"angle":0,"axis":"y","origin":[6.87327,12.6197,9.23968]},"faces":{"north":{"uv":[8.375,0.8125,8.5,0.9375],"texture":"#main"},"east":{"uv":[11.9375,7.25,11.625,7.375],"texture":"#main"},"south":{"uv":[8.5,0.0625,8.375,0.1875],"texture":"#main"},"west":{"uv":[8.625,7,8.9375,7.125],"texture":"#main"},"down":{"uv":[8.9375,6.875,9.25,7],"rotation":270,"texture":"#main"}}},{"name":"Voxels","from":[6.64813,24.5634,9.80301],"to":[7.09884,25.23946,10.92977],"rotation":{"angle":0,"axis":"y","origin":[6.87327,12.6197,9.23968]},"faces":{"north":{"uv":[8.1875,0.0625,8.3125,0.25],"texture":"#main"},"east":{"uv":[11.875,7.625,11.5625,7.8125],"texture":"#main"},"south":{"uv":[8.5,2.8125,8.375,3],"texture":"#main"},"west":{"uv":[11.5625,7.8125,11.875,8],"texture":"#main"},"up":{"uv":[11.125,7.125,11.4375,7],"rotation":90,"texture":"#main"}}},{"name":"Voxels","from":[6.64813,0.6761,10.02841],"to":[7.09884,0.90145,11.15517],"rotation":{"angle":0,"axis":"y","origin":[6.87327,12.6197,9.23968]},"faces":{"east":{"uv":[10.125,6.8125,9.8125,6.875],"texture":"#main"},"south":{"uv":[12,7.625,11.875,7.6875],"texture":"#main"},"west":{"uv":[10.4375,6.8125,10.75,6.875],"texture":"#main"},"up":{"uv":[8.9375,7.125,9.25,7],"rotation":90,"texture":"#main"},"down":{"uv":[9.25,7,9.5625,7.125],"rotation":270,"texture":"#main"}}},{"name":"Voxels","from":[6.64813,0.9014,10.02841],"to":[7.09884,1.3521,10.92982],"rotation":{"angle":0,"axis":"y","origin":[6.87327,12.6197,9.23968]},"faces":{"east":{"uv":[11.4375,6.875,11.1875,7],"texture":"#main"},"south":{"uv":[8.625,2.625,8.5,2.75],"texture":"#main"},"west":{"uv":[11.75,7.125,12,7.25],"texture":"#main"},"up":{"uv":[11.4375,7,11.6875,6.875],"rotation":90,"texture":"#main"}}},{"name":"Voxels","from":[6.64813,1.3521,10.02841],"to":[7.09884,19.38027,10.70447],"rotation":{"angle":0,"axis":"y","origin":[6.87327,12.6197,9.23968]},"faces":{"north":{"uv":[8.375,3,8.5,8],"texture":"#main"},"east":{"uv":[8.1875,3,8.375,8],"texture":"#main"},"south":{"uv":[8.5,3,8.375,8],"texture":"#main"},"west":{"uv":[8.1875,3,8.375,8],"texture":"#main"}}},{"name":"Voxels","from":[6.64813,19.6056,10.02841],"to":[7.09884,20.0563,10.70447],"rotation":{"angle":0,"axis":"y","origin":[6.87327,12.6197,9.23968]},"faces":{"north":{"uv":[8.5,2.125,8.625,2.25],"texture":"#main"},"east":{"uv":[10.3125,6.6875,10.125,6.8125],"texture":"#main"},"south":{"uv":[8.625,2,8.5,2.125],"texture":"#main"},"west":{"uv":[10.3125,6.6875,10.5,6.8125],"texture":"#main"}}},{"name":"Voxels","from":[6.64813,20.507,10.02841],"to":[7.09884,20.73235,10.70447],"rotation":{"angle":0,"axis":"y","origin":[6.87327,12.6197,9.23968]},"faces":{"north":{"uv":[9.5,6.625,9.625,6.6875],"texture":"#main"},"east":{"uv":[8.375,0,8.1875,0.0625],"texture":"#main"},"south":{"uv":[9.75,6.625,9.625,6.6875],"texture":"#main"},"west":{"uv":[11.125,6.8125,11.3125,6.875],"texture":"#main"}}},{"name":"Voxels","from":[6.64813,21.4085,10.02841],"to":[7.09884,21.8592,10.70447],"rotation":{"angle":0,"axis":"y","origin":[6.87327,12.6197,9.23968]},"faces":{"north":{"uv":[8.5,0.25,8.625,0.375],"texture":"#main"},"east":{"uv":[8.375,0.5,8.1875,0.625],"texture":"#main"},"south":{"uv":[11.3125,6.6875,11.1875,6.8125],"texture":"#main"},"west":{"uv":[8.1875,0.375,8.375,0.5],"texture":"#main"}}},{"name":"Voxels","from":[6.64813,25.2394,10.02841],"to":[7.09884,25.91545,10.70447],"rotation":{"angle":0,"axis":"y","origin":[6.87327,12.6197,9.23968]},"faces":{"north":{"uv":[8.375,2.25,8.5,2.4375],"texture":"#main"},"east":{"uv":[8.1875,0.4375,8,0.625],"texture":"#main"},"south":{"uv":[8.5,2.0625,8.375,2.25],"texture":"#main"},"west":{"uv":[8,0.25,8.1875,0.4375],"texture":"#main"},"up":{"uv":[11.6875,7,11.875,6.875],"rotation":90,"texture":"#main"}}},{"name":"Voxels","from":[6.64813,0.2254,10.25371],"to":[7.09884,0.6761,10.47906],"rotation":{"angle":0,"axis":"y","origin":[6.87327,12.6197,9.23968]},"faces":{"north":{"uv":[8.5,1.375,8.625,1.5],"texture":"#main"},"east":{"uv":[8.375,2.5,8.3125,2.625],"texture":"#main"},"south":{"uv":[8.625,1.25,8.5,1.375],"texture":"#main"},"west":{"uv":[8.3125,2.375,8.375,2.5],"texture":"#main"},"down":{"uv":[8.3125,2.75,8.375,2.875],"rotation":270,"texture":"#main"}}},{"name":"Voxels","from":[6.64813,25.9155,10.25371],"to":[7.09884,26.3662,10.47906],"rotation":{"angle":0,"axis":"y","origin":[6.87327,12.6197,9.23968]},"faces":{"north":{"uv":[8.5,0.5,8.625,0.625],"texture":"#main"},"east":{"uv":[8.375,1.9375,8.3125,2.0625],"texture":"#main"},"south":{"uv":[8.625,0.375,8.5,0.5],"texture":"#main"},"west":{"uv":[8.3125,1.25,8.375,1.375],"texture":"#main"},"up":{"uv":[8.3125,2.25,8.375,2.125],"rotation":90,"texture":"#main"}}},{"name":"Voxels","from":[6.64813,0.2254,10.70441],"to":[7.09884,0.45075,11.38047],"rotation":{"angle":0,"axis":"y","origin":[6.87327,12.6197,9.23968]},"faces":{"north":{"uv":[11.3125,6.8125,11.4375,6.875],"texture":"#main"},"east":{"uv":[10.9375,6.8125,10.75,6.875],"texture":"#main"},"south":{"uv":[11.5625,6.8125,11.4375,6.875],"texture":"#main"},"west":{"uv":[10.9375,6.8125,11.125,6.875],"texture":"#main"},"up":{"uv":[8.8125,6.8125,9,6.6875],"rotation":90,"texture":"#main"},"down":{"uv":[8.625,6.6875,8.8125,6.8125],"rotation":270,"texture":"#main"}}},{"name":"Voxels","from":[6.64813,0.4507,10.70441],"to":[7.09884,0.67605,11.15511],"rotation":{"angle":0,"axis":"y","origin":[6.87327,12.6197,9.23968]},"faces":{"north":{"uv":[11.8125,6.8125,11.9375,6.875],"texture":"#main"},"east":{"uv":[11.6875,6.8125,11.5625,6.875],"texture":"#main"},"south":{"uv":[11.75,6.75,11.625,6.8125],"texture":"#main"},"west":{"uv":[11.6875,6.8125,11.8125,6.875],"texture":"#main"}}},{"name":"Voxels","from":[6.64813,-0.6761,10.92981],"to":[7.09884,0.22531,11.38051],"rotation":{"angle":0,"axis":"y","origin":[6.87327,12.6197,9.23968]},"faces":{"north":{"uv":[8.1875,2.5,8.3125,2.75],"texture":"#main"},"east":{"uv":[8.125,0,8,0.25],"texture":"#main"},"south":{"uv":[8.3125,2.25,8.1875,2.5],"texture":"#main"},"west":{"uv":[8.1875,2.75,8.3125,3],"texture":"#main"},"down":{"uv":[8.5,1.5,8.625,1.625],"rotation":270,"texture":"#main"}}},{"name":"Voxels","from":[6.64813,-1.1268,11.15511],"to":[7.09884,-0.6761,11.38046],"rotation":{"angle":0,"axis":"y","origin":[6.87327,12.6197,9.23968]},"faces":{"north":{"uv":[8.5,0.75,8.625,0.875],"texture":"#main"},"east":{"uv":[8.8125,6.5,8.75,6.625],"texture":"#main"},"south":{"uv":[8.625,0.625,8.5,0.75],"texture":"#main"},"west":{"uv":[8.8125,6.5,8.875,6.625],"texture":"#main"},"down":{"uv":[8.625,6.5,8.6875,6.625],"rotation":270,"texture":"#main"}}},{"name":"Voxels","from":[6.64813,21.6338,11.15511],"to":[7.09884,21.85915,11.38046],"rotation":{"angle":0,"axis":"y","origin":[6.87327,12.6197,9.23968]},"faces":{"north":{"uv":[8.75,6.625,8.875,6.6875],"texture":"#main"},"east":{"uv":[8.375,2.0625,8.3125,2.125],"texture":"#main"},"south":{"uv":[9,6.625,8.875,6.6875],"texture":"#main"},"west":{"uv":[8.3125,1.875,8.375,1.9375],"texture":"#main"},"down":{"uv":[9,6.5,9.0625,6.625],"rotation":270,"texture":"#main"}}},{"name":"Voxels","from":[6.64813,24.338,11.60581],"to":[7.09884,24.7887,12.28187],"rotation":{"angle":0,"axis":"y","origin":[6.87327,12.6197,9.23968]},"faces":{"north":{"uv":[8.5,0.125,8.625,0.25],"texture":"#main"},"east":{"uv":[10.6875,6.6875,10.5,6.8125],"texture":"#main"},"south":{"uv":[8.625,0,8.5,0.125],"texture":"#main"},"west":{"uv":[8.1875,0.75,8.375,0.875],"texture":"#main"},"up":{"uv":[9.5625,6.8125,9.75,6.6875],"rotation":90,"texture":"#main"},"down":{"uv":[9.375,6.6875,9.5625,6.8125],"rotation":270,"texture":"#main"}}},{"name":"Voxels","from":[6.64813,25.6901,11.60581],"to":[7.09884,25.91545,12.05651],"rotation":{"angle":0,"axis":"y","origin":[6.87327,12.6197,9.23968]},"faces":{"north":{"uv":[10,6.625,10.125,6.6875],"texture":"#main"},"east":{"uv":[9.875,6.625,9.75,6.6875],"texture":"#main"},"south":{"uv":[10.25,6.625,10.125,6.6875],"texture":"#main"},"west":{"uv":[9.875,6.625,10,6.6875],"texture":"#main"},"up":{"uv":[11.875,7.8125,12,7.6875],"rotation":90,"texture":"#main"},"down":{"uv":[11.875,7.875,12,8],"rotation":270,"texture":"#main"}}},{"name":"Voxels","from":[6.64813,25.9155,11.60581],"to":[7.09884,26.14085,11.83116],"rotation":{"angle":0,"axis":"y","origin":[6.87327,12.6197,9.23968]},"faces":{"north":{"uv":[10.25,6.625,10.375,6.6875],"texture":"#main"},"east":{"uv":[8.375,0.0625,8.3125,0.125],"texture":"#main"},"south":{"uv":[10.5,6.625,10.375,6.6875],"texture":"#main"},"west":{"uv":[11.9375,6.8125,12,6.875],"texture":"#main"},"up":{"uv":[9.3125,6.625,9.375,6.5],"rotation":90,"texture":"#main"}}},{"name":"Voxels","from":[6.64813,24.7887,11.83121],"to":[7.09884,25.46476,12.28191],"rotation":{"angle":0,"axis":"y","origin":[6.87327,12.6197,9.23968]},"faces":{"north":{"uv":[8.1875,1,8.3125,1.1875],"texture":"#main"},"east":{"uv":[8.5,0.9375,8.375,1.125],"texture":"#main"},"south":{"uv":[8.5,1.5,8.375,1.6875],"texture":"#main"},"west":{"uv":[8.1875,1.1875,8.3125,1.375],"texture":"#main"},"up":{"uv":[11.0625,6.8125,11.1875,6.6875],"rotation":90,"texture":"#main"}}},{"name":"Voxels","from":[6.64813,25.4648,11.83121],"to":[7.09884,25.69015,12.05656],"rotation":{"angle":0,"axis":"y","origin":[6.87327,12.6197,9.23968]},"faces":{"north":{"uv":[11.125,6.625,11.25,6.6875],"texture":"#main"},"east":{"uv":[8.375,1.1875,8.3125,1.25],"texture":"#main"},"south":{"uv":[11.375,6.625,11.25,6.6875],"texture":"#main"},"west":{"uv":[8.3125,1,8.375,1.0625],"texture":"#main"}}},{"name":"Box1","from":[6.87254,17.1268,-1.23919],"to":[6.87354,26.36623,9.35236],"rotation":{"angle":0,"axis":"y","origin":[6.87327,12.6197,9.23968]},"faces":{"north":{"uv":[7,7.5493,7.0005,8],"texture":"#1_main"},"east":{"uv":[0,0,8,8],"texture":"#1_main"},"south":{"uv":[0.9995,7.5493,1,8],"texture":"#1_main"},"west":{"uv":[8,0,0,8],"texture":"#1_main"},"up":{"uv":[7,7,7.45071,7.0005],"rotation":90,"texture":"#1_main"},"down":{"uv":[7,0.9995,7.45071,1],"rotation":270,"texture":"#1_main"}}},{"name":"Box1","from":[6.87254,17.1268,-1.23919],"to":[6.87354,26.36623,9.35236],"rotation":{"angle":0,"axis":"y","origin":[6.87327,12.6197,9.23968]},"faces":{"north":{"uv":[15,7.5493,15.0005,8],"texture":"#1_main"},"east":{"uv":[8,0,16,8],"texture":"#1_main"},"south":{"uv":[8.9995,7.5493,9,8],"texture":"#1_main"},"west":{"uv":[16,0,8,8],"texture":"#1_main"},"up":{"uv":[15,7,15.45071,7.0005],"rotation":90,"texture":"#1_main"},"down":{"uv":[15,0.9995,15.45071,1],"rotation":270,"texture":"#1_main"}}},{"name":"Box1","from":[6.87254,17.1268,-1.23919],"to":[6.87354,26.36623,9.35236],"rotation":{"angle":0,"axis":"y","origin":[6.87327,12.6197,9.23968]},"faces":{"north":{"uv":[7,15.5493,7.0005,16],"texture":"#1_main"},"east":{"uv":[0,8,8,16],"texture":"#1_main"},"south":{"uv":[0.9995,15.5493,1,16],"texture":"#1_main"},"west":{"uv":[8,8,0,16],"texture":"#1_main"},"up":{"uv":[7,15,7.45071,15.0005],"rotation":90,"texture":"#1_main"},"down":{"uv":[7,8.9995,7.45071,9],"rotation":270,"texture":"#1_main"}}}],"gui_light":"front","display":{"thirdperson_righthand":{"rotation":[23,8,7],"translation":[1.5869,-4.065,-4.1631],"scale":[1.25,1.25,1.25]},"thirdperson_lefthand":{"rotation":[23,8,7],"translation":[-0.9131,-4.065,-3.9131],"scale":[1.25,1.25,1.25]},"firstperson_righthand":{"rotation":[0,13.5,7],"translation":[8.75,-14.5,-13.75],"scale":[1.76367,1.76367,1.76367]},"firstperson_lefthand":{"rotation":[0,13.5,7],"translation":[8.75,-14.5,-13.75],"scale":[1.76367,1.76367,1.76367]},"ground":{"rotation":[0,0,89],"translation":[6,0.3913,-0.891],"scale":[1.12397,1.12397,1.12397]},"gui":{"rotation":[90,129,-90],"translation":[2.077,-3.673,0],"scale":[0.6678,0.6678,0.6678]},"head":{"rotation":[180,-79.75,-92.5],"translation":[-1,-12.75,9],"scale":[1.75,1.75,1.75]},"fixed":{"rotation":[0,90,0],"translation":[-6,-11.99,-4.787],"scale":[2.49023,2.49023,2.49023]}}}