{"credit":"Made with Blockbench","textures":{"0":"skills_dragon_red:dragon_shot/dragon_shot_long","particle":"skills_dragon_red:dragon_shot/dragon_shot_long"},"elements":[{"from":[8.25,-2.39645,0.05],"to":[8.25,19.60355,20],"rotation":{"angle":-45,"axis":"z","origin":[8,8.35355,10.025]},"faces":{"north":{"uv":[0,0,0,16],"texture":"#missing"},"east":{"uv":[16,0,0,16],"texture":"#0"},"south":{"uv":[0,0,0,16],"texture":"#missing"},"west":{"uv":[0,0,16,16],"texture":"#0"},"up":{"uv":[0,0,0,16],"texture":"#missing"},"down":{"uv":[0,0,0,16],"texture":"#missing"}}},{"from":[7.75,-2.39645,0.05],"to":[7.75,19.60355,20],"rotation":{"angle":45,"axis":"z","origin":[8,8.35355,10.025]},"faces":{"north":{"uv":[0,0,0,16],"texture":"#missing"},"east":{"uv":[16,0,0,16],"texture":"#0"},"south":{"uv":[0,0,0,16],"texture":"#missing"},"west":{"uv":[0,0,16,16],"texture":"#0"},"up":{"uv":[0,0,0,16],"texture":"#missing"},"down":{"uv":[0,0,0,16],"texture":"#missing"}}},{"from":[-2.5,8.00355,0.05],"to":[19.5,8.00355,20],"rotation":{"angle":0,"axis":"y","origin":[8.25,8.25355,10.025]},"faces":{"north":{"uv":[0,0,0,16],"rotation":270,"texture":"#missing"},"east":{"uv":[0,0,0,16],"rotation":90,"texture":"#missing"},"south":{"uv":[0,0,0,16],"rotation":90,"texture":"#missing"},"west":{"uv":[0,0,0,16],"rotation":90,"texture":"#missing"},"up":{"uv":[0,0,16,16],"rotation":90,"texture":"#0"},"down":{"uv":[16,0,0,16],"rotation":90,"texture":"#0"}}},{"from":[8,-2.49645,0.05],"to":[8,19.50355,20],"rotation":{"angle":0,"axis":"y","origin":[8.25,8.25355,10.025]},"faces":{"north":{"uv":[0,0,0,16],"texture":"#missing"},"east":{"uv":[16,0,0,16],"texture":"#0"},"south":{"uv":[0,0,0,16],"texture":"#missing"},"west":{"uv":[0,0,16,16],"texture":"#0"},"up":{"uv":[0,0,0,16],"texture":"#missing"},"down":{"uv":[0,0,0,16],"texture":"#missing"}}}],"display":{"head":{"translation":[0,-7,0],"scale":[2,2,2]}}}