{"credit":"Made with Blockbench","textures":{"0":"skills_dragon_red:dragon_dash/dragon_dash_2","particle":"skills_dragon_red:dragon_dash/dragon_dash_2"},"elements":[{"from":[8,0,-7],"to":[8,27,23],"rotation":{"angle":0,"axis":"y","origin":[8,13.5,8]},"faces":{"north":{"uv":[0.25,0,13.5,12],"texture":"#0"},"east":{"uv":[0.25,0,13.5,12],"texture":"#0"},"south":{"uv":[0.25,0,13.5,12],"texture":"#0"},"west":{"uv":[13.5,0,0.25,12],"texture":"#0"},"up":{"uv":[0.25,0,13.5,12],"texture":"#0"},"down":{"uv":[0.25,0,13.5,12],"texture":"#0"}}},{"from":[2.25975,0,-8.14181],"to":[2.25975,27,21.85819],"rotation":{"angle":-22.5,"axis":"y","origin":[2.25975,13.5,6.85819]},"faces":{"north":{"uv":[0.25,0,13.5,12],"texture":"#0"},"east":{"uv":[0.25,0,13.5,12],"texture":"#0"},"south":{"uv":[0.25,0,13.5,12],"texture":"#0"},"west":{"uv":[13.5,0,0.25,12],"texture":"#0"},"up":{"uv":[0.25,0,13.5,12],"texture":"#0"},"down":{"uv":[0.25,0,13.5,12],"texture":"#0"}}},{"from":[13.74033,0,-8.14142],"to":[13.74033,27,21.85858],"rotation":{"angle":22.5,"axis":"y","origin":[13.74033,13.5,6.85858]},"faces":{"north":{"uv":[0.25,0,13.5,12],"texture":"#0"},"east":{"uv":[0.25,0,13.5,12],"texture":"#0"},"south":{"uv":[0.25,0,13.5,12],"texture":"#0"},"west":{"uv":[13.5,0,0.25,12],"texture":"#0"},"up":{"uv":[0.25,0,13.5,12],"texture":"#0"},"down":{"uv":[0.25,0,13.5,12],"texture":"#0"}}}],"display":{"head":{"translation":[0,-19.25,38],"scale":[3,3,3]}}}