{"credit":"HelloWorld Team","textures":{"0":"skills_dragon_red:dragon_roar/dragon_roar_3","particle":"skills_dragon_red:dragon_roar/dragon_roar_3"},"elements":[{"from":[-16,1,-16],"to":[32,1,32],"rotation":{"angle":0,"axis":"y","origin":[8,1,8]},"faces":{"north":{"uv":[0,0,16,16],"texture":"#0"},"east":{"uv":[0,0,16,16],"texture":"#0"},"south":{"uv":[0,0,16,16],"texture":"#0"},"west":{"uv":[0,0,16,16],"texture":"#0"},"up":{"uv":[0,0,16,16],"texture":"#0"},"down":{"uv":[16,0,0,16],"texture":"#0"}}}],"display":{"thirdperson_righthand":{"rotation":[90,0,0],"translation":[-6,-2,17],"scale":[4,4,4]},"thirdperson_lefthand":{"rotation":[90,0,0],"translation":[-6,-2,17],"scale":[4,4,4]},"head":{"translation":[0,-10,0],"scale":[4,4,4]}}}