{"credit":"by w11shes","texture_size":[8,8],"textures":{"0":"elitecreatures:archangel_weapon_assortment/archangel_crossbow","1":"elitecreatures:archangel_weapon_assortment/archangel_particle","particle":"elitecreatures:archangel_weapon_assortment/archangel_crossbow"},"elements":[{"from":[6.5,0,0],"to":[9.5,3,17],"faces":{"east":{"uv":[8.5,5.5,0,7],"texture":"#0"},"west":{"uv":[0,5.5,8.5,7],"texture":"#0"},"up":{"uv":[1.5,15.5,0,7],"texture":"#0"},"down":{"uv":[3,7,1.5,15.5],"texture":"#0"}}},{"from":[3,-0.02,-3],"to":[8,3.02,0],"rotation":{"angle":22.5,"axis":"y","origin":[8,0,-3]},"faces":{"north":{"uv":[8.5,4,11,5.5],"texture":"#0"},"south":{"uv":[8,8.5,10.5,10],"texture":"#0"},"west":{"uv":[11.5,5.5,13,7],"texture":"#0"},"up":{"uv":[5.5,11,3,9.5],"texture":"#0"},"down":{"uv":[5.5,9.5,3,11],"texture":"#0"}}},{"from":[5.5,-0.02,16],"to":[10.5,3.02,21],"rotation":{"angle":45,"axis":"y","origin":[8,1.5,18.5]},"faces":{"north":{"uv":[5.5,9.5,8,11],"texture":"#0"},"east":{"uv":[13,5.5,15.5,7],"texture":"#0"},"south":{"uv":[13,4,15.5,5.5],"texture":"#0"},"west":{"uv":[8,10,10.5,11.5],"texture":"#0"},"up":{"uv":[5.5,9.5,3,7],"texture":"#0"},"down":{"uv":[8,7,5.5,9.5],"texture":"#0"}}},{"from":[2.5,1,2],"to":[6.5,3,5],"rotation":{"angle":0,"axis":"y","origin":[6.5,3,2]},"faces":{"north":{"uv":[8.5,5.5,10.5,6.5],"texture":"#0"},"south":{"uv":[11.5,0,13.5,1],"texture":"#0"},"up":{"uv":[12.5,11.5,10.5,10],"texture":"#0"},"down":{"uv":[13,4,11,5.5],"texture":"#0"}}},{"from":[-1.58614,0,-3.96482],"to":[4.41386,4,2.03518],"rotation":{"angle":45,"axis":"y","origin":[6.5,3,2]},"faces":{"north":{"uv":[5.5,3,8.5,5],"texture":"#0"},"east":{"uv":[8.5,6.5,11.5,8.5],"texture":"#0"},"south":{"uv":[8.5,0,11.5,2],"texture":"#0"},"west":{"uv":[8.5,2,11.5,4],"texture":"#0"},"up":{"uv":[8.5,3,5.5,0],"texture":"#0"},"down":{"uv":[8.5,0,5.5,3],"texture":"#0"}}},{"from":[-1.58614,0.98,-3.96482],"to":[4.41386,3.02,2.03518],"rotation":{"angle":45,"axis":"y","origin":[6.5,3,2]},"faces":{"up":{"uv":[14.5,4,11.5,1],"texture":"#0"},"down":{"uv":[14.5,1,11.5,4],"texture":"#0"}}},{"from":[4.41386,4,2.03518],"to":[-1.58614,0,-3.96482],"rotation":{"angle":45,"axis":"y","origin":[6.5,3,2]},"faces":{"north":{"uv":[8.5,2,11.5,0],"texture":"#0"},"east":{"uv":[8.5,4,11.5,2],"texture":"#0"},"south":{"uv":[5.5,5,8.5,3],"texture":"#0"},"west":{"uv":[8,8.5,11,6.5],"texture":"#0"},"up":{"uv":[5.5,0,8.5,3],"texture":"#0"},"down":{"uv":[5.5,3,8.5,0],"texture":"#0"}}},{"from":[-11,2.56,-0.3],"to":[0,2.64,10.7],"rotation":{"angle":22.5,"axis":"y","origin":[-1.5,3,1.5]},"faces":{"up":{"uv":[5.5,5.5,0,0],"texture":"#0"},"down":{"uv":[5.5,0,0,5.5],"texture":"#0"}}},{"from":[-8,2.06,1.7],"to":[-1,3.06,7.7],"rotation":{"angle":22.5,"axis":"y","origin":[-1.5,3,1.5]},"faces":{"north":{"uv":[0.5,4.5,4,4],"texture":"#0"},"east":{"uv":[1,4.5,0.5,1.5],"rotation":90,"texture":"#0"},"south":{"uv":[4,2,0.5,1.5],"texture":"#0"},"west":{"uv":[4,1.5,3.5,4.5],"rotation":90,"texture":"#0"},"up":{"uv":[4,4.5,0.5,1.5],"texture":"#0"},"down":{"uv":[4,1.5,0.5,4.5],"texture":"#0"}}},{"from":[17,2.06,1.7],"to":[24,3.06,7.7],"rotation":{"angle":-22.5,"axis":"y","origin":[17.5,3,1.5]},"faces":{"north":{"uv":[4,4.5,0.5,4],"texture":"#0"},"east":{"uv":[4,4.5,3.5,1.5],"rotation":90,"texture":"#0"},"south":{"uv":[0.5,2,4,1.5],"texture":"#0"},"west":{"uv":[1,1.5,0.5,4.5],"rotation":90,"texture":"#0"},"up":{"uv":[0.5,4.5,4,1.5],"texture":"#0"},"down":{"uv":[0.5,1.5,4,4.5],"texture":"#0"}}},{"from":[16,2.56,-0.3],"to":[27,2.64,10.7],"rotation":{"angle":-22.5,"axis":"y","origin":[17.5,3,1.5]},"faces":{"up":{"uv":[0,5.5,5.5,0],"texture":"#0"},"down":{"uv":[0,0,5.5,5.5],"texture":"#0"}}},{"from":[9.5,1,2],"to":[13.5,3,5],"rotation":{"angle":0,"axis":"y","origin":[9.5,3,2]},"faces":{"north":{"uv":[10.5,5.5,8.5,6.5],"texture":"#0"},"south":{"uv":[13.5,0,11.5,1],"texture":"#0"},"up":{"uv":[10.5,11.5,12.5,10],"texture":"#0"},"down":{"uv":[11,4,13,5.5],"texture":"#0"}}},{"from":[11.58614,0,-3.96482],"to":[17.58614,4,2.03518],"rotation":{"angle":-45,"axis":"y","origin":[9.5,3,2]},"faces":{"north":{"uv":[8.5,3,5.5,5],"texture":"#0"},"east":{"uv":[11.5,2,8.5,4],"texture":"#0"},"south":{"uv":[11.5,0,8.5,2],"texture":"#0"},"west":{"uv":[11.5,6.5,8.5,8.5],"texture":"#0"},"up":{"uv":[5.5,3,8.5,0],"texture":"#0"},"down":{"uv":[5.5,0,8.5,3],"texture":"#0"}}},{"from":[17.58614,4,2.03518],"to":[11.58614,0,-3.96482],"rotation":{"angle":-45,"axis":"y","origin":[9.5,3,2]},"faces":{"north":{"uv":[11.5,2,8.5,0],"texture":"#0"},"east":{"uv":[11,8.5,8,6.5],"texture":"#0"},"south":{"uv":[8.5,5,5.5,3],"texture":"#0"},"west":{"uv":[11.5,4,8.5,2],"texture":"#0"},"up":{"uv":[8.5,0,5.5,3],"texture":"#0"},"down":{"uv":[8.5,3,5.5,0],"texture":"#0"}}},{"from":[11.58614,0.98,-3.96482],"to":[17.58614,3.02,2.03518],"rotation":{"angle":-45,"axis":"y","origin":[9.5,3,2]},"faces":{"up":{"uv":[11.5,4,14.5,1],"texture":"#0"},"down":{"uv":[11.5,1,14.5,4],"texture":"#0"}}},{"from":[-1,3,7],"to":[17,3.05,8],"faces":{"up":{"uv":[15.5,0,16,9],"rotation":90,"texture":"#0"},"down":{"uv":[15.5,0,16,9],"rotation":90,"texture":"#0"}}},{"from":[8,-0.04,-3],"to":[13,3.04,0],"rotation":{"angle":-22.5,"axis":"y","origin":[8,0,-3]},"faces":{"north":{"uv":[3,11,5.4,12.5],"texture":"#0"},"east":{"uv":[11.5,7,13,8.5],"texture":"#0"},"south":{"uv":[5.6,11,8,12.5],"texture":"#0"},"up":{"uv":[12.9,10,10.5,8.5],"texture":"#0"},"down":{"uv":[12.9,8.5,10.5,10],"texture":"#0"}}},{"from":[-1.45,4.85,5.45],"to":[-0.85,5.45,6.05],"shade":false,"rotation":{"angle":0,"axis":"y","origin":[-6,12,3]},"faces":{"north":{"uv":[0,14,2,16],"texture":"#1"},"east":{"uv":[0,14,2,16],"texture":"#1"},"south":{"uv":[0,14,2,16],"texture":"#1"},"west":{"uv":[0,14,2,16],"texture":"#1"},"up":{"uv":[0,14,2,16],"texture":"#1"},"down":{"uv":[0,14,2,16],"texture":"#1"}}},{"from":[-0.6,5.7,6.3],"to":[-1.7,4.6,5.2],"shade":false,"rotation":{"angle":0,"axis":"y","origin":[-6,12,3]},"faces":{"north":{"uv":[2,14,4,16],"texture":"#1"},"east":{"uv":[2,14,4,16],"texture":"#1"},"south":{"uv":[2,14,4,16],"texture":"#1"},"west":{"uv":[2,14,4,16],"texture":"#1"},"up":{"uv":[2,14,4,16],"texture":"#1"},"down":{"uv":[2,14,4,16],"texture":"#1"}}},{"from":[-1.50564,5.49384,5.4],"to":[-0.80564,6.19384,6.1],"shade":false,"rotation":{"angle":0,"axis":"y","origin":[-6,12,3]},"faces":{"north":{"uv":[0,12,2,14],"texture":"#1"},"east":{"uv":[0,12,2,14],"texture":"#1"},"south":{"uv":[0,12,2,14],"texture":"#1"},"west":{"uv":[0,12,2,14],"texture":"#1"},"up":{"uv":[0,12,2,14],"texture":"#1"},"down":{"uv":[0,12,2,14],"texture":"#1"}}},{"from":[-0.50564,6.49384,6.4],"to":[-1.80564,5.19384,5.1],"shade":false,"rotation":{"angle":0,"axis":"y","origin":[-6,12,3]},"faces":{"north":{"uv":[2,12,4,14],"texture":"#1"},"east":{"uv":[2,12,4,14],"texture":"#1"},"south":{"uv":[2,12,4,14],"texture":"#1"},"west":{"uv":[2,12,4,14],"texture":"#1"},"up":{"uv":[2,12,4,14],"texture":"#1"},"down":{"uv":[2,12,4,14],"texture":"#1"}}},{"from":[-1.65781,6.25,5.25],"to":[-0.65781,7.25,6.25],"shade":false,"rotation":{"angle":0,"axis":"y","origin":[-6,12,3]},"faces":{"north":{"uv":[0,10,2,12],"texture":"#1"},"east":{"uv":[0,10,2,12],"texture":"#1"},"south":{"uv":[0,10,2,12],"texture":"#1"},"west":{"uv":[0,10,2,12],"texture":"#1"},"up":{"uv":[0,10,2,12],"texture":"#1"},"down":{"uv":[0,10,2,12],"texture":"#1"}}},{"from":[-0.40781,7.5,6.5],"to":[-1.90781,6,5],"shade":false,"rotation":{"angle":0,"axis":"y","origin":[-6,12,3]},"faces":{"north":{"uv":[2,10,4,12],"texture":"#1"},"east":{"uv":[2,10,4,12],"texture":"#1"},"south":{"uv":[2,10,4,12],"texture":"#1"},"west":{"uv":[2,10,4,12],"texture":"#1"},"up":{"uv":[2,10,4,12],"texture":"#1"},"down":{"uv":[2,10,4,12],"texture":"#1"}}},{"from":[-1.65332,7.4,5.25],"to":[-0.65332,8.4,6.25],"shade":false,"rotation":{"angle":0,"axis":"y","origin":[-6,12,3]},"faces":{"north":{"uv":[0,8,2,10],"rotation":90,"texture":"#1"},"east":{"uv":[0,8,2,10],"rotation":270,"texture":"#1"},"south":{"uv":[0,8,2,10],"rotation":270,"texture":"#1"},"west":{"uv":[0,8,2,10],"rotation":270,"texture":"#1"},"up":{"uv":[0,8,2,10],"rotation":270,"texture":"#1"},"down":{"uv":[0,8,2,10],"rotation":270,"texture":"#1"}}},{"from":[-0.40332,8.657,6.5],"to":[-1.90332,7.157,5],"shade":false,"rotation":{"angle":0,"axis":"y","origin":[-6,12,3]},"faces":{"north":{"uv":[2,8,4,10],"rotation":90,"texture":"#1"},"east":{"uv":[2,8,4,10],"rotation":270,"texture":"#1"},"south":{"uv":[2,8,4,10],"rotation":270,"texture":"#1"},"west":{"uv":[2,8,4,10],"rotation":270,"texture":"#1"},"up":{"uv":[2,8,4,10],"rotation":270,"texture":"#1"},"down":{"uv":[2,8,4,10],"rotation":270,"texture":"#1"}}},{"from":[-1.65,8.55,5.25],"to":[-0.65,9.55,6.25],"shade":false,"rotation":{"angle":0,"axis":"y","origin":[-6,12,3]},"faces":{"north":{"uv":[0,6,2,8],"texture":"#1"},"east":{"uv":[0,6,2,8],"texture":"#1"},"south":{"uv":[0,6,2,8],"texture":"#1"},"west":{"uv":[0,6,2,8],"texture":"#1"},"up":{"uv":[0,6,2,8],"texture":"#1"},"down":{"uv":[0,6,2,8],"texture":"#1"}}},{"from":[-0.4,9.8,6.5],"to":[-1.9,8.3,5],"shade":false,"rotation":{"angle":0,"axis":"y","origin":[-6,12,3]},"faces":{"north":{"uv":[2,6,4,8],"texture":"#1"},"east":{"uv":[2,6,4,8],"texture":"#1"},"south":{"uv":[2,6,4,8],"texture":"#1"},"west":{"uv":[2,6,4,8],"texture":"#1"},"up":{"uv":[2,6,4,8],"texture":"#1"},"down":{"uv":[2,6,4,8],"texture":"#1"}}},{"from":[-1.48191,9.63568,5.4],"to":[-0.78191,10.33568,6.1],"shade":false,"rotation":{"angle":0,"axis":"y","origin":[-6,12,3]},"faces":{"north":{"uv":[0,4,2,6],"texture":"#1"},"east":{"uv":[0,4,2,6],"texture":"#1"},"south":{"uv":[0,4,2,6],"texture":"#1"},"west":{"uv":[0,4,2,6],"texture":"#1"},"up":{"uv":[0,4,2,6],"texture":"#1"},"down":{"uv":[0,4,2,6],"texture":"#1"}}},{"from":[-0.48191,10.63568,6.4],"to":[-1.78191,9.33568,5.1],"shade":false,"rotation":{"angle":0,"axis":"y","origin":[-6,12,3]},"faces":{"north":{"uv":[2,4,4,6],"texture":"#1"},"east":{"uv":[2,4,4,6],"texture":"#1"},"south":{"uv":[2,4,4,6],"texture":"#1"},"west":{"uv":[2,4,4,6],"texture":"#1"},"up":{"uv":[2,4,4,6],"texture":"#1"},"down":{"uv":[2,4,4,6],"texture":"#1"}}},{"from":[-1.42,10.4,5.45],"to":[-0.82,11,6.05],"shade":false,"rotation":{"angle":0,"axis":"y","origin":[-6,12,3]},"faces":{"north":{"uv":[0,2,2,4],"texture":"#1"},"east":{"uv":[0,2,2,4],"texture":"#1"},"south":{"uv":[0,2,2,4],"texture":"#1"},"west":{"uv":[0,2,2,4],"texture":"#1"},"up":{"uv":[0,2,2,4],"texture":"#1"},"down":{"uv":[0,2,2,4],"texture":"#1"}}},{"from":[-0.57,11.25,6.3],"to":[-1.67,10.15,5.2],"shade":false,"rotation":{"angle":0,"axis":"y","origin":[-6,12,3]},"faces":{"north":{"uv":[2,2,4,4],"texture":"#1"},"east":{"uv":[2,2,4,4],"texture":"#1"},"south":{"uv":[2,2,4,4],"texture":"#1"},"west":{"uv":[2,2,4,4],"texture":"#1"},"up":{"uv":[2,2,4,4],"texture":"#1"},"down":{"uv":[2,2,4,4],"texture":"#1"}}},{"from":[2.55,4.85,0.45],"to":[3.15,5.45,1.05],"shade":false,"rotation":{"angle":0,"axis":"y","origin":[-8,15,-2]},"faces":{"north":{"uv":[4,14,6,16],"texture":"#1"},"east":{"uv":[4,14,6,16],"texture":"#1"},"south":{"uv":[4,14,6,16],"texture":"#1"},"west":{"uv":[4,14,6,16],"texture":"#1"},"up":{"uv":[4,14,6,16],"texture":"#1"},"down":{"uv":[4,14,6,16],"texture":"#1"}}},{"from":[3.4,5.7,1.3],"to":[2.3,4.6,0.2],"shade":false,"rotation":{"angle":0,"axis":"y","origin":[-8,15,-2]},"faces":{"north":{"uv":[6,14,8,16],"texture":"#1"},"east":{"uv":[6,14,8,16],"texture":"#1"},"south":{"uv":[6,14,8,16],"texture":"#1"},"west":{"uv":[6,14,8,16],"texture":"#1"},"up":{"uv":[6,14,8,16],"texture":"#1"},"down":{"uv":[6,14,8,16],"texture":"#1"}}},{"from":[2.49436,5.49384,0.4],"to":[3.19436,6.19384,1.1],"shade":false,"rotation":{"angle":0,"axis":"y","origin":[-8,15,-2]},"faces":{"north":{"uv":[4,12,6,14],"texture":"#1"},"east":{"uv":[4,12,6,14],"texture":"#1"},"south":{"uv":[4,12,6,14],"texture":"#1"},"west":{"uv":[4,12,6,14],"texture":"#1"},"up":{"uv":[4,12,6,14],"texture":"#1"},"down":{"uv":[4,12,6,14],"texture":"#1"}}},{"from":[3.49436,6.49384,1.4],"to":[2.19436,5.19384,0.1],"shade":false,"rotation":{"angle":0,"axis":"y","origin":[-8,15,-2]},"faces":{"north":{"uv":[6,12,8,14],"texture":"#1"},"east":{"uv":[6,12,8,14],"texture":"#1"},"south":{"uv":[6,12,8,14],"texture":"#1"},"west":{"uv":[6,12,8,14],"texture":"#1"},"up":{"uv":[6,12,8,14],"texture":"#1"},"down":{"uv":[6,12,8,14],"texture":"#1"}}},{"from":[2.34219,6.25,0.25],"to":[3.34219,7.25,1.25],"shade":false,"rotation":{"angle":0,"axis":"y","origin":[-8,15,-2]},"faces":{"north":{"uv":[4,10,6,12],"texture":"#1"},"east":{"uv":[4,10,6,12],"texture":"#1"},"south":{"uv":[4,10,6,12],"texture":"#1"},"west":{"uv":[4,10,6,12],"texture":"#1"},"up":{"uv":[4,10,6,12],"texture":"#1"},"down":{"uv":[4,10,6,12],"texture":"#1"}}},{"from":[3.59219,7.5,1.5],"to":[2.09219,6,0],"shade":false,"rotation":{"angle":0,"axis":"y","origin":[-8,15,-2]},"faces":{"north":{"uv":[6,10,8,12],"texture":"#1"},"east":{"uv":[6,10,8,12],"texture":"#1"},"south":{"uv":[6,10,8,12],"texture":"#1"},"west":{"uv":[6,10,8,12],"texture":"#1"},"up":{"uv":[6,10,8,12],"texture":"#1"},"down":{"uv":[6,10,8,12],"texture":"#1"}}},{"from":[2.34668,7.4,0.25],"to":[3.34668,8.4,1.25],"shade":false,"rotation":{"angle":0,"axis":"y","origin":[-8,15,-2]},"faces":{"north":{"uv":[4,8,6,10],"rotation":90,"texture":"#1"},"east":{"uv":[4,8,6,10],"rotation":270,"texture":"#1"},"south":{"uv":[4,8,6,10],"rotation":270,"texture":"#1"},"west":{"uv":[4,8,6,10],"rotation":270,"texture":"#1"},"up":{"uv":[4,8,6,10],"rotation":270,"texture":"#1"},"down":{"uv":[4,8,6,10],"rotation":270,"texture":"#1"}}},{"from":[3.59668,8.657,1.5],"to":[2.09668,7.157,0],"shade":false,"rotation":{"angle":0,"axis":"y","origin":[-8,15,-2]},"faces":{"north":{"uv":[6,8,8,10],"rotation":90,"texture":"#1"},"east":{"uv":[6,8,8,10],"rotation":270,"texture":"#1"},"south":{"uv":[6,8,8,10],"rotation":270,"texture":"#1"},"west":{"uv":[6,8,8,10],"rotation":270,"texture":"#1"},"up":{"uv":[6,8,8,10],"rotation":270,"texture":"#1"},"down":{"uv":[6,8,8,10],"rotation":270,"texture":"#1"}}},{"from":[2.35,8.55,0.25],"to":[3.35,9.55,1.25],"shade":false,"rotation":{"angle":0,"axis":"y","origin":[-8,15,-2]},"faces":{"north":{"uv":[4,6,6,8],"texture":"#1"},"east":{"uv":[4,6,6,8],"texture":"#1"},"south":{"uv":[4,6,6,8],"texture":"#1"},"west":{"uv":[4,6,6,8],"texture":"#1"},"up":{"uv":[4,6,6,8],"texture":"#1"},"down":{"uv":[4,6,6,8],"texture":"#1"}}},{"from":[3.6,9.8,1.5],"to":[2.1,8.3,0],"shade":false,"rotation":{"angle":0,"axis":"y","origin":[-8,15,-2]},"faces":{"north":{"uv":[6,6,8,8],"texture":"#1"},"east":{"uv":[6,6,8,8],"texture":"#1"},"south":{"uv":[6,6,8,8],"texture":"#1"},"west":{"uv":[6,6,8,8],"texture":"#1"},"up":{"uv":[6,6,8,8],"texture":"#1"},"down":{"uv":[6,6,8,8],"texture":"#1"}}},{"from":[2.51809,9.63568,0.4],"to":[3.21809,10.33568,1.1],"shade":false,"rotation":{"angle":0,"axis":"y","origin":[-8,15,-2]},"faces":{"north":{"uv":[4,4,6,6],"texture":"#1"},"east":{"uv":[4,4,6,6],"texture":"#1"},"south":{"uv":[4,4,6,6],"texture":"#1"},"west":{"uv":[4,4,6,6],"texture":"#1"},"up":{"uv":[4,4,6,6],"texture":"#1"},"down":{"uv":[4,4,6,6],"texture":"#1"}}},{"from":[3.51809,10.63568,1.4],"to":[2.21809,9.33568,0.1],"shade":false,"rotation":{"angle":0,"axis":"y","origin":[-8,15,-2]},"faces":{"north":{"uv":[6,4,8,6],"texture":"#1"},"east":{"uv":[6,4,8,6],"texture":"#1"},"south":{"uv":[6,4,8,6],"texture":"#1"},"west":{"uv":[6,4,8,6],"texture":"#1"},"up":{"uv":[6,4,8,6],"texture":"#1"},"down":{"uv":[6,4,8,6],"texture":"#1"}}},{"from":[2.58,10.4,0.45],"to":[3.18,11,1.05],"shade":false,"rotation":{"angle":0,"axis":"y","origin":[-8,15,-2]},"faces":{"north":{"uv":[4,2,6,4],"texture":"#1"},"east":{"uv":[4,2,6,4],"texture":"#1"},"south":{"uv":[4,2,6,4],"texture":"#1"},"west":{"uv":[4,2,6,4],"texture":"#1"},"up":{"uv":[4,2,6,4],"texture":"#1"},"down":{"uv":[4,2,6,4],"texture":"#1"}}},{"from":[3.43,11.25,1.3],"to":[2.33,10.15,0.2],"shade":false,"rotation":{"angle":0,"axis":"y","origin":[-8,15,-2]},"faces":{"north":{"uv":[6,2,8,4],"texture":"#1"},"east":{"uv":[6,2,8,4],"texture":"#1"},"south":{"uv":[6,2,8,4],"texture":"#1"},"west":{"uv":[6,2,8,4],"texture":"#1"},"up":{"uv":[6,2,8,4],"texture":"#1"},"down":{"uv":[6,2,8,4],"texture":"#1"}}},{"from":[13.55,4.85,0.45],"to":[14.15,5.45,1.05],"shade":false,"rotation":{"angle":0,"axis":"y","origin":[6,8,-2]},"faces":{"north":{"uv":[8,14,10,16],"texture":"#1"},"east":{"uv":[8,14,10,16],"texture":"#1"},"south":{"uv":[8,14,10,16],"texture":"#1"},"west":{"uv":[8,14,10,16],"texture":"#1"},"up":{"uv":[8,14,10,16],"texture":"#1"},"down":{"uv":[8,14,10,16],"texture":"#1"}}},{"from":[14.4,5.7,1.3],"to":[13.3,4.6,0.2],"shade":false,"rotation":{"angle":0,"axis":"y","origin":[6,8,-2]},"faces":{"north":{"uv":[10,14,12,16],"texture":"#1"},"east":{"uv":[10,14,12,16],"texture":"#1"},"south":{"uv":[10,14,12,16],"texture":"#1"},"west":{"uv":[10,14,12,16],"texture":"#1"},"up":{"uv":[10,14,12,16],"texture":"#1"},"down":{"uv":[10,14,12,16],"texture":"#1"}}},{"from":[13.49436,5.49384,0.4],"to":[14.19436,6.19384,1.1],"shade":false,"rotation":{"angle":0,"axis":"y","origin":[6,8,-2]},"faces":{"north":{"uv":[8,12,10,14],"texture":"#1"},"east":{"uv":[8,12,10,14],"texture":"#1"},"south":{"uv":[8,12,10,14],"texture":"#1"},"west":{"uv":[8,12,10,14],"texture":"#1"},"up":{"uv":[8,12,10,14],"texture":"#1"},"down":{"uv":[8,12,10,14],"texture":"#1"}}},{"from":[14.49436,6.49384,1.4],"to":[13.19436,5.19384,0.1],"shade":false,"rotation":{"angle":0,"axis":"y","origin":[6,8,-2]},"faces":{"north":{"uv":[10,12,12,14],"texture":"#1"},"east":{"uv":[10,12,12,14],"texture":"#1"},"south":{"uv":[10,12,12,14],"texture":"#1"},"west":{"uv":[10,12,12,14],"texture":"#1"},"up":{"uv":[10,12,12,14],"texture":"#1"},"down":{"uv":[10,12,12,14],"texture":"#1"}}},{"from":[13.34219,6.25,0.25],"to":[14.34219,7.25,1.25],"shade":false,"rotation":{"angle":0,"axis":"y","origin":[6,8,-2]},"faces":{"north":{"uv":[8,10,10,12],"texture":"#1"},"east":{"uv":[8,10,10,12],"texture":"#1"},"south":{"uv":[8,10,10,12],"texture":"#1"},"west":{"uv":[8,10,10,12],"texture":"#1"},"up":{"uv":[8,10,10,12],"texture":"#1"},"down":{"uv":[8,10,10,12],"texture":"#1"}}},{"from":[14.59219,7.5,1.5],"to":[13.09219,6,0],"shade":false,"rotation":{"angle":0,"axis":"y","origin":[6,8,-2]},"faces":{"north":{"uv":[10,10,12,12],"texture":"#1"},"east":{"uv":[10,10,12,12],"texture":"#1"},"south":{"uv":[10,10,12,12],"texture":"#1"},"west":{"uv":[10,10,12,12],"texture":"#1"},"up":{"uv":[10,10,12,12],"texture":"#1"},"down":{"uv":[10,10,12,12],"texture":"#1"}}},{"from":[13.34668,7.4,0.25],"to":[14.34668,8.4,1.25],"shade":false,"rotation":{"angle":0,"axis":"y","origin":[6,8,-2]},"faces":{"north":{"uv":[8,8,10,10],"rotation":90,"texture":"#1"},"east":{"uv":[8,8,10,10],"rotation":270,"texture":"#1"},"south":{"uv":[8,8,10,10],"rotation":270,"texture":"#1"},"west":{"uv":[8,8,10,10],"rotation":270,"texture":"#1"},"up":{"uv":[8,8,10,10],"rotation":270,"texture":"#1"},"down":{"uv":[8,8,10,10],"rotation":270,"texture":"#1"}}},{"from":[14.59668,8.657,1.5],"to":[13.09668,7.157,0],"shade":false,"rotation":{"angle":0,"axis":"y","origin":[6,8,-2]},"faces":{"north":{"uv":[10,8,12,10],"rotation":90,"texture":"#1"},"east":{"uv":[10,8,12,10],"rotation":270,"texture":"#1"},"south":{"uv":[10,8,12,10],"rotation":270,"texture":"#1"},"west":{"uv":[10,8,12,10],"rotation":270,"texture":"#1"},"up":{"uv":[10,8,12,10],"rotation":270,"texture":"#1"},"down":{"uv":[10,8,12,10],"rotation":270,"texture":"#1"}}},{"from":[13.35,8.55,0.25],"to":[14.35,9.55,1.25],"shade":false,"rotation":{"angle":0,"axis":"y","origin":[6,8,-2]},"faces":{"north":{"uv":[8,6,10,8],"texture":"#1"},"east":{"uv":[8,6,10,8],"texture":"#1"},"south":{"uv":[8,6,10,8],"texture":"#1"},"west":{"uv":[8,6,10,8],"texture":"#1"},"up":{"uv":[8,6,10,8],"texture":"#1"},"down":{"uv":[8,6,10,8],"texture":"#1"}}},{"from":[14.6,9.8,1.5],"to":[13.1,8.3,0],"shade":false,"rotation":{"angle":0,"axis":"y","origin":[6,8,-2]},"faces":{"north":{"uv":[10,6,12,8],"texture":"#1"},"east":{"uv":[10,6,12,8],"texture":"#1"},"south":{"uv":[10,6,12,8],"texture":"#1"},"west":{"uv":[10,6,12,8],"texture":"#1"},"up":{"uv":[10,6,12,8],"texture":"#1"},"down":{"uv":[10,6,12,8],"texture":"#1"}}},{"from":[13.51809,9.63568,0.4],"to":[14.21809,10.33568,1.1],"shade":false,"rotation":{"angle":0,"axis":"y","origin":[6,8,-2]},"faces":{"north":{"uv":[8,4,10,6],"texture":"#1"},"east":{"uv":[8,4,10,6],"texture":"#1"},"south":{"uv":[8,4,10,6],"texture":"#1"},"west":{"uv":[8,4,10,6],"texture":"#1"},"up":{"uv":[8,4,10,6],"texture":"#1"},"down":{"uv":[8,4,10,6],"texture":"#1"}}},{"from":[14.51809,10.63568,1.4],"to":[13.21809,9.33568,0.1],"shade":false,"rotation":{"angle":0,"axis":"y","origin":[6,8,-2]},"faces":{"north":{"uv":[10,4,12,6],"texture":"#1"},"east":{"uv":[10,4,12,6],"texture":"#1"},"south":{"uv":[10,4,12,6],"texture":"#1"},"west":{"uv":[10,4,12,6],"texture":"#1"},"up":{"uv":[10,4,12,6],"texture":"#1"},"down":{"uv":[10,4,12,6],"texture":"#1"}}},{"from":[13.58,10.4,0.45],"to":[14.18,11,1.05],"shade":false,"rotation":{"angle":0,"axis":"y","origin":[6,8,-2]},"faces":{"north":{"uv":[8,2,10,4],"texture":"#1"},"east":{"uv":[8,2,10,4],"texture":"#1"},"south":{"uv":[8,2,10,4],"texture":"#1"},"west":{"uv":[8,2,10,4],"texture":"#1"},"up":{"uv":[8,2,10,4],"texture":"#1"},"down":{"uv":[8,2,10,4],"texture":"#1"}}},{"from":[14.43,11.25,1.3],"to":[13.33,10.15,0.2],"shade":false,"rotation":{"angle":0,"axis":"y","origin":[6,8,-2]},"faces":{"north":{"uv":[10,2,12,4],"texture":"#1"},"east":{"uv":[10,2,12,4],"texture":"#1"},"south":{"uv":[10,2,12,4],"texture":"#1"},"west":{"uv":[10,2,12,4],"texture":"#1"},"up":{"uv":[10,2,12,4],"texture":"#1"},"down":{"uv":[10,2,12,4],"texture":"#1"}}},{"from":[16.55,4.85,4.95],"to":[17.15,5.45,5.55],"shade":false,"rotation":{"angle":0,"axis":"y","origin":[12,15,-8]},"faces":{"north":{"uv":[12,14,14,16],"texture":"#1"},"east":{"uv":[12,14,14,16],"texture":"#1"},"south":{"uv":[12,14,14,16],"texture":"#1"},"west":{"uv":[12,14,14,16],"texture":"#1"},"up":{"uv":[12,14,14,16],"texture":"#1"},"down":{"uv":[12,14,14,16],"texture":"#1"}}},{"from":[17.4,5.7,5.8],"to":[16.3,4.6,4.7],"shade":false,"rotation":{"angle":0,"axis":"y","origin":[12,15,-8]},"faces":{"north":{"uv":[14,14,16,16],"texture":"#1"},"east":{"uv":[14,14,16,16],"texture":"#1"},"south":{"uv":[14,14,16,16],"texture":"#1"},"west":{"uv":[14,14,16,16],"texture":"#1"},"up":{"uv":[14,14,16,16],"texture":"#1"},"down":{"uv":[14,14,16,16],"texture":"#1"}}},{"from":[16.49436,5.49384,4.9],"to":[17.19436,6.19384,5.6],"shade":false,"rotation":{"angle":0,"axis":"y","origin":[12,15,-8]},"faces":{"north":{"uv":[12,12,14,14],"texture":"#1"},"east":{"uv":[12,12,14,14],"texture":"#1"},"south":{"uv":[12,12,14,14],"texture":"#1"},"west":{"uv":[12,12,14,14],"texture":"#1"},"up":{"uv":[12,12,14,14],"texture":"#1"},"down":{"uv":[12,12,14,14],"texture":"#1"}}},{"from":[17.49436,6.49384,5.9],"to":[16.19436,5.19384,4.6],"shade":false,"rotation":{"angle":0,"axis":"y","origin":[12,15,-8]},"faces":{"north":{"uv":[14,12,16,14],"texture":"#1"},"east":{"uv":[14,12,16,14],"texture":"#1"},"south":{"uv":[14,12,16,14],"texture":"#1"},"west":{"uv":[14,12,16,14],"texture":"#1"},"up":{"uv":[14,12,16,14],"texture":"#1"},"down":{"uv":[14,12,16,14],"texture":"#1"}}},{"from":[16.34219,6.25,4.75],"to":[17.34219,7.25,5.75],"shade":false,"rotation":{"angle":0,"axis":"y","origin":[12,15,-8]},"faces":{"north":{"uv":[12,10,14,12],"texture":"#1"},"east":{"uv":[12,10,14,12],"texture":"#1"},"south":{"uv":[12,10,14,12],"texture":"#1"},"west":{"uv":[12,10,14,12],"texture":"#1"},"up":{"uv":[12,10,14,12],"texture":"#1"},"down":{"uv":[12,10,14,12],"texture":"#1"}}},{"from":[17.59219,7.5,6],"to":[16.09219,6,4.5],"shade":false,"rotation":{"angle":0,"axis":"y","origin":[12,15,-8]},"faces":{"north":{"uv":[14,10,16,12],"texture":"#1"},"east":{"uv":[14,10,16,12],"texture":"#1"},"south":{"uv":[14,10,16,12],"texture":"#1"},"west":{"uv":[14,10,16,12],"texture":"#1"},"up":{"uv":[14,10,16,12],"texture":"#1"},"down":{"uv":[14,10,16,12],"texture":"#1"}}},{"from":[16.34668,7.4,4.75],"to":[17.34668,8.4,5.75],"shade":false,"rotation":{"angle":0,"axis":"y","origin":[12,15,-8]},"faces":{"north":{"uv":[12,8,14,10],"rotation":90,"texture":"#1"},"east":{"uv":[12,8,14,10],"rotation":270,"texture":"#1"},"south":{"uv":[12,8,14,10],"rotation":270,"texture":"#1"},"west":{"uv":[12,8,14,10],"rotation":270,"texture":"#1"},"up":{"uv":[12,8,14,10],"rotation":270,"texture":"#1"},"down":{"uv":[12,8,14,10],"rotation":270,"texture":"#1"}}},{"from":[17.59668,8.657,6],"to":[16.09668,7.157,4.5],"shade":false,"rotation":{"angle":0,"axis":"y","origin":[12,15,-8]},"faces":{"north":{"uv":[14,8,16,10],"rotation":90,"texture":"#1"},"east":{"uv":[14,8,16,10],"rotation":270,"texture":"#1"},"south":{"uv":[14,8,16,10],"rotation":270,"texture":"#1"},"west":{"uv":[14,8,16,10],"rotation":270,"texture":"#1"},"up":{"uv":[14,8,16,10],"rotation":270,"texture":"#1"},"down":{"uv":[14,8,16,10],"rotation":270,"texture":"#1"}}},{"from":[16.35,8.55,4.75],"to":[17.35,9.55,5.75],"shade":false,"rotation":{"angle":0,"axis":"y","origin":[12,15,-8]},"faces":{"north":{"uv":[12,6,14,8],"texture":"#1"},"east":{"uv":[12,6,14,8],"texture":"#1"},"south":{"uv":[12,6,14,8],"texture":"#1"},"west":{"uv":[12,6,14,8],"texture":"#1"},"up":{"uv":[12,6,14,8],"texture":"#1"},"down":{"uv":[12,6,14,8],"texture":"#1"}}},{"from":[17.6,9.8,6],"to":[16.1,8.3,4.5],"shade":false,"rotation":{"angle":0,"axis":"y","origin":[12,15,-8]},"faces":{"north":{"uv":[14,6,16,8],"texture":"#1"},"east":{"uv":[14,6,16,8],"texture":"#1"},"south":{"uv":[14,6,16,8],"texture":"#1"},"west":{"uv":[14,6,16,8],"texture":"#1"},"up":{"uv":[14,6,16,8],"texture":"#1"},"down":{"uv":[14,6,16,8],"texture":"#1"}}},{"from":[16.51809,9.63568,4.9],"to":[17.21809,10.33568,5.6],"shade":false,"rotation":{"angle":0,"axis":"y","origin":[12,15,-8]},"faces":{"north":{"uv":[12,4,14,6],"texture":"#1"},"east":{"uv":[12,4,14,6],"texture":"#1"},"south":{"uv":[12,4,14,6],"texture":"#1"},"west":{"uv":[12,4,14,6],"texture":"#1"},"up":{"uv":[12,4,14,6],"texture":"#1"},"down":{"uv":[12,4,14,6],"texture":"#1"}}},{"from":[17.51809,10.63568,5.9],"to":[16.21809,9.33568,4.6],"shade":false,"rotation":{"angle":0,"axis":"y","origin":[12,15,-8]},"faces":{"north":{"uv":[14,4,16,6],"texture":"#1"},"east":{"uv":[14,4,16,6],"texture":"#1"},"south":{"uv":[14,4,16,6],"texture":"#1"},"west":{"uv":[14,4,16,6],"texture":"#1"},"up":{"uv":[14,4,16,6],"texture":"#1"},"down":{"uv":[14,4,16,6],"texture":"#1"}}},{"from":[16.58,10.4,4.95],"to":[17.18,11,5.55],"shade":false,"rotation":{"angle":0,"axis":"y","origin":[12,15,-8]},"faces":{"north":{"uv":[12,2,14,4],"texture":"#1"},"east":{"uv":[12,2,14,4],"texture":"#1"},"south":{"uv":[12,2,14,4],"texture":"#1"},"west":{"uv":[12,2,14,4],"texture":"#1"},"up":{"uv":[12,2,14,4],"texture":"#1"},"down":{"uv":[12,2,14,4],"texture":"#1"}}},{"from":[17.43,11.25,5.8],"to":[16.33,10.15,4.7],"shade":false,"rotation":{"angle":0,"axis":"y","origin":[12,15,-8]},"faces":{"north":{"uv":[14,2,16,4],"texture":"#1"},"east":{"uv":[14,2,16,4],"texture":"#1"},"south":{"uv":[14,2,16,4],"texture":"#1"},"west":{"uv":[14,2,16,4],"texture":"#1"},"up":{"uv":[14,2,16,4],"texture":"#1"},"down":{"uv":[14,2,16,4],"texture":"#1"}}}],"gui_light":"front","display":{"thirdperson_righthand":{"translation":[0,4.75,0.5],"scale":[0.6,0.6,0.6]},"thirdperson_lefthand":{"translation":[0,4.75,0.5],"scale":[0.6,0.6,0.6]},"firstperson_righthand":{"translation":[-2.25,7,3],"scale":[0.54336,0.54336,0.54336]},"firstperson_lefthand":{"translation":[-2.25,7,3],"scale":[0.54336,0.54336,0.54336]},"ground":{"translation":[0,6,0],"scale":[0.5,0.5,0.5]},"gui":{"rotation":[90,45,0],"translation":[0.5,-0.5,0],"scale":[0.49023,0.49023,0.49023]},"head":{"scale":[0,0,0]},"fixed":{"rotation":[90,0,180],"translation":[0,2,-10.25],"scale":[1.3,1.3,1.3]}}}