{"credit":"by w11shes","texture_size":[8,8],"textures":{"1":"elitecreatures:archangel_weapon_assortment/archangel_particle","2":"elitecreatures:archangel_weapon_assortment/archangel_hammer","particle":"elitecreatures:archangel_weapon_assortment/archangel_hammer"},"elements":[{"from":[7,-3,7],"to":[9,9,9],"rotation":{"angle":-45,"axis":"y","origin":[8,9,8]},"faces":{"north":{"uv":[3.75,7.25,4.25,10.25],"texture":"#2"},"east":{"uv":[4.25,7.25,3.75,10.25],"texture":"#2"},"south":{"uv":[3.75,7.25,4.25,10.25],"texture":"#2"},"west":{"uv":[4.25,7.25,3.75,10.25],"texture":"#2"}}},{"from":[8,-6.2,6],"to":[12,-3.2,10],"rotation":{"angle":22.5,"axis":"z","origin":[8,-6.2,8]},"faces":{"north":{"uv":[5.75,9,6.75,9.75],"texture":"#2"},"east":{"uv":[9.25,2.75,10.25,3.5],"texture":"#2"},"south":{"uv":[6.75,9,5.75,9.75],"texture":"#2"},"up":{"uv":[2.25,8.5,1.25,7.5],"texture":"#2"},"down":{"uv":[9.25,2.75,8.25,3.75],"texture":"#2"}}},{"from":[4,-12.2,8],"to":[12,-6.2,8.05],"rotation":{"angle":-45,"axis":"z","origin":[8,-6.2,8.5]},"faces":{"north":{"uv":[5.75,6.75,7.75,8.25],"texture":"#2"},"south":{"uv":[7.75,6.75,5.75,8.25],"texture":"#2"}}},{"from":[4,-12.2,8],"to":[12,-6.2,8.05],"rotation":{"angle":45,"axis":"z","origin":[8,-6.2,8.5]},"faces":{"north":{"uv":[7.75,6.75,5.75,8.25],"texture":"#2"},"south":{"uv":[5.75,6.75,7.75,8.25],"texture":"#2"}}},{"from":[4,-6.2,5.98],"to":[8,-3.2,10.02],"rotation":{"angle":-22.5,"axis":"z","origin":[8,-6.2,8]},"faces":{"north":{"uv":[9.25,3.5,10.25,4.25],"texture":"#2"},"south":{"uv":[10.25,3.5,9.25,4.25],"texture":"#2"},"west":{"uv":[9.25,4.25,10.25,5],"texture":"#2"},"up":{"uv":[9.25,4.75,8.25,3.75],"texture":"#2"},"down":{"uv":[9.25,4.75,8.25,5.75],"texture":"#2"}}},{"from":[0,16,4.5],"to":[9,25,11.5],"rotation":{"angle":-45,"axis":"z","origin":[8,17,8]},"faces":{"north":{"uv":[0,3.5,2.25,5.75],"texture":"#2"},"east":{"uv":[5.25,2.25,7,4.5],"texture":"#2"},"south":{"uv":[2.25,3.5,0,5.75],"texture":"#2"},"west":{"uv":[5.25,4.5,7,6.75],"texture":"#2"},"up":{"uv":[4.5,7.25,2.25,5.5],"texture":"#2"},"down":{"uv":[2.25,5.75,0,7.5],"texture":"#2"}}},{"from":[0,16,5.5],"to":[9,25,10.5],"rotation":{"angle":-45,"axis":"z","origin":[8,17,8]},"faces":{"north":{"uv":[5.25,0,7.5,2.25],"texture":"#2"},"south":{"uv":[7.5,0,5.25,2.25],"texture":"#2"}}},{"from":[-9.7,13.7,10],"to":[2.3,27.7,10.05],"rotation":{"angle":-22.5,"axis":"y","origin":[8.3,10,8]},"faces":{"north":{"uv":[0,0,3,3.5],"texture":"#2"},"south":{"uv":[3,0,0,3.5],"texture":"#2"}}},{"from":[-9.7,13.7,5.95],"to":[2.3,27.7,6],"rotation":{"angle":22.5,"axis":"y","origin":[8.3,10,8]},"faces":{"north":{"uv":[0,0,3,3.5],"texture":"#2"},"south":{"uv":[3,0,0,3.5],"texture":"#2"}}},{"from":[6.5,13.1,6.5],"to":[9.5,17.1,9.5],"rotation":{"angle":0,"axis":"y","origin":[16,28.6,0]},"faces":{"north":{"uv":[9.25,6.5,10,7.5],"texture":"#2"},"east":{"uv":[9.25,7.5,10,8.5],"texture":"#2"},"south":{"uv":[10,6.5,9.25,7.5],"texture":"#2"},"west":{"uv":[7.75,9.25,8.5,10.25],"texture":"#2"}}},{"from":[5.5,8.6,6.48],"to":[10.5,13.6,9.52],"rotation":{"angle":-45,"axis":"z","origin":[8,11.1,8]},"faces":{"north":{"uv":[8.25,1.5,9.5,2.75],"texture":"#2"},"east":{"uv":[2.25,3.5,3,4.75],"texture":"#2"},"south":{"uv":[9.5,1.5,8.25,2.75],"texture":"#2"},"west":{"uv":[4.5,5.5,5.25,6.75],"texture":"#2"},"up":{"uv":[7,9,5.75,8.25],"texture":"#2"},"down":{"uv":[9.5,5.75,8.25,6.5],"texture":"#2"}}},{"from":[1.25,19.5,5.5],"to":[4.25,24.5,10.5],"rotation":{"angle":0,"axis":"y","origin":[0,3,0]},"faces":{"north":{"uv":[7,8.25,7.75,9.5],"texture":"#2"},"south":{"uv":[7.75,8.25,7,9.5],"texture":"#2"},"up":{"uv":[2,9.75,1.25,8.5],"texture":"#2"},"down":{"uv":[9.5,0,8.75,1.25],"texture":"#2"}}},{"from":[11.75,19.5,5.5],"to":[14.75,24.5,10.5],"rotation":{"angle":0,"axis":"y","origin":[16,3,0]},"faces":{"north":{"uv":[2,8.75,2.75,10],"texture":"#2"},"south":{"uv":[2.75,8.75,2,10],"texture":"#2"},"up":{"uv":[3.5,10,2.75,8.75],"texture":"#2"},"down":{"uv":[0.75,9,0,10.25],"texture":"#2"}}},{"from":[14.75,16.5,3.5],"to":[19.75,27.5,12.5],"rotation":{"angle":0,"axis":"y","origin":[16,3,0]},"faces":{"north":{"uv":[4.5,6.75,5.75,9.5],"texture":"#2"},"east":{"uv":[3,0,5.25,2.75],"texture":"#2"},"south":{"uv":[5.75,6.75,4.5,9.5],"texture":"#2"},"west":{"uv":[3,2.75,5.25,5.5],"texture":"#2"},"up":{"uv":[8.25,4.5,7,2.25],"texture":"#2"},"down":{"uv":[8.25,4.5,7,6.75],"texture":"#2"}}},{"from":[-3.45,16.5,5.48],"to":[2.55,22.5,10.52],"rotation":{"angle":45,"axis":"z","origin":[-2.95,22,8]},"faces":{"north":{"uv":[2.25,7.25,3.75,8.75],"texture":"#2"},"east":{"uv":[0,7.5,1.25,9],"texture":"#2"},"south":{"uv":[3.75,7.25,2.25,8.75],"texture":"#2"},"west":{"uv":[7.5,0,8.75,1.5],"texture":"#2"},"up":{"uv":[9.25,8,7.75,6.75],"texture":"#2"},"down":{"uv":[9.25,8,7.75,9.25],"texture":"#2"}}},{"from":[4.55,20.85,2.45],"to":[5.15,21.45,3.05],"shade":false,"rotation":{"angle":0,"axis":"y","origin":[0,28,0]},"faces":{"north":{"uv":[0,14,2,16],"texture":"#1"},"east":{"uv":[0,14,2,16],"texture":"#1"},"south":{"uv":[0,14,2,16],"texture":"#1"},"west":{"uv":[0,14,2,16],"texture":"#1"},"up":{"uv":[0,14,2,16],"texture":"#1"},"down":{"uv":[0,14,2,16],"texture":"#1"}}},{"from":[5.4,21.7,3.3],"to":[4.3,20.6,2.2],"shade":false,"rotation":{"angle":0,"axis":"y","origin":[0,28,0]},"faces":{"north":{"uv":[2,14,4,16],"texture":"#1"},"east":{"uv":[2,14,4,16],"texture":"#1"},"south":{"uv":[2,14,4,16],"texture":"#1"},"west":{"uv":[2,14,4,16],"texture":"#1"},"up":{"uv":[2,14,4,16],"texture":"#1"},"down":{"uv":[2,14,4,16],"texture":"#1"}}},{"from":[4.49436,21.49384,2.4],"to":[5.19436,22.19384,3.1],"shade":false,"rotation":{"angle":0,"axis":"y","origin":[0,28,0]},"faces":{"north":{"uv":[0,12,2,14],"texture":"#1"},"east":{"uv":[0,12,2,14],"texture":"#1"},"south":{"uv":[0,12,2,14],"texture":"#1"},"west":{"uv":[0,12,2,14],"texture":"#1"},"up":{"uv":[0,12,2,14],"texture":"#1"},"down":{"uv":[0,12,2,14],"texture":"#1"}}},{"from":[5.49436,22.49384,3.4],"to":[4.19436,21.19384,2.1],"shade":false,"rotation":{"angle":0,"axis":"y","origin":[0,28,0]},"faces":{"north":{"uv":[2,12,4,14],"texture":"#1"},"east":{"uv":[2,12,4,14],"texture":"#1"},"south":{"uv":[2,12,4,14],"texture":"#1"},"west":{"uv":[2,12,4,14],"texture":"#1"},"up":{"uv":[2,12,4,14],"texture":"#1"},"down":{"uv":[2,12,4,14],"texture":"#1"}}},{"from":[4.34219,22.25,2.25],"to":[5.34219,23.25,3.25],"shade":false,"rotation":{"angle":0,"axis":"y","origin":[0,28,0]},"faces":{"north":{"uv":[0,10,2,12],"texture":"#1"},"east":{"uv":[0,10,2,12],"texture":"#1"},"south":{"uv":[0,10,2,12],"texture":"#1"},"west":{"uv":[0,10,2,12],"texture":"#1"},"up":{"uv":[0,10,2,12],"texture":"#1"},"down":{"uv":[0,10,2,12],"texture":"#1"}}},{"from":[5.59219,23.5,3.5],"to":[4.09219,22,2],"shade":false,"rotation":{"angle":0,"axis":"y","origin":[0,28,0]},"faces":{"north":{"uv":[2,10,4,12],"texture":"#1"},"east":{"uv":[2,10,4,12],"texture":"#1"},"south":{"uv":[2,10,4,12],"texture":"#1"},"west":{"uv":[2,10,4,12],"texture":"#1"},"up":{"uv":[2,10,4,12],"texture":"#1"},"down":{"uv":[2,10,4,12],"texture":"#1"}}},{"from":[4.34668,23.4,2.25],"to":[5.34668,24.4,3.25],"shade":false,"rotation":{"angle":0,"axis":"y","origin":[0,28,0]},"faces":{"north":{"uv":[0,8,2,10],"rotation":90,"texture":"#1"},"east":{"uv":[0,8,2,10],"rotation":270,"texture":"#1"},"south":{"uv":[0,8,2,10],"rotation":270,"texture":"#1"},"west":{"uv":[0,8,2,10],"rotation":270,"texture":"#1"},"up":{"uv":[0,8,2,10],"rotation":270,"texture":"#1"},"down":{"uv":[0,8,2,10],"rotation":270,"texture":"#1"}}},{"from":[5.59668,24.657,3.5],"to":[4.09668,23.157,2],"shade":false,"rotation":{"angle":0,"axis":"y","origin":[0,28,0]},"faces":{"north":{"uv":[2,8,4,10],"rotation":90,"texture":"#1"},"east":{"uv":[2,8,4,10],"rotation":270,"texture":"#1"},"south":{"uv":[2,8,4,10],"rotation":270,"texture":"#1"},"west":{"uv":[2,8,4,10],"rotation":270,"texture":"#1"},"up":{"uv":[2,8,4,10],"rotation":270,"texture":"#1"},"down":{"uv":[2,8,4,10],"rotation":270,"texture":"#1"}}},{"from":[4.35,24.55,2.25],"to":[5.35,25.55,3.25],"shade":false,"rotation":{"angle":0,"axis":"y","origin":[0,28,0]},"faces":{"north":{"uv":[0,6,2,8],"texture":"#1"},"east":{"uv":[0,6,2,8],"texture":"#1"},"south":{"uv":[0,6,2,8],"texture":"#1"},"west":{"uv":[0,6,2,8],"texture":"#1"},"up":{"uv":[0,6,2,8],"texture":"#1"},"down":{"uv":[0,6,2,8],"texture":"#1"}}},{"from":[5.6,25.8,3.5],"to":[4.1,24.3,2],"shade":false,"rotation":{"angle":0,"axis":"y","origin":[0,28,0]},"faces":{"north":{"uv":[2,6,4,8],"texture":"#1"},"east":{"uv":[2,6,4,8],"texture":"#1"},"south":{"uv":[2,6,4,8],"texture":"#1"},"west":{"uv":[2,6,4,8],"texture":"#1"},"up":{"uv":[2,6,4,8],"texture":"#1"},"down":{"uv":[2,6,4,8],"texture":"#1"}}},{"from":[4.51809,25.63568,2.4],"to":[5.21809,26.33568,3.1],"shade":false,"rotation":{"angle":0,"axis":"y","origin":[0,28,0]},"faces":{"north":{"uv":[0,4,2,6],"texture":"#1"},"east":{"uv":[0,4,2,6],"texture":"#1"},"south":{"uv":[0,4,2,6],"texture":"#1"},"west":{"uv":[0,4,2,6],"texture":"#1"},"up":{"uv":[0,4,2,6],"texture":"#1"},"down":{"uv":[0,4,2,6],"texture":"#1"}}},{"from":[5.51809,26.63568,3.4],"to":[4.21809,25.33568,2.1],"shade":false,"rotation":{"angle":0,"axis":"y","origin":[0,28,0]},"faces":{"north":{"uv":[2,4,4,6],"texture":"#1"},"east":{"uv":[2,4,4,6],"texture":"#1"},"south":{"uv":[2,4,4,6],"texture":"#1"},"west":{"uv":[2,4,4,6],"texture":"#1"},"up":{"uv":[2,4,4,6],"texture":"#1"},"down":{"uv":[2,4,4,6],"texture":"#1"}}},{"from":[4.58,26.4,2.45],"to":[5.18,27,3.05],"shade":false,"rotation":{"angle":0,"axis":"y","origin":[0,28,0]},"faces":{"north":{"uv":[0,2,2,4],"texture":"#1"},"east":{"uv":[0,2,2,4],"texture":"#1"},"south":{"uv":[0,2,2,4],"texture":"#1"},"west":{"uv":[0,2,2,4],"texture":"#1"},"up":{"uv":[0,2,2,4],"texture":"#1"},"down":{"uv":[0,2,2,4],"texture":"#1"}}},{"from":[5.43,27.25,3.3],"to":[4.33,26.15,2.2],"shade":false,"rotation":{"angle":0,"axis":"y","origin":[0,28,0]},"faces":{"north":{"uv":[2,2,4,4],"texture":"#1"},"east":{"uv":[2,2,4,4],"texture":"#1"},"south":{"uv":[2,2,4,4],"texture":"#1"},"west":{"uv":[2,2,4,4],"texture":"#1"},"up":{"uv":[2,2,4,4],"texture":"#1"},"down":{"uv":[2,2,4,4],"texture":"#1"}}},{"from":[10.55,17.85,2.45],"to":[11.15,18.45,3.05],"shade":false,"rotation":{"angle":0,"axis":"y","origin":[0,28,0]},"faces":{"north":{"uv":[4,14,6,16],"texture":"#1"},"east":{"uv":[4,14,6,16],"texture":"#1"},"south":{"uv":[4,14,6,16],"texture":"#1"},"west":{"uv":[4,14,6,16],"texture":"#1"},"up":{"uv":[4,14,6,16],"texture":"#1"},"down":{"uv":[4,14,6,16],"texture":"#1"}}},{"from":[11.4,18.7,3.3],"to":[10.3,17.6,2.2],"shade":false,"rotation":{"angle":0,"axis":"y","origin":[0,28,0]},"faces":{"north":{"uv":[6,14,8,16],"texture":"#1"},"east":{"uv":[6,14,8,16],"texture":"#1"},"south":{"uv":[6,14,8,16],"texture":"#1"},"west":{"uv":[6,14,8,16],"texture":"#1"},"up":{"uv":[6,14,8,16],"texture":"#1"},"down":{"uv":[6,14,8,16],"texture":"#1"}}},{"from":[10.49436,18.49384,2.4],"to":[11.19436,19.19384,3.1],"shade":false,"rotation":{"angle":0,"axis":"y","origin":[0,28,0]},"faces":{"north":{"uv":[4,12,6,14],"texture":"#1"},"east":{"uv":[4,12,6,14],"texture":"#1"},"south":{"uv":[4,12,6,14],"texture":"#1"},"west":{"uv":[4,12,6,14],"texture":"#1"},"up":{"uv":[4,12,6,14],"texture":"#1"},"down":{"uv":[4,12,6,14],"texture":"#1"}}},{"from":[11.49436,19.49384,3.4],"to":[10.19436,18.19384,2.1],"shade":false,"rotation":{"angle":0,"axis":"y","origin":[0,28,0]},"faces":{"north":{"uv":[6,12,8,14],"texture":"#1"},"east":{"uv":[6,12,8,14],"texture":"#1"},"south":{"uv":[6,12,8,14],"texture":"#1"},"west":{"uv":[6,12,8,14],"texture":"#1"},"up":{"uv":[6,12,8,14],"texture":"#1"},"down":{"uv":[6,12,8,14],"texture":"#1"}}},{"from":[10.34219,19.25,2.25],"to":[11.34219,20.25,3.25],"shade":false,"rotation":{"angle":0,"axis":"y","origin":[0,28,0]},"faces":{"north":{"uv":[4,10,6,12],"texture":"#1"},"east":{"uv":[4,10,6,12],"texture":"#1"},"south":{"uv":[4,10,6,12],"texture":"#1"},"west":{"uv":[4,10,6,12],"texture":"#1"},"up":{"uv":[4,10,6,12],"texture":"#1"},"down":{"uv":[4,10,6,12],"texture":"#1"}}},{"from":[11.59219,20.5,3.5],"to":[10.09219,19,2],"shade":false,"rotation":{"angle":0,"axis":"y","origin":[0,28,0]},"faces":{"north":{"uv":[6,10,8,12],"texture":"#1"},"east":{"uv":[6,10,8,12],"texture":"#1"},"south":{"uv":[6,10,8,12],"texture":"#1"},"west":{"uv":[6,10,8,12],"texture":"#1"},"up":{"uv":[6,10,8,12],"texture":"#1"},"down":{"uv":[6,10,8,12],"texture":"#1"}}},{"from":[10.34668,20.4,2.25],"to":[11.34668,21.4,3.25],"shade":false,"rotation":{"angle":0,"axis":"y","origin":[0,28,0]},"faces":{"north":{"uv":[4,8,6,10],"rotation":90,"texture":"#1"},"east":{"uv":[4,8,6,10],"rotation":270,"texture":"#1"},"south":{"uv":[4,8,6,10],"rotation":270,"texture":"#1"},"west":{"uv":[4,8,6,10],"rotation":270,"texture":"#1"},"up":{"uv":[4,8,6,10],"rotation":270,"texture":"#1"},"down":{"uv":[4,8,6,10],"rotation":270,"texture":"#1"}}},{"from":[11.59668,21.657,3.5],"to":[10.09668,20.157,2],"shade":false,"rotation":{"angle":0,"axis":"y","origin":[0,28,0]},"faces":{"north":{"uv":[6,8,8,10],"rotation":90,"texture":"#1"},"east":{"uv":[6,8,8,10],"rotation":270,"texture":"#1"},"south":{"uv":[6,8,8,10],"rotation":270,"texture":"#1"},"west":{"uv":[6,8,8,10],"rotation":270,"texture":"#1"},"up":{"uv":[6,8,8,10],"rotation":270,"texture":"#1"},"down":{"uv":[6,8,8,10],"rotation":270,"texture":"#1"}}},{"from":[10.35,21.55,2.25],"to":[11.35,22.55,3.25],"shade":false,"rotation":{"angle":0,"axis":"y","origin":[0,28,0]},"faces":{"north":{"uv":[4,6,6,8],"texture":"#1"},"east":{"uv":[4,6,6,8],"texture":"#1"},"south":{"uv":[4,6,6,8],"texture":"#1"},"west":{"uv":[4,6,6,8],"texture":"#1"},"up":{"uv":[4,6,6,8],"texture":"#1"},"down":{"uv":[4,6,6,8],"texture":"#1"}}},{"from":[11.6,22.8,3.5],"to":[10.1,21.3,2],"shade":false,"rotation":{"angle":0,"axis":"y","origin":[0,28,0]},"faces":{"north":{"uv":[6,6,8,8],"texture":"#1"},"east":{"uv":[6,6,8,8],"texture":"#1"},"south":{"uv":[6,6,8,8],"texture":"#1"},"west":{"uv":[6,6,8,8],"texture":"#1"},"up":{"uv":[6,6,8,8],"texture":"#1"},"down":{"uv":[6,6,8,8],"texture":"#1"}}},{"from":[10.51809,22.63568,2.4],"to":[11.21809,23.33568,3.1],"shade":false,"rotation":{"angle":0,"axis":"y","origin":[0,28,0]},"faces":{"north":{"uv":[4,4,6,6],"texture":"#1"},"east":{"uv":[4,4,6,6],"texture":"#1"},"south":{"uv":[4,4,6,6],"texture":"#1"},"west":{"uv":[4,4,6,6],"texture":"#1"},"up":{"uv":[4,4,6,6],"texture":"#1"},"down":{"uv":[4,4,6,6],"texture":"#1"}}},{"from":[11.51809,23.63568,3.4],"to":[10.21809,22.33568,2.1],"shade":false,"rotation":{"angle":0,"axis":"y","origin":[0,28,0]},"faces":{"north":{"uv":[6,4,8,6],"texture":"#1"},"east":{"uv":[6,4,8,6],"texture":"#1"},"south":{"uv":[6,4,8,6],"texture":"#1"},"west":{"uv":[6,4,8,6],"texture":"#1"},"up":{"uv":[6,4,8,6],"texture":"#1"},"down":{"uv":[6,4,8,6],"texture":"#1"}}},{"from":[10.58,23.4,2.45],"to":[11.18,24,3.05],"shade":false,"rotation":{"angle":0,"axis":"y","origin":[0,28,0]},"faces":{"north":{"uv":[4,2,6,4],"texture":"#1"},"east":{"uv":[4,2,6,4],"texture":"#1"},"south":{"uv":[4,2,6,4],"texture":"#1"},"west":{"uv":[4,2,6,4],"texture":"#1"},"up":{"uv":[4,2,6,4],"texture":"#1"},"down":{"uv":[4,2,6,4],"texture":"#1"}}},{"from":[11.43,24.25,3.3],"to":[10.33,23.15,2.2],"shade":false,"rotation":{"angle":0,"axis":"y","origin":[0,28,0]},"faces":{"north":{"uv":[6,2,8,4],"texture":"#1"},"east":{"uv":[6,2,8,4],"texture":"#1"},"south":{"uv":[6,2,8,4],"texture":"#1"},"west":{"uv":[6,2,8,4],"texture":"#1"},"up":{"uv":[6,2,8,4],"texture":"#1"},"down":{"uv":[6,2,8,4],"texture":"#1"}}},{"from":[7.55,24.85,2.45],"to":[8.15,25.45,3.05],"shade":false,"rotation":{"angle":0,"axis":"y","origin":[0,28,0]},"faces":{"north":{"uv":[8,14,10,16],"texture":"#1"},"east":{"uv":[8,14,10,16],"texture":"#1"},"south":{"uv":[8,14,10,16],"texture":"#1"},"west":{"uv":[8,14,10,16],"texture":"#1"},"up":{"uv":[8,14,10,16],"texture":"#1"},"down":{"uv":[8,14,10,16],"texture":"#1"}}},{"from":[8.4,25.7,3.3],"to":[7.3,24.6,2.2],"shade":false,"rotation":{"angle":0,"axis":"y","origin":[0,28,0]},"faces":{"north":{"uv":[10,14,12,16],"texture":"#1"},"east":{"uv":[10,14,12,16],"texture":"#1"},"south":{"uv":[10,14,12,16],"texture":"#1"},"west":{"uv":[10,14,12,16],"texture":"#1"},"up":{"uv":[10,14,12,16],"texture":"#1"},"down":{"uv":[10,14,12,16],"texture":"#1"}}},{"from":[7.49436,25.49384,2.4],"to":[8.19436,26.19384,3.1],"shade":false,"rotation":{"angle":0,"axis":"y","origin":[0,28,0]},"faces":{"north":{"uv":[8,12,10,14],"texture":"#1"},"east":{"uv":[8,12,10,14],"texture":"#1"},"south":{"uv":[8,12,10,14],"texture":"#1"},"west":{"uv":[8,12,10,14],"texture":"#1"},"up":{"uv":[8,12,10,14],"texture":"#1"},"down":{"uv":[8,12,10,14],"texture":"#1"}}},{"from":[8.49436,26.49384,3.4],"to":[7.19436,25.19384,2.1],"shade":false,"rotation":{"angle":0,"axis":"y","origin":[0,28,0]},"faces":{"north":{"uv":[10,12,12,14],"texture":"#1"},"east":{"uv":[10,12,12,14],"texture":"#1"},"south":{"uv":[10,12,12,14],"texture":"#1"},"west":{"uv":[10,12,12,14],"texture":"#1"},"up":{"uv":[10,12,12,14],"texture":"#1"},"down":{"uv":[10,12,12,14],"texture":"#1"}}},{"from":[7.34219,26.25,2.25],"to":[8.34219,27.25,3.25],"shade":false,"rotation":{"angle":0,"axis":"y","origin":[0,28,0]},"faces":{"north":{"uv":[8,10,10,12],"texture":"#1"},"east":{"uv":[8,10,10,12],"texture":"#1"},"south":{"uv":[8,10,10,12],"texture":"#1"},"west":{"uv":[8,10,10,12],"texture":"#1"},"up":{"uv":[8,10,10,12],"texture":"#1"},"down":{"uv":[8,10,10,12],"texture":"#1"}}},{"from":[8.59219,27.5,3.5],"to":[7.09219,26,2],"shade":false,"rotation":{"angle":0,"axis":"y","origin":[0,28,0]},"faces":{"north":{"uv":[10,10,12,12],"texture":"#1"},"east":{"uv":[10,10,12,12],"texture":"#1"},"south":{"uv":[10,10,12,12],"texture":"#1"},"west":{"uv":[10,10,12,12],"texture":"#1"},"up":{"uv":[10,10,12,12],"texture":"#1"},"down":{"uv":[10,10,12,12],"texture":"#1"}}},{"from":[7.34668,27.4,2.25],"to":[8.34668,28.4,3.25],"shade":false,"rotation":{"angle":0,"axis":"y","origin":[0,28,0]},"faces":{"north":{"uv":[8,8,10,10],"rotation":90,"texture":"#1"},"east":{"uv":[8,8,10,10],"rotation":270,"texture":"#1"},"south":{"uv":[8,8,10,10],"rotation":270,"texture":"#1"},"west":{"uv":[8,8,10,10],"rotation":270,"texture":"#1"},"up":{"uv":[8,8,10,10],"rotation":270,"texture":"#1"},"down":{"uv":[8,8,10,10],"rotation":270,"texture":"#1"}}},{"from":[8.59668,28.657,3.5],"to":[7.09668,27.157,2],"shade":false,"rotation":{"angle":0,"axis":"y","origin":[0,28,0]},"faces":{"north":{"uv":[10,8,12,10],"rotation":90,"texture":"#1"},"east":{"uv":[10,8,12,10],"rotation":270,"texture":"#1"},"south":{"uv":[10,8,12,10],"rotation":270,"texture":"#1"},"west":{"uv":[10,8,12,10],"rotation":270,"texture":"#1"},"up":{"uv":[10,8,12,10],"rotation":270,"texture":"#1"},"down":{"uv":[10,8,12,10],"rotation":270,"texture":"#1"}}},{"from":[7.35,28.55,2.25],"to":[8.35,29.55,3.25],"shade":false,"rotation":{"angle":0,"axis":"y","origin":[0,28,0]},"faces":{"north":{"uv":[8,6,10,8],"texture":"#1"},"east":{"uv":[8,6,10,8],"texture":"#1"},"south":{"uv":[8,6,10,8],"texture":"#1"},"west":{"uv":[8,6,10,8],"texture":"#1"},"up":{"uv":[8,6,10,8],"texture":"#1"},"down":{"uv":[8,6,10,8],"texture":"#1"}}},{"from":[8.6,29.8,3.5],"to":[7.1,28.3,2],"shade":false,"rotation":{"angle":0,"axis":"y","origin":[0,28,0]},"faces":{"north":{"uv":[10,6,12,8],"texture":"#1"},"east":{"uv":[10,6,12,8],"texture":"#1"},"south":{"uv":[10,6,12,8],"texture":"#1"},"west":{"uv":[10,6,12,8],"texture":"#1"},"up":{"uv":[10,6,12,8],"texture":"#1"},"down":{"uv":[10,6,12,8],"texture":"#1"}}},{"from":[7.51809,29.63568,2.4],"to":[8.21809,30.33568,3.1],"shade":false,"rotation":{"angle":0,"axis":"y","origin":[0,28,0]},"faces":{"north":{"uv":[8,4,10,6],"texture":"#1"},"east":{"uv":[8,4,10,6],"texture":"#1"},"south":{"uv":[8,4,10,6],"texture":"#1"},"west":{"uv":[8,4,10,6],"texture":"#1"},"up":{"uv":[8,4,10,6],"texture":"#1"},"down":{"uv":[8,4,10,6],"texture":"#1"}}},{"from":[8.51809,30.63568,3.4],"to":[7.21809,29.33568,2.1],"shade":false,"rotation":{"angle":0,"axis":"y","origin":[0,28,0]},"faces":{"north":{"uv":[10,4,12,6],"texture":"#1"},"east":{"uv":[10,4,12,6],"texture":"#1"},"south":{"uv":[10,4,12,6],"texture":"#1"},"west":{"uv":[10,4,12,6],"texture":"#1"},"up":{"uv":[10,4,12,6],"texture":"#1"},"down":{"uv":[10,4,12,6],"texture":"#1"}}},{"from":[7.58,30.4,2.45],"to":[8.18,31,3.05],"shade":false,"rotation":{"angle":0,"axis":"y","origin":[0,28,0]},"faces":{"north":{"uv":[8,2,10,4],"texture":"#1"},"east":{"uv":[8,2,10,4],"texture":"#1"},"south":{"uv":[8,2,10,4],"texture":"#1"},"west":{"uv":[8,2,10,4],"texture":"#1"},"up":{"uv":[8,2,10,4],"texture":"#1"},"down":{"uv":[8,2,10,4],"texture":"#1"}}},{"from":[8.43,31.25,3.3],"to":[7.33,30.15,2.2],"shade":false,"rotation":{"angle":0,"axis":"y","origin":[0,28,0]},"faces":{"north":{"uv":[10,2,12,4],"texture":"#1"},"east":{"uv":[10,2,12,4],"texture":"#1"},"south":{"uv":[10,2,12,4],"texture":"#1"},"west":{"uv":[10,2,12,4],"texture":"#1"},"up":{"uv":[10,2,12,4],"texture":"#1"},"down":{"uv":[10,2,12,4],"texture":"#1"}}},{"from":[4.55,17.85,12.95],"to":[5.15,18.45,13.55],"shade":false,"rotation":{"angle":0,"axis":"y","origin":[0,28,0]},"faces":{"north":{"uv":[8,14,10,16],"texture":"#1"},"east":{"uv":[8,14,10,16],"texture":"#1"},"south":{"uv":[8,14,10,16],"texture":"#1"},"west":{"uv":[8,14,10,16],"texture":"#1"},"up":{"uv":[8,14,10,16],"texture":"#1"},"down":{"uv":[8,14,10,16],"texture":"#1"}}},{"from":[5.4,18.7,13.8],"to":[4.3,17.6,12.7],"shade":false,"rotation":{"angle":0,"axis":"y","origin":[0,28,0]},"faces":{"north":{"uv":[10,14,12,16],"texture":"#1"},"east":{"uv":[10,14,12,16],"texture":"#1"},"south":{"uv":[10,14,12,16],"texture":"#1"},"west":{"uv":[10,14,12,16],"texture":"#1"},"up":{"uv":[10,14,12,16],"texture":"#1"},"down":{"uv":[10,14,12,16],"texture":"#1"}}},{"from":[4.49436,18.49384,12.9],"to":[5.19436,19.19384,13.6],"shade":false,"rotation":{"angle":0,"axis":"y","origin":[0,28,0]},"faces":{"north":{"uv":[8,12,10,14],"texture":"#1"},"east":{"uv":[8,12,10,14],"texture":"#1"},"south":{"uv":[8,12,10,14],"texture":"#1"},"west":{"uv":[8,12,10,14],"texture":"#1"},"up":{"uv":[8,12,10,14],"texture":"#1"},"down":{"uv":[8,12,10,14],"texture":"#1"}}},{"from":[5.49436,19.49384,13.9],"to":[4.19436,18.19384,12.6],"shade":false,"rotation":{"angle":0,"axis":"y","origin":[0,28,0]},"faces":{"north":{"uv":[10,12,12,14],"texture":"#1"},"east":{"uv":[10,12,12,14],"texture":"#1"},"south":{"uv":[10,12,12,14],"texture":"#1"},"west":{"uv":[10,12,12,14],"texture":"#1"},"up":{"uv":[10,12,12,14],"texture":"#1"},"down":{"uv":[10,12,12,14],"texture":"#1"}}},{"from":[4.34219,19.25,12.75],"to":[5.34219,20.25,13.75],"shade":false,"rotation":{"angle":0,"axis":"y","origin":[0,28,0]},"faces":{"north":{"uv":[8,10,10,12],"texture":"#1"},"east":{"uv":[8,10,10,12],"texture":"#1"},"south":{"uv":[8,10,10,12],"texture":"#1"},"west":{"uv":[8,10,10,12],"texture":"#1"},"up":{"uv":[8,10,10,12],"texture":"#1"},"down":{"uv":[8,10,10,12],"texture":"#1"}}},{"from":[5.59219,20.5,14],"to":[4.09219,19,12.5],"shade":false,"rotation":{"angle":0,"axis":"y","origin":[0,28,0]},"faces":{"north":{"uv":[10,10,12,12],"texture":"#1"},"east":{"uv":[10,10,12,12],"texture":"#1"},"south":{"uv":[10,10,12,12],"texture":"#1"},"west":{"uv":[10,10,12,12],"texture":"#1"},"up":{"uv":[10,10,12,12],"texture":"#1"},"down":{"uv":[10,10,12,12],"texture":"#1"}}},{"from":[4.34668,20.4,12.75],"to":[5.34668,21.4,13.75],"shade":false,"rotation":{"angle":0,"axis":"y","origin":[0,28,0]},"faces":{"north":{"uv":[8,8,10,10],"rotation":90,"texture":"#1"},"east":{"uv":[8,8,10,10],"rotation":270,"texture":"#1"},"south":{"uv":[8,8,10,10],"rotation":270,"texture":"#1"},"west":{"uv":[8,8,10,10],"rotation":270,"texture":"#1"},"up":{"uv":[8,8,10,10],"rotation":270,"texture":"#1"},"down":{"uv":[8,8,10,10],"rotation":270,"texture":"#1"}}},{"from":[5.59668,21.657,14],"to":[4.09668,20.157,12.5],"shade":false,"rotation":{"angle":0,"axis":"y","origin":[0,28,0]},"faces":{"north":{"uv":[10,8,12,10],"rotation":90,"texture":"#1"},"east":{"uv":[10,8,12,10],"rotation":270,"texture":"#1"},"south":{"uv":[10,8,12,10],"rotation":270,"texture":"#1"},"west":{"uv":[10,8,12,10],"rotation":270,"texture":"#1"},"up":{"uv":[10,8,12,10],"rotation":270,"texture":"#1"},"down":{"uv":[10,8,12,10],"rotation":270,"texture":"#1"}}},{"from":[4.35,21.55,12.75],"to":[5.35,22.55,13.75],"shade":false,"rotation":{"angle":0,"axis":"y","origin":[0,28,0]},"faces":{"north":{"uv":[8,6,10,8],"texture":"#1"},"east":{"uv":[8,6,10,8],"texture":"#1"},"south":{"uv":[8,6,10,8],"texture":"#1"},"west":{"uv":[8,6,10,8],"texture":"#1"},"up":{"uv":[8,6,10,8],"texture":"#1"},"down":{"uv":[8,6,10,8],"texture":"#1"}}},{"from":[5.6,22.8,14],"to":[4.1,21.3,12.5],"shade":false,"rotation":{"angle":0,"axis":"y","origin":[0,28,0]},"faces":{"north":{"uv":[10,6,12,8],"texture":"#1"},"east":{"uv":[10,6,12,8],"texture":"#1"},"south":{"uv":[10,6,12,8],"texture":"#1"},"west":{"uv":[10,6,12,8],"texture":"#1"},"up":{"uv":[10,6,12,8],"texture":"#1"},"down":{"uv":[10,6,12,8],"texture":"#1"}}},{"from":[4.51809,22.63568,12.9],"to":[5.21809,23.33568,13.6],"shade":false,"rotation":{"angle":0,"axis":"y","origin":[0,28,0]},"faces":{"north":{"uv":[8,4,10,6],"texture":"#1"},"east":{"uv":[8,4,10,6],"texture":"#1"},"south":{"uv":[8,4,10,6],"texture":"#1"},"west":{"uv":[8,4,10,6],"texture":"#1"},"up":{"uv":[8,4,10,6],"texture":"#1"},"down":{"uv":[8,4,10,6],"texture":"#1"}}},{"from":[5.51809,23.63568,13.9],"to":[4.21809,22.33568,12.6],"shade":false,"rotation":{"angle":0,"axis":"y","origin":[0,28,0]},"faces":{"north":{"uv":[10,4,12,6],"texture":"#1"},"east":{"uv":[10,4,12,6],"texture":"#1"},"south":{"uv":[10,4,12,6],"texture":"#1"},"west":{"uv":[10,4,12,6],"texture":"#1"},"up":{"uv":[10,4,12,6],"texture":"#1"},"down":{"uv":[10,4,12,6],"texture":"#1"}}},{"from":[4.58,23.4,12.95],"to":[5.18,24,13.55],"shade":false,"rotation":{"angle":0,"axis":"y","origin":[0,28,0]},"faces":{"north":{"uv":[8,2,10,4],"texture":"#1"},"east":{"uv":[8,2,10,4],"texture":"#1"},"south":{"uv":[8,2,10,4],"texture":"#1"},"west":{"uv":[8,2,10,4],"texture":"#1"},"up":{"uv":[8,2,10,4],"texture":"#1"},"down":{"uv":[8,2,10,4],"texture":"#1"}}},{"from":[5.43,24.25,13.8],"to":[4.33,23.15,12.7],"shade":false,"rotation":{"angle":0,"axis":"y","origin":[0,28,0]},"faces":{"north":{"uv":[10,2,12,4],"texture":"#1"},"east":{"uv":[10,2,12,4],"texture":"#1"},"south":{"uv":[10,2,12,4],"texture":"#1"},"west":{"uv":[10,2,12,4],"texture":"#1"},"up":{"uv":[10,2,12,4],"texture":"#1"},"down":{"uv":[10,2,12,4],"texture":"#1"}}},{"from":[7.55,23.85,12.95],"to":[8.15,24.45,13.55],"shade":false,"rotation":{"angle":0,"axis":"y","origin":[0,28,0]},"faces":{"north":{"uv":[0,14,2,16],"texture":"#1"},"east":{"uv":[0,14,2,16],"texture":"#1"},"south":{"uv":[0,14,2,16],"texture":"#1"},"west":{"uv":[0,14,2,16],"texture":"#1"},"up":{"uv":[0,14,2,16],"texture":"#1"},"down":{"uv":[0,14,2,16],"texture":"#1"}}},{"from":[8.4,24.7,13.8],"to":[7.3,23.6,12.7],"shade":false,"rotation":{"angle":0,"axis":"y","origin":[0,28,0]},"faces":{"north":{"uv":[2,14,4,16],"texture":"#1"},"east":{"uv":[2,14,4,16],"texture":"#1"},"south":{"uv":[2,14,4,16],"texture":"#1"},"west":{"uv":[2,14,4,16],"texture":"#1"},"up":{"uv":[2,14,4,16],"texture":"#1"},"down":{"uv":[2,14,4,16],"texture":"#1"}}},{"from":[7.49436,24.49384,12.9],"to":[8.19436,25.19384,13.6],"shade":false,"rotation":{"angle":0,"axis":"y","origin":[0,28,0]},"faces":{"north":{"uv":[0,12,2,14],"texture":"#1"},"east":{"uv":[0,12,2,14],"texture":"#1"},"south":{"uv":[0,12,2,14],"texture":"#1"},"west":{"uv":[0,12,2,14],"texture":"#1"},"up":{"uv":[0,12,2,14],"texture":"#1"},"down":{"uv":[0,12,2,14],"texture":"#1"}}},{"from":[8.49436,25.49384,13.9],"to":[7.19436,24.19384,12.6],"shade":false,"rotation":{"angle":0,"axis":"y","origin":[0,28,0]},"faces":{"north":{"uv":[2,12,4,14],"texture":"#1"},"east":{"uv":[2,12,4,14],"texture":"#1"},"south":{"uv":[2,12,4,14],"texture":"#1"},"west":{"uv":[2,12,4,14],"texture":"#1"},"up":{"uv":[2,12,4,14],"texture":"#1"},"down":{"uv":[2,12,4,14],"texture":"#1"}}},{"from":[7.34219,25.25,12.75],"to":[8.34219,26.25,13.75],"shade":false,"rotation":{"angle":0,"axis":"y","origin":[0,28,0]},"faces":{"north":{"uv":[0,10,2,12],"texture":"#1"},"east":{"uv":[0,10,2,12],"texture":"#1"},"south":{"uv":[0,10,2,12],"texture":"#1"},"west":{"uv":[0,10,2,12],"texture":"#1"},"up":{"uv":[0,10,2,12],"texture":"#1"},"down":{"uv":[0,10,2,12],"texture":"#1"}}},{"from":[8.59219,26.5,14],"to":[7.09219,25,12.5],"shade":false,"rotation":{"angle":0,"axis":"y","origin":[0,28,0]},"faces":{"north":{"uv":[2,10,4,12],"texture":"#1"},"east":{"uv":[2,10,4,12],"texture":"#1"},"south":{"uv":[2,10,4,12],"texture":"#1"},"west":{"uv":[2,10,4,12],"texture":"#1"},"up":{"uv":[2,10,4,12],"texture":"#1"},"down":{"uv":[2,10,4,12],"texture":"#1"}}},{"from":[7.34668,26.4,12.75],"to":[8.34668,27.4,13.75],"shade":false,"rotation":{"angle":0,"axis":"y","origin":[0,28,0]},"faces":{"north":{"uv":[0,8,2,10],"rotation":90,"texture":"#1"},"east":{"uv":[0,8,2,10],"rotation":270,"texture":"#1"},"south":{"uv":[0,8,2,10],"rotation":270,"texture":"#1"},"west":{"uv":[0,8,2,10],"rotation":270,"texture":"#1"},"up":{"uv":[0,8,2,10],"rotation":270,"texture":"#1"},"down":{"uv":[0,8,2,10],"rotation":270,"texture":"#1"}}},{"from":[8.59668,27.657,14],"to":[7.09668,26.157,12.5],"shade":false,"rotation":{"angle":0,"axis":"y","origin":[0,28,0]},"faces":{"north":{"uv":[2,8,4,10],"rotation":90,"texture":"#1"},"east":{"uv":[2,8,4,10],"rotation":270,"texture":"#1"},"south":{"uv":[2,8,4,10],"rotation":270,"texture":"#1"},"west":{"uv":[2,8,4,10],"rotation":270,"texture":"#1"},"up":{"uv":[2,8,4,10],"rotation":270,"texture":"#1"},"down":{"uv":[2,8,4,10],"rotation":270,"texture":"#1"}}},{"from":[7.35,27.55,12.75],"to":[8.35,28.55,13.75],"shade":false,"rotation":{"angle":0,"axis":"y","origin":[0,28,0]},"faces":{"north":{"uv":[0,6,2,8],"texture":"#1"},"east":{"uv":[0,6,2,8],"texture":"#1"},"south":{"uv":[0,6,2,8],"texture":"#1"},"west":{"uv":[0,6,2,8],"texture":"#1"},"up":{"uv":[0,6,2,8],"texture":"#1"},"down":{"uv":[0,6,2,8],"texture":"#1"}}},{"from":[8.6,28.8,14],"to":[7.1,27.3,12.5],"shade":false,"rotation":{"angle":0,"axis":"y","origin":[0,28,0]},"faces":{"north":{"uv":[2,6,4,8],"texture":"#1"},"east":{"uv":[2,6,4,8],"texture":"#1"},"south":{"uv":[2,6,4,8],"texture":"#1"},"west":{"uv":[2,6,4,8],"texture":"#1"},"up":{"uv":[2,6,4,8],"texture":"#1"},"down":{"uv":[2,6,4,8],"texture":"#1"}}},{"from":[7.51809,28.63568,12.9],"to":[8.21809,29.33568,13.6],"shade":false,"rotation":{"angle":0,"axis":"y","origin":[0,28,0]},"faces":{"north":{"uv":[0,4,2,6],"texture":"#1"},"east":{"uv":[0,4,2,6],"texture":"#1"},"south":{"uv":[0,4,2,6],"texture":"#1"},"west":{"uv":[0,4,2,6],"texture":"#1"},"up":{"uv":[0,4,2,6],"texture":"#1"},"down":{"uv":[0,4,2,6],"texture":"#1"}}},{"from":[8.51809,29.63568,13.9],"to":[7.21809,28.33568,12.6],"shade":false,"rotation":{"angle":0,"axis":"y","origin":[0,28,0]},"faces":{"north":{"uv":[2,4,4,6],"texture":"#1"},"east":{"uv":[2,4,4,6],"texture":"#1"},"south":{"uv":[2,4,4,6],"texture":"#1"},"west":{"uv":[2,4,4,6],"texture":"#1"},"up":{"uv":[2,4,4,6],"texture":"#1"},"down":{"uv":[2,4,4,6],"texture":"#1"}}},{"from":[7.58,29.4,12.95],"to":[8.18,30,13.55],"shade":false,"rotation":{"angle":0,"axis":"y","origin":[0,28,0]},"faces":{"north":{"uv":[0,2,2,4],"texture":"#1"},"east":{"uv":[0,2,2,4],"texture":"#1"},"south":{"uv":[0,2,2,4],"texture":"#1"},"west":{"uv":[0,2,2,4],"texture":"#1"},"up":{"uv":[0,2,2,4],"texture":"#1"},"down":{"uv":[0,2,2,4],"texture":"#1"}}},{"from":[8.43,30.25,13.8],"to":[7.33,29.15,12.7],"shade":false,"rotation":{"angle":0,"axis":"y","origin":[0,28,0]},"faces":{"north":{"uv":[2,2,4,4],"texture":"#1"},"east":{"uv":[2,2,4,4],"texture":"#1"},"south":{"uv":[2,2,4,4],"texture":"#1"},"west":{"uv":[2,2,4,4],"texture":"#1"},"up":{"uv":[2,2,4,4],"texture":"#1"},"down":{"uv":[2,2,4,4],"texture":"#1"}}},{"from":[10.55,18.85,12.95],"to":[11.15,19.45,13.55],"shade":false,"rotation":{"angle":0,"axis":"y","origin":[0,28,0]},"faces":{"north":{"uv":[12,14,14,16],"texture":"#1"},"east":{"uv":[12,14,14,16],"texture":"#1"},"south":{"uv":[12,14,14,16],"texture":"#1"},"west":{"uv":[12,14,14,16],"texture":"#1"},"up":{"uv":[12,14,14,16],"texture":"#1"},"down":{"uv":[12,14,14,16],"texture":"#1"}}},{"from":[11.4,19.7,13.8],"to":[10.3,18.6,12.7],"shade":false,"rotation":{"angle":0,"axis":"y","origin":[0,28,0]},"faces":{"north":{"uv":[14,14,16,16],"texture":"#1"},"east":{"uv":[14,14,16,16],"texture":"#1"},"south":{"uv":[14,14,16,16],"texture":"#1"},"west":{"uv":[14,14,16,16],"texture":"#1"},"up":{"uv":[14,14,16,16],"texture":"#1"},"down":{"uv":[14,14,16,16],"texture":"#1"}}},{"from":[10.49436,19.49384,12.9],"to":[11.19436,20.19384,13.6],"shade":false,"rotation":{"angle":0,"axis":"y","origin":[0,28,0]},"faces":{"north":{"uv":[12,12,14,14],"texture":"#1"},"east":{"uv":[12,12,14,14],"texture":"#1"},"south":{"uv":[12,12,14,14],"texture":"#1"},"west":{"uv":[12,12,14,14],"texture":"#1"},"up":{"uv":[12,12,14,14],"texture":"#1"},"down":{"uv":[12,12,14,14],"texture":"#1"}}},{"from":[11.49436,20.49384,13.9],"to":[10.19436,19.19384,12.6],"shade":false,"rotation":{"angle":0,"axis":"y","origin":[0,28,0]},"faces":{"north":{"uv":[14,12,16,14],"texture":"#1"},"east":{"uv":[14,12,16,14],"texture":"#1"},"south":{"uv":[14,12,16,14],"texture":"#1"},"west":{"uv":[14,12,16,14],"texture":"#1"},"up":{"uv":[14,12,16,14],"texture":"#1"},"down":{"uv":[14,12,16,14],"texture":"#1"}}},{"from":[10.34219,20.25,12.75],"to":[11.34219,21.25,13.75],"shade":false,"rotation":{"angle":0,"axis":"y","origin":[0,28,0]},"faces":{"north":{"uv":[12,10,14,12],"texture":"#1"},"east":{"uv":[12,10,14,12],"texture":"#1"},"south":{"uv":[12,10,14,12],"texture":"#1"},"west":{"uv":[12,10,14,12],"texture":"#1"},"up":{"uv":[12,10,14,12],"texture":"#1"},"down":{"uv":[12,10,14,12],"texture":"#1"}}},{"from":[11.59219,21.5,14],"to":[10.09219,20,12.5],"shade":false,"rotation":{"angle":0,"axis":"y","origin":[0,28,0]},"faces":{"north":{"uv":[14,10,16,12],"texture":"#1"},"east":{"uv":[14,10,16,12],"texture":"#1"},"south":{"uv":[14,10,16,12],"texture":"#1"},"west":{"uv":[14,10,16,12],"texture":"#1"},"up":{"uv":[14,10,16,12],"texture":"#1"},"down":{"uv":[14,10,16,12],"texture":"#1"}}},{"from":[10.34668,21.4,12.75],"to":[11.34668,22.4,13.75],"shade":false,"rotation":{"angle":0,"axis":"y","origin":[0,28,0]},"faces":{"north":{"uv":[12,8,14,10],"rotation":90,"texture":"#1"},"east":{"uv":[12,8,14,10],"rotation":270,"texture":"#1"},"south":{"uv":[12,8,14,10],"rotation":270,"texture":"#1"},"west":{"uv":[12,8,14,10],"rotation":270,"texture":"#1"},"up":{"uv":[12,8,14,10],"rotation":270,"texture":"#1"},"down":{"uv":[12,8,14,10],"rotation":270,"texture":"#1"}}},{"from":[11.59668,22.657,14],"to":[10.09668,21.157,12.5],"shade":false,"rotation":{"angle":0,"axis":"y","origin":[0,28,0]},"faces":{"north":{"uv":[14,8,16,10],"rotation":90,"texture":"#1"},"east":{"uv":[14,8,16,10],"rotation":270,"texture":"#1"},"south":{"uv":[14,8,16,10],"rotation":270,"texture":"#1"},"west":{"uv":[14,8,16,10],"rotation":270,"texture":"#1"},"up":{"uv":[14,8,16,10],"rotation":270,"texture":"#1"},"down":{"uv":[14,8,16,10],"rotation":270,"texture":"#1"}}},{"from":[10.35,22.55,12.75],"to":[11.35,23.55,13.75],"shade":false,"rotation":{"angle":0,"axis":"y","origin":[0,28,0]},"faces":{"north":{"uv":[12,6,14,8],"texture":"#1"},"east":{"uv":[12,6,14,8],"texture":"#1"},"south":{"uv":[12,6,14,8],"texture":"#1"},"west":{"uv":[12,6,14,8],"texture":"#1"},"up":{"uv":[12,6,14,8],"texture":"#1"},"down":{"uv":[12,6,14,8],"texture":"#1"}}},{"from":[11.6,23.8,14],"to":[10.1,22.3,12.5],"shade":false,"rotation":{"angle":0,"axis":"y","origin":[0,28,0]},"faces":{"north":{"uv":[14,6,16,8],"texture":"#1"},"east":{"uv":[14,6,16,8],"texture":"#1"},"south":{"uv":[14,6,16,8],"texture":"#1"},"west":{"uv":[14,6,16,8],"texture":"#1"},"up":{"uv":[14,6,16,8],"texture":"#1"},"down":{"uv":[14,6,16,8],"texture":"#1"}}},{"from":[10.51809,23.63568,12.9],"to":[11.21809,24.33568,13.6],"shade":false,"rotation":{"angle":0,"axis":"y","origin":[0,28,0]},"faces":{"north":{"uv":[12,4,14,6],"texture":"#1"},"east":{"uv":[12,4,14,6],"texture":"#1"},"south":{"uv":[12,4,14,6],"texture":"#1"},"west":{"uv":[12,4,14,6],"texture":"#1"},"up":{"uv":[12,4,14,6],"texture":"#1"},"down":{"uv":[12,4,14,6],"texture":"#1"}}},{"from":[11.51809,24.63568,13.9],"to":[10.21809,23.33568,12.6],"shade":false,"rotation":{"angle":0,"axis":"y","origin":[0,28,0]},"faces":{"north":{"uv":[14,4,16,6],"texture":"#1"},"east":{"uv":[14,4,16,6],"texture":"#1"},"south":{"uv":[14,4,16,6],"texture":"#1"},"west":{"uv":[14,4,16,6],"texture":"#1"},"up":{"uv":[14,4,16,6],"texture":"#1"},"down":{"uv":[14,4,16,6],"texture":"#1"}}},{"from":[10.58,24.4,12.95],"to":[11.18,25,13.55],"shade":false,"rotation":{"angle":0,"axis":"y","origin":[0,28,0]},"faces":{"north":{"uv":[12,2,14,4],"texture":"#1"},"east":{"uv":[12,2,14,4],"texture":"#1"},"south":{"uv":[12,2,14,4],"texture":"#1"},"west":{"uv":[12,2,14,4],"texture":"#1"},"up":{"uv":[12,2,14,4],"texture":"#1"},"down":{"uv":[12,2,14,4],"texture":"#1"}}},{"from":[11.43,25.25,13.8],"to":[10.33,24.15,12.7],"shade":false,"rotation":{"angle":0,"axis":"y","origin":[0,28,0]},"faces":{"north":{"uv":[14,2,16,4],"texture":"#1"},"east":{"uv":[14,2,16,4],"texture":"#1"},"south":{"uv":[14,2,16,4],"texture":"#1"},"west":{"uv":[14,2,16,4],"texture":"#1"},"up":{"uv":[14,2,16,4],"texture":"#1"},"down":{"uv":[14,2,16,4],"texture":"#1"}}}],"gui_light":"front","display":{"thirdperson_righthand":{"rotation":[0,90,0],"translation":[0,1.25,1.5],"scale":[0.6,0.6,0.6]},"thirdperson_lefthand":{"rotation":[0,-90,0],"translation":[0,1.25,1.5],"scale":[0.6,0.6,0.6]},"firstperson_righthand":{"rotation":[6.25,90,0],"translation":[3.75,2.75,0],"scale":[0.45508,0.45508,0.45508]},"firstperson_lefthand":{"rotation":[6.25,-90,0],"translation":[3.75,2.75,0],"scale":[0.45508,0.45508,0.45508]},"ground":{"rotation":[0,0,-45],"translation":[0,6,0],"scale":[0.4,0.4,0.4]},"gui":{"rotation":[-180,0,135],"translation":[1,-1.75,0],"scale":[0.36523,0.36523,0.36523]},"head":{"scale":[0,0,0]},"fixed":{"translation":[0,0,-2.75],"scale":[1.4,1.4,1.4]}}}