{"credit":"by w11shes","texture_size":[8,8],"textures":{"0":"elitecreatures:archangel_weapon_assortment/archangel_pickaxe","1":"elitecreatures:archangel_weapon_assortment/archangel_particle","particle":"elitecreatures:archangel_weapon_assortment/archangel_pickaxe"},"elements":[{"from":[6,7,6.48],"to":[11,12,9.52],"rotation":{"angle":45,"axis":"z","origin":[8,9,8]},"faces":{"north":{"uv":[8,8,10.5,10.5],"texture":"#0"},"east":{"uv":[2,10.5,3.5,13],"texture":"#0"},"south":{"uv":[10.5,8,8,10.5],"texture":"#0"},"west":{"uv":[8.5,10.5,10,13],"texture":"#0"},"up":{"uv":[12.5,12,10,10.5],"texture":"#0"},"down":{"uv":[4,14,1.5,15.5],"texture":"#0"}}},{"from":[6.5,11,6.5],"to":[9.5,15,9.5],"rotation":{"angle":0,"axis":"y","origin":[16,26.5,0]},"faces":{"north":{"uv":[11.5,4.5,13,6.5],"texture":"#0"},"east":{"uv":[0,14,1.5,16],"texture":"#0"},"south":{"uv":[13,4.5,11.5,6.5],"texture":"#0"},"west":{"uv":[10,12,11.5,14],"texture":"#0"}}},{"from":[-2,12,5.5],"to":[5,19,10.5],"rotation":{"angle":-45,"axis":"z","origin":[8,9,8]},"faces":{"north":{"uv":[5,0,8.5,3.5],"texture":"#0"},"east":{"uv":[5.5,3.5,8,7],"texture":"#0"},"south":{"uv":[8.5,0,5,3.5],"texture":"#0"},"west":{"uv":[5.5,7,8,10.5],"texture":"#0"},"up":{"uv":[3.5,10.5,0,8],"texture":"#0"},"down":{"uv":[11.5,3.5,8,6],"texture":"#0"}}},{"from":[-2,12,6.5],"to":[5,19,9.5],"rotation":{"angle":-45,"axis":"z","origin":[8,9,8]},"faces":{"north":{"uv":[12,0,15.5,3.5],"texture":"#0"},"south":{"uv":[15.5,0,12,3.5],"texture":"#0"}}},{"from":[15.10051,31.38478,10.5],"to":[8.10051,24.38478,5.5],"rotation":{"angle":-45,"axis":"z","origin":[-1.89949,27.38478,-9]},"faces":{"north":{"uv":[8.5,3.5,5,0],"texture":"#0"},"east":{"uv":[5.5,10.5,8,7],"texture":"#0"},"south":{"uv":[5,3.5,8.5,0],"texture":"#0"},"west":{"uv":[5.5,7,8,3.5],"texture":"#0"},"up":{"uv":[8,3.5,11.5,6],"texture":"#0"},"down":{"uv":[0,10.5,3.5,8],"texture":"#0"}}},{"from":[7,0,7],"to":[9,8,9],"rotation":{"angle":-45,"axis":"y","origin":[8,1,8]},"faces":{"north":{"uv":[3.5,8.5,4.5,12.5],"texture":"#0"},"east":{"uv":[4.5,8.5,3.5,12.5],"texture":"#0"},"south":{"uv":[3.5,8.5,4.5,12.5],"texture":"#0"},"west":{"uv":[4.5,8.5,3.5,12.5],"texture":"#0"}}},{"from":[4,-3.2,5.98],"to":[8,-0.2,10.02],"rotation":{"angle":-22.5,"axis":"z","origin":[8,-3.2,8]},"faces":{"north":{"uv":[11.6,6.5,13.5,8],"texture":"#0"},"south":{"uv":[13.5,6.5,11.6,8],"texture":"#0"},"west":{"uv":[11.5,12,13.5,13.5],"texture":"#0"},"up":{"uv":[2,12.5,0.1,10.5],"texture":"#0"},"down":{"uv":[6.5,10.5,4.6,12.5],"texture":"#0"}}},{"from":[8,-3.2,6],"to":[12,-0.2,10],"rotation":{"angle":22.5,"axis":"z","origin":[8,-3.2,8]},"faces":{"north":{"uv":[0,12.5,2,14],"texture":"#0"},"east":{"uv":[3.5,12.5,5.5,14],"texture":"#0"},"south":{"uv":[2,12.5,0,14],"texture":"#0"},"up":{"uv":[8.5,12.5,6.5,10.5],"texture":"#0"},"down":{"uv":[12.5,8,10.5,10],"texture":"#0"}}},{"from":[4,-9.2,8],"to":[14,0.8,8.05],"rotation":{"angle":-45,"axis":"z","origin":[8,-3.2,8.5]},"faces":{"north":{"uv":[0,0,5,5],"texture":"#0"},"south":{"uv":[5,0,0,5],"texture":"#0"}}},{"from":[-5.6,15.4,8],"to":[5.4,21.4,8.05],"rotation":{"angle":22.5,"axis":"z","origin":[4,17.4,7.5]},"faces":{"north":{"uv":[0,5,5.5,8],"texture":"#0"},"south":{"uv":[5.5,5,0,8],"texture":"#0"}}},{"from":[-2.6,18.4,7.5],"to":[5.4,21.4,8.5],"rotation":{"angle":22.5,"axis":"z","origin":[4,17.4,7.5]},"faces":{"north":{"uv":[0,5,4,6.5],"texture":"#0"},"south":{"uv":[4,5,0,6.5],"texture":"#0"},"west":{"uv":[3.5,5,4,6.5],"texture":"#0"},"up":{"uv":[4,5,0,5.5],"texture":"#0"},"down":{"uv":[4,6,0,6.5],"texture":"#0"}}},{"from":[-9.8,17.7,6.5],"to":[-2.8,21.7,9.5],"rotation":{"angle":-22.5,"axis":"z","origin":[0,-0.6,0]},"faces":{"north":{"uv":[8,6,11.5,8],"texture":"#0"},"south":{"uv":[11.5,6,8,8],"texture":"#0"},"west":{"uv":[5.5,12.5,7,14.5],"texture":"#0"},"up":{"uv":[12,1.5,8.5,0],"texture":"#0"},"down":{"uv":[12,1.5,8.5,3],"texture":"#0"}}},{"from":[18.8,17.7,6.5],"to":[25.8,21.7,9.5],"rotation":{"angle":22.5,"axis":"z","origin":[16,-0.6,0]},"faces":{"north":{"uv":[11.5,6,8,8],"texture":"#0"},"east":{"uv":[7,12.5,5.5,14.5],"texture":"#0"},"south":{"uv":[8,6,11.5,8],"texture":"#0"},"up":{"uv":[8.5,1.5,12,0],"texture":"#0"},"down":{"uv":[8.5,1.5,12,3],"texture":"#0"}}},{"from":[10.6,18.4,7.5],"to":[18.6,21.4,8.5],"rotation":{"angle":-22.5,"axis":"z","origin":[12,17.4,7.5]},"faces":{"north":{"uv":[4,5,0,6.5],"texture":"#0"},"east":{"uv":[4,5,3.5,6.5],"texture":"#0"},"south":{"uv":[0,5,4,6.5],"texture":"#0"},"up":{"uv":[0,5,4,5.5],"texture":"#0"},"down":{"uv":[0,6,4,6.5],"texture":"#0"}}},{"from":[10.6,15.4,8],"to":[21.6,21.4,8.05],"rotation":{"angle":-22.5,"axis":"z","origin":[12,17.4,7.5]},"faces":{"north":{"uv":[5.5,5,0,8],"texture":"#0"},"south":{"uv":[0,5,5.5,8],"texture":"#0"}}},{"from":[4.55,16.85,3.45],"to":[5.15,17.45,4.05],"shade":false,"rotation":{"angle":0,"axis":"y","origin":[0,20,0]},"faces":{"north":{"uv":[0,14,2,16],"texture":"#1"},"east":{"uv":[0,14,2,16],"texture":"#1"},"south":{"uv":[0,14,2,16],"texture":"#1"},"west":{"uv":[0,14,2,16],"texture":"#1"},"up":{"uv":[0,14,2,16],"texture":"#1"},"down":{"uv":[0,14,2,16],"texture":"#1"}}},{"from":[5.4,17.7,4.3],"to":[4.3,16.6,3.2],"shade":false,"rotation":{"angle":0,"axis":"y","origin":[0,20,0]},"faces":{"north":{"uv":[2,14,4,16],"texture":"#1"},"east":{"uv":[2,14,4,16],"texture":"#1"},"south":{"uv":[2,14,4,16],"texture":"#1"},"west":{"uv":[2,14,4,16],"texture":"#1"},"up":{"uv":[2,14,4,16],"texture":"#1"},"down":{"uv":[2,14,4,16],"texture":"#1"}}},{"from":[4.49436,17.49384,3.4],"to":[5.19436,18.19384,4.1],"shade":false,"rotation":{"angle":0,"axis":"y","origin":[0,20,0]},"faces":{"north":{"uv":[0,12,2,14],"texture":"#1"},"east":{"uv":[0,12,2,14],"texture":"#1"},"south":{"uv":[0,12,2,14],"texture":"#1"},"west":{"uv":[0,12,2,14],"texture":"#1"},"up":{"uv":[0,12,2,14],"texture":"#1"},"down":{"uv":[0,12,2,14],"texture":"#1"}}},{"from":[5.49436,18.49384,4.4],"to":[4.19436,17.19384,3.1],"shade":false,"rotation":{"angle":0,"axis":"y","origin":[0,20,0]},"faces":{"north":{"uv":[2,12,4,14],"texture":"#1"},"east":{"uv":[2,12,4,14],"texture":"#1"},"south":{"uv":[2,12,4,14],"texture":"#1"},"west":{"uv":[2,12,4,14],"texture":"#1"},"up":{"uv":[2,12,4,14],"texture":"#1"},"down":{"uv":[2,12,4,14],"texture":"#1"}}},{"from":[4.34219,18.25,3.25],"to":[5.34219,19.25,4.25],"shade":false,"rotation":{"angle":0,"axis":"y","origin":[0,20,0]},"faces":{"north":{"uv":[0,10,2,12],"texture":"#1"},"east":{"uv":[0,10,2,12],"texture":"#1"},"south":{"uv":[0,10,2,12],"texture":"#1"},"west":{"uv":[0,10,2,12],"texture":"#1"},"up":{"uv":[0,10,2,12],"texture":"#1"},"down":{"uv":[0,10,2,12],"texture":"#1"}}},{"from":[5.59219,19.5,4.5],"to":[4.09219,18,3],"shade":false,"rotation":{"angle":0,"axis":"y","origin":[0,20,0]},"faces":{"north":{"uv":[2,10,4,12],"texture":"#1"},"east":{"uv":[2,10,4,12],"texture":"#1"},"south":{"uv":[2,10,4,12],"texture":"#1"},"west":{"uv":[2,10,4,12],"texture":"#1"},"up":{"uv":[2,10,4,12],"texture":"#1"},"down":{"uv":[2,10,4,12],"texture":"#1"}}},{"from":[4.34668,19.4,3.25],"to":[5.34668,20.4,4.25],"shade":false,"rotation":{"angle":0,"axis":"y","origin":[0,20,0]},"faces":{"north":{"uv":[0,8,2,10],"rotation":90,"texture":"#1"},"east":{"uv":[0,8,2,10],"rotation":270,"texture":"#1"},"south":{"uv":[0,8,2,10],"rotation":270,"texture":"#1"},"west":{"uv":[0,8,2,10],"rotation":270,"texture":"#1"},"up":{"uv":[0,8,2,10],"rotation":270,"texture":"#1"},"down":{"uv":[0,8,2,10],"rotation":270,"texture":"#1"}}},{"from":[5.59668,20.657,4.5],"to":[4.09668,19.157,3],"shade":false,"rotation":{"angle":0,"axis":"y","origin":[0,20,0]},"faces":{"north":{"uv":[2,8,4,10],"rotation":90,"texture":"#1"},"east":{"uv":[2,8,4,10],"rotation":270,"texture":"#1"},"south":{"uv":[2,8,4,10],"rotation":270,"texture":"#1"},"west":{"uv":[2,8,4,10],"rotation":270,"texture":"#1"},"up":{"uv":[2,8,4,10],"rotation":270,"texture":"#1"},"down":{"uv":[2,8,4,10],"rotation":270,"texture":"#1"}}},{"from":[4.35,20.55,3.25],"to":[5.35,21.55,4.25],"shade":false,"rotation":{"angle":0,"axis":"y","origin":[0,20,0]},"faces":{"north":{"uv":[0,6,2,8],"texture":"#1"},"east":{"uv":[0,6,2,8],"texture":"#1"},"south":{"uv":[0,6,2,8],"texture":"#1"},"west":{"uv":[0,6,2,8],"texture":"#1"},"up":{"uv":[0,6,2,8],"texture":"#1"},"down":{"uv":[0,6,2,8],"texture":"#1"}}},{"from":[5.6,21.8,4.5],"to":[4.1,20.3,3],"shade":false,"rotation":{"angle":0,"axis":"y","origin":[0,20,0]},"faces":{"north":{"uv":[2,6,4,8],"texture":"#1"},"east":{"uv":[2,6,4,8],"texture":"#1"},"south":{"uv":[2,6,4,8],"texture":"#1"},"west":{"uv":[2,6,4,8],"texture":"#1"},"up":{"uv":[2,6,4,8],"texture":"#1"},"down":{"uv":[2,6,4,8],"texture":"#1"}}},{"from":[4.51809,21.63568,3.4],"to":[5.21809,22.33568,4.1],"shade":false,"rotation":{"angle":0,"axis":"y","origin":[0,20,0]},"faces":{"north":{"uv":[0,4,2,6],"texture":"#1"},"east":{"uv":[0,4,2,6],"texture":"#1"},"south":{"uv":[0,4,2,6],"texture":"#1"},"west":{"uv":[0,4,2,6],"texture":"#1"},"up":{"uv":[0,4,2,6],"texture":"#1"},"down":{"uv":[0,4,2,6],"texture":"#1"}}},{"from":[5.51809,22.63568,4.4],"to":[4.21809,21.33568,3.1],"shade":false,"rotation":{"angle":0,"axis":"y","origin":[0,20,0]},"faces":{"north":{"uv":[2,4,4,6],"texture":"#1"},"east":{"uv":[2,4,4,6],"texture":"#1"},"south":{"uv":[2,4,4,6],"texture":"#1"},"west":{"uv":[2,4,4,6],"texture":"#1"},"up":{"uv":[2,4,4,6],"texture":"#1"},"down":{"uv":[2,4,4,6],"texture":"#1"}}},{"from":[4.58,22.4,3.45],"to":[5.18,23,4.05],"shade":false,"rotation":{"angle":0,"axis":"y","origin":[0,20,0]},"faces":{"north":{"uv":[0,2,2,4],"texture":"#1"},"east":{"uv":[0,2,2,4],"texture":"#1"},"south":{"uv":[0,2,2,4],"texture":"#1"},"west":{"uv":[0,2,2,4],"texture":"#1"},"up":{"uv":[0,2,2,4],"texture":"#1"},"down":{"uv":[0,2,2,4],"texture":"#1"}}},{"from":[5.43,23.25,4.3],"to":[4.33,22.15,3.2],"shade":false,"rotation":{"angle":0,"axis":"y","origin":[0,20,0]},"faces":{"north":{"uv":[2,2,4,4],"texture":"#1"},"east":{"uv":[2,2,4,4],"texture":"#1"},"south":{"uv":[2,2,4,4],"texture":"#1"},"west":{"uv":[2,2,4,4],"texture":"#1"},"up":{"uv":[2,2,4,4],"texture":"#1"},"down":{"uv":[2,2,4,4],"texture":"#1"}}},{"from":[10.55,13.85,3.45],"to":[11.15,14.45,4.05],"shade":false,"rotation":{"angle":0,"axis":"y","origin":[0,20,0]},"faces":{"north":{"uv":[4,14,6,16],"texture":"#1"},"east":{"uv":[4,14,6,16],"texture":"#1"},"south":{"uv":[4,14,6,16],"texture":"#1"},"west":{"uv":[4,14,6,16],"texture":"#1"},"up":{"uv":[4,14,6,16],"texture":"#1"},"down":{"uv":[4,14,6,16],"texture":"#1"}}},{"from":[11.4,14.7,4.3],"to":[10.3,13.6,3.2],"shade":false,"rotation":{"angle":0,"axis":"y","origin":[0,20,0]},"faces":{"north":{"uv":[6,14,8,16],"texture":"#1"},"east":{"uv":[6,14,8,16],"texture":"#1"},"south":{"uv":[6,14,8,16],"texture":"#1"},"west":{"uv":[6,14,8,16],"texture":"#1"},"up":{"uv":[6,14,8,16],"texture":"#1"},"down":{"uv":[6,14,8,16],"texture":"#1"}}},{"from":[10.49436,14.49384,3.4],"to":[11.19436,15.19384,4.1],"shade":false,"rotation":{"angle":0,"axis":"y","origin":[0,20,0]},"faces":{"north":{"uv":[4,12,6,14],"texture":"#1"},"east":{"uv":[4,12,6,14],"texture":"#1"},"south":{"uv":[4,12,6,14],"texture":"#1"},"west":{"uv":[4,12,6,14],"texture":"#1"},"up":{"uv":[4,12,6,14],"texture":"#1"},"down":{"uv":[4,12,6,14],"texture":"#1"}}},{"from":[11.49436,15.49384,4.4],"to":[10.19436,14.19384,3.1],"shade":false,"rotation":{"angle":0,"axis":"y","origin":[0,20,0]},"faces":{"north":{"uv":[6,12,8,14],"texture":"#1"},"east":{"uv":[6,12,8,14],"texture":"#1"},"south":{"uv":[6,12,8,14],"texture":"#1"},"west":{"uv":[6,12,8,14],"texture":"#1"},"up":{"uv":[6,12,8,14],"texture":"#1"},"down":{"uv":[6,12,8,14],"texture":"#1"}}},{"from":[10.34219,15.25,3.25],"to":[11.34219,16.25,4.25],"shade":false,"rotation":{"angle":0,"axis":"y","origin":[0,20,0]},"faces":{"north":{"uv":[4,10,6,12],"texture":"#1"},"east":{"uv":[4,10,6,12],"texture":"#1"},"south":{"uv":[4,10,6,12],"texture":"#1"},"west":{"uv":[4,10,6,12],"texture":"#1"},"up":{"uv":[4,10,6,12],"texture":"#1"},"down":{"uv":[4,10,6,12],"texture":"#1"}}},{"from":[11.59219,16.5,4.5],"to":[10.09219,15,3],"shade":false,"rotation":{"angle":0,"axis":"y","origin":[0,20,0]},"faces":{"north":{"uv":[6,10,8,12],"texture":"#1"},"east":{"uv":[6,10,8,12],"texture":"#1"},"south":{"uv":[6,10,8,12],"texture":"#1"},"west":{"uv":[6,10,8,12],"texture":"#1"},"up":{"uv":[6,10,8,12],"texture":"#1"},"down":{"uv":[6,10,8,12],"texture":"#1"}}},{"from":[10.34668,16.4,3.25],"to":[11.34668,17.4,4.25],"shade":false,"rotation":{"angle":0,"axis":"y","origin":[0,20,0]},"faces":{"north":{"uv":[4,8,6,10],"rotation":90,"texture":"#1"},"east":{"uv":[4,8,6,10],"rotation":270,"texture":"#1"},"south":{"uv":[4,8,6,10],"rotation":270,"texture":"#1"},"west":{"uv":[4,8,6,10],"rotation":270,"texture":"#1"},"up":{"uv":[4,8,6,10],"rotation":270,"texture":"#1"},"down":{"uv":[4,8,6,10],"rotation":270,"texture":"#1"}}},{"from":[11.59668,17.657,4.5],"to":[10.09668,16.157,3],"shade":false,"rotation":{"angle":0,"axis":"y","origin":[0,20,0]},"faces":{"north":{"uv":[6,8,8,10],"rotation":90,"texture":"#1"},"east":{"uv":[6,8,8,10],"rotation":270,"texture":"#1"},"south":{"uv":[6,8,8,10],"rotation":270,"texture":"#1"},"west":{"uv":[6,8,8,10],"rotation":270,"texture":"#1"},"up":{"uv":[6,8,8,10],"rotation":270,"texture":"#1"},"down":{"uv":[6,8,8,10],"rotation":270,"texture":"#1"}}},{"from":[10.35,17.55,3.25],"to":[11.35,18.55,4.25],"shade":false,"rotation":{"angle":0,"axis":"y","origin":[0,20,0]},"faces":{"north":{"uv":[4,6,6,8],"texture":"#1"},"east":{"uv":[4,6,6,8],"texture":"#1"},"south":{"uv":[4,6,6,8],"texture":"#1"},"west":{"uv":[4,6,6,8],"texture":"#1"},"up":{"uv":[4,6,6,8],"texture":"#1"},"down":{"uv":[4,6,6,8],"texture":"#1"}}},{"from":[11.6,18.8,4.5],"to":[10.1,17.3,3],"shade":false,"rotation":{"angle":0,"axis":"y","origin":[0,20,0]},"faces":{"north":{"uv":[6,6,8,8],"texture":"#1"},"east":{"uv":[6,6,8,8],"texture":"#1"},"south":{"uv":[6,6,8,8],"texture":"#1"},"west":{"uv":[6,6,8,8],"texture":"#1"},"up":{"uv":[6,6,8,8],"texture":"#1"},"down":{"uv":[6,6,8,8],"texture":"#1"}}},{"from":[10.51809,18.63568,3.4],"to":[11.21809,19.33568,4.1],"shade":false,"rotation":{"angle":0,"axis":"y","origin":[0,20,0]},"faces":{"north":{"uv":[4,4,6,6],"texture":"#1"},"east":{"uv":[4,4,6,6],"texture":"#1"},"south":{"uv":[4,4,6,6],"texture":"#1"},"west":{"uv":[4,4,6,6],"texture":"#1"},"up":{"uv":[4,4,6,6],"texture":"#1"},"down":{"uv":[4,4,6,6],"texture":"#1"}}},{"from":[11.51809,19.63568,4.4],"to":[10.21809,18.33568,3.1],"shade":false,"rotation":{"angle":0,"axis":"y","origin":[0,20,0]},"faces":{"north":{"uv":[6,4,8,6],"texture":"#1"},"east":{"uv":[6,4,8,6],"texture":"#1"},"south":{"uv":[6,4,8,6],"texture":"#1"},"west":{"uv":[6,4,8,6],"texture":"#1"},"up":{"uv":[6,4,8,6],"texture":"#1"},"down":{"uv":[6,4,8,6],"texture":"#1"}}},{"from":[10.58,19.4,3.45],"to":[11.18,20,4.05],"shade":false,"rotation":{"angle":0,"axis":"y","origin":[0,20,0]},"faces":{"north":{"uv":[4,2,6,4],"texture":"#1"},"east":{"uv":[4,2,6,4],"texture":"#1"},"south":{"uv":[4,2,6,4],"texture":"#1"},"west":{"uv":[4,2,6,4],"texture":"#1"},"up":{"uv":[4,2,6,4],"texture":"#1"},"down":{"uv":[4,2,6,4],"texture":"#1"}}},{"from":[11.43,20.25,4.3],"to":[10.33,19.15,3.2],"shade":false,"rotation":{"angle":0,"axis":"y","origin":[0,20,0]},"faces":{"north":{"uv":[6,2,8,4],"texture":"#1"},"east":{"uv":[6,2,8,4],"texture":"#1"},"south":{"uv":[6,2,8,4],"texture":"#1"},"west":{"uv":[6,2,8,4],"texture":"#1"},"up":{"uv":[6,2,8,4],"texture":"#1"},"down":{"uv":[6,2,8,4],"texture":"#1"}}},{"from":[7.55,20.85,3.45],"to":[8.15,21.45,4.05],"shade":false,"rotation":{"angle":0,"axis":"y","origin":[0,20,0]},"faces":{"north":{"uv":[8,14,10,16],"texture":"#1"},"east":{"uv":[8,14,10,16],"texture":"#1"},"south":{"uv":[8,14,10,16],"texture":"#1"},"west":{"uv":[8,14,10,16],"texture":"#1"},"up":{"uv":[8,14,10,16],"texture":"#1"},"down":{"uv":[8,14,10,16],"texture":"#1"}}},{"from":[8.4,21.7,4.3],"to":[7.3,20.6,3.2],"shade":false,"rotation":{"angle":0,"axis":"y","origin":[0,20,0]},"faces":{"north":{"uv":[10,14,12,16],"texture":"#1"},"east":{"uv":[10,14,12,16],"texture":"#1"},"south":{"uv":[10,14,12,16],"texture":"#1"},"west":{"uv":[10,14,12,16],"texture":"#1"},"up":{"uv":[10,14,12,16],"texture":"#1"},"down":{"uv":[10,14,12,16],"texture":"#1"}}},{"from":[7.49436,21.49384,3.4],"to":[8.19436,22.19384,4.1],"shade":false,"rotation":{"angle":0,"axis":"y","origin":[0,20,0]},"faces":{"north":{"uv":[8,12,10,14],"texture":"#1"},"east":{"uv":[8,12,10,14],"texture":"#1"},"south":{"uv":[8,12,10,14],"texture":"#1"},"west":{"uv":[8,12,10,14],"texture":"#1"},"up":{"uv":[8,12,10,14],"texture":"#1"},"down":{"uv":[8,12,10,14],"texture":"#1"}}},{"from":[8.49436,22.49384,4.4],"to":[7.19436,21.19384,3.1],"shade":false,"rotation":{"angle":0,"axis":"y","origin":[0,20,0]},"faces":{"north":{"uv":[10,12,12,14],"texture":"#1"},"east":{"uv":[10,12,12,14],"texture":"#1"},"south":{"uv":[10,12,12,14],"texture":"#1"},"west":{"uv":[10,12,12,14],"texture":"#1"},"up":{"uv":[10,12,12,14],"texture":"#1"},"down":{"uv":[10,12,12,14],"texture":"#1"}}},{"from":[7.34219,22.25,3.25],"to":[8.34219,23.25,4.25],"shade":false,"rotation":{"angle":0,"axis":"y","origin":[0,20,0]},"faces":{"north":{"uv":[8,10,10,12],"texture":"#1"},"east":{"uv":[8,10,10,12],"texture":"#1"},"south":{"uv":[8,10,10,12],"texture":"#1"},"west":{"uv":[8,10,10,12],"texture":"#1"},"up":{"uv":[8,10,10,12],"texture":"#1"},"down":{"uv":[8,10,10,12],"texture":"#1"}}},{"from":[8.59219,23.5,4.5],"to":[7.09219,22,3],"shade":false,"rotation":{"angle":0,"axis":"y","origin":[0,20,0]},"faces":{"north":{"uv":[10,10,12,12],"texture":"#1"},"east":{"uv":[10,10,12,12],"texture":"#1"},"south":{"uv":[10,10,12,12],"texture":"#1"},"west":{"uv":[10,10,12,12],"texture":"#1"},"up":{"uv":[10,10,12,12],"texture":"#1"},"down":{"uv":[10,10,12,12],"texture":"#1"}}},{"from":[7.34668,23.4,3.25],"to":[8.34668,24.4,4.25],"shade":false,"rotation":{"angle":0,"axis":"y","origin":[0,20,0]},"faces":{"north":{"uv":[8,8,10,10],"rotation":90,"texture":"#1"},"east":{"uv":[8,8,10,10],"rotation":270,"texture":"#1"},"south":{"uv":[8,8,10,10],"rotation":270,"texture":"#1"},"west":{"uv":[8,8,10,10],"rotation":270,"texture":"#1"},"up":{"uv":[8,8,10,10],"rotation":270,"texture":"#1"},"down":{"uv":[8,8,10,10],"rotation":270,"texture":"#1"}}},{"from":[8.59668,24.657,4.5],"to":[7.09668,23.157,3],"shade":false,"rotation":{"angle":0,"axis":"y","origin":[0,20,0]},"faces":{"north":{"uv":[10,8,12,10],"rotation":90,"texture":"#1"},"east":{"uv":[10,8,12,10],"rotation":270,"texture":"#1"},"south":{"uv":[10,8,12,10],"rotation":270,"texture":"#1"},"west":{"uv":[10,8,12,10],"rotation":270,"texture":"#1"},"up":{"uv":[10,8,12,10],"rotation":270,"texture":"#1"},"down":{"uv":[10,8,12,10],"rotation":270,"texture":"#1"}}},{"from":[7.35,24.55,3.25],"to":[8.35,25.55,4.25],"shade":false,"rotation":{"angle":0,"axis":"y","origin":[0,20,0]},"faces":{"north":{"uv":[8,6,10,8],"texture":"#1"},"east":{"uv":[8,6,10,8],"texture":"#1"},"south":{"uv":[8,6,10,8],"texture":"#1"},"west":{"uv":[8,6,10,8],"texture":"#1"},"up":{"uv":[8,6,10,8],"texture":"#1"},"down":{"uv":[8,6,10,8],"texture":"#1"}}},{"from":[8.6,25.8,4.5],"to":[7.1,24.3,3],"shade":false,"rotation":{"angle":0,"axis":"y","origin":[0,20,0]},"faces":{"north":{"uv":[10,6,12,8],"texture":"#1"},"east":{"uv":[10,6,12,8],"texture":"#1"},"south":{"uv":[10,6,12,8],"texture":"#1"},"west":{"uv":[10,6,12,8],"texture":"#1"},"up":{"uv":[10,6,12,8],"texture":"#1"},"down":{"uv":[10,6,12,8],"texture":"#1"}}},{"from":[7.51809,25.63568,3.4],"to":[8.21809,26.33568,4.1],"shade":false,"rotation":{"angle":0,"axis":"y","origin":[0,20,0]},"faces":{"north":{"uv":[8,4,10,6],"texture":"#1"},"east":{"uv":[8,4,10,6],"texture":"#1"},"south":{"uv":[8,4,10,6],"texture":"#1"},"west":{"uv":[8,4,10,6],"texture":"#1"},"up":{"uv":[8,4,10,6],"texture":"#1"},"down":{"uv":[8,4,10,6],"texture":"#1"}}},{"from":[8.51809,26.63568,4.4],"to":[7.21809,25.33568,3.1],"shade":false,"rotation":{"angle":0,"axis":"y","origin":[0,20,0]},"faces":{"north":{"uv":[10,4,12,6],"texture":"#1"},"east":{"uv":[10,4,12,6],"texture":"#1"},"south":{"uv":[10,4,12,6],"texture":"#1"},"west":{"uv":[10,4,12,6],"texture":"#1"},"up":{"uv":[10,4,12,6],"texture":"#1"},"down":{"uv":[10,4,12,6],"texture":"#1"}}},{"from":[7.58,26.4,3.45],"to":[8.18,27,4.05],"shade":false,"rotation":{"angle":0,"axis":"y","origin":[0,20,0]},"faces":{"north":{"uv":[8,2,10,4],"texture":"#1"},"east":{"uv":[8,2,10,4],"texture":"#1"},"south":{"uv":[8,2,10,4],"texture":"#1"},"west":{"uv":[8,2,10,4],"texture":"#1"},"up":{"uv":[8,2,10,4],"texture":"#1"},"down":{"uv":[8,2,10,4],"texture":"#1"}}},{"from":[8.43,27.25,4.3],"to":[7.33,26.15,3.2],"shade":false,"rotation":{"angle":0,"axis":"y","origin":[0,20,0]},"faces":{"north":{"uv":[10,2,12,4],"texture":"#1"},"east":{"uv":[10,2,12,4],"texture":"#1"},"south":{"uv":[10,2,12,4],"texture":"#1"},"west":{"uv":[10,2,12,4],"texture":"#1"},"up":{"uv":[10,2,12,4],"texture":"#1"},"down":{"uv":[10,2,12,4],"texture":"#1"}}},{"from":[4.55,13.85,11.95],"to":[5.15,14.45,12.55],"shade":false,"rotation":{"angle":0,"axis":"y","origin":[0,20,0]},"faces":{"north":{"uv":[8,14,10,16],"texture":"#1"},"east":{"uv":[8,14,10,16],"texture":"#1"},"south":{"uv":[8,14,10,16],"texture":"#1"},"west":{"uv":[8,14,10,16],"texture":"#1"},"up":{"uv":[8,14,10,16],"texture":"#1"},"down":{"uv":[8,14,10,16],"texture":"#1"}}},{"from":[5.4,14.7,12.8],"to":[4.3,13.6,11.7],"shade":false,"rotation":{"angle":0,"axis":"y","origin":[0,20,0]},"faces":{"north":{"uv":[10,14,12,16],"texture":"#1"},"east":{"uv":[10,14,12,16],"texture":"#1"},"south":{"uv":[10,14,12,16],"texture":"#1"},"west":{"uv":[10,14,12,16],"texture":"#1"},"up":{"uv":[10,14,12,16],"texture":"#1"},"down":{"uv":[10,14,12,16],"texture":"#1"}}},{"from":[4.49436,14.49384,11.9],"to":[5.19436,15.19384,12.6],"shade":false,"rotation":{"angle":0,"axis":"y","origin":[0,20,0]},"faces":{"north":{"uv":[8,12,10,14],"texture":"#1"},"east":{"uv":[8,12,10,14],"texture":"#1"},"south":{"uv":[8,12,10,14],"texture":"#1"},"west":{"uv":[8,12,10,14],"texture":"#1"},"up":{"uv":[8,12,10,14],"texture":"#1"},"down":{"uv":[8,12,10,14],"texture":"#1"}}},{"from":[5.49436,15.49384,12.9],"to":[4.19436,14.19384,11.6],"shade":false,"rotation":{"angle":0,"axis":"y","origin":[0,20,0]},"faces":{"north":{"uv":[10,12,12,14],"texture":"#1"},"east":{"uv":[10,12,12,14],"texture":"#1"},"south":{"uv":[10,12,12,14],"texture":"#1"},"west":{"uv":[10,12,12,14],"texture":"#1"},"up":{"uv":[10,12,12,14],"texture":"#1"},"down":{"uv":[10,12,12,14],"texture":"#1"}}},{"from":[4.34219,15.25,11.75],"to":[5.34219,16.25,12.75],"shade":false,"rotation":{"angle":0,"axis":"y","origin":[0,20,0]},"faces":{"north":{"uv":[8,10,10,12],"texture":"#1"},"east":{"uv":[8,10,10,12],"texture":"#1"},"south":{"uv":[8,10,10,12],"texture":"#1"},"west":{"uv":[8,10,10,12],"texture":"#1"},"up":{"uv":[8,10,10,12],"texture":"#1"},"down":{"uv":[8,10,10,12],"texture":"#1"}}},{"from":[5.59219,16.5,13],"to":[4.09219,15,11.5],"shade":false,"rotation":{"angle":0,"axis":"y","origin":[0,20,0]},"faces":{"north":{"uv":[10,10,12,12],"texture":"#1"},"east":{"uv":[10,10,12,12],"texture":"#1"},"south":{"uv":[10,10,12,12],"texture":"#1"},"west":{"uv":[10,10,12,12],"texture":"#1"},"up":{"uv":[10,10,12,12],"texture":"#1"},"down":{"uv":[10,10,12,12],"texture":"#1"}}},{"from":[4.34668,16.4,11.75],"to":[5.34668,17.4,12.75],"shade":false,"rotation":{"angle":0,"axis":"y","origin":[0,20,0]},"faces":{"north":{"uv":[8,8,10,10],"rotation":90,"texture":"#1"},"east":{"uv":[8,8,10,10],"rotation":270,"texture":"#1"},"south":{"uv":[8,8,10,10],"rotation":270,"texture":"#1"},"west":{"uv":[8,8,10,10],"rotation":270,"texture":"#1"},"up":{"uv":[8,8,10,10],"rotation":270,"texture":"#1"},"down":{"uv":[8,8,10,10],"rotation":270,"texture":"#1"}}},{"from":[5.59668,17.657,13],"to":[4.09668,16.157,11.5],"shade":false,"rotation":{"angle":0,"axis":"y","origin":[0,20,0]},"faces":{"north":{"uv":[10,8,12,10],"rotation":90,"texture":"#1"},"east":{"uv":[10,8,12,10],"rotation":270,"texture":"#1"},"south":{"uv":[10,8,12,10],"rotation":270,"texture":"#1"},"west":{"uv":[10,8,12,10],"rotation":270,"texture":"#1"},"up":{"uv":[10,8,12,10],"rotation":270,"texture":"#1"},"down":{"uv":[10,8,12,10],"rotation":270,"texture":"#1"}}},{"from":[4.35,17.55,11.75],"to":[5.35,18.55,12.75],"shade":false,"rotation":{"angle":0,"axis":"y","origin":[0,20,0]},"faces":{"north":{"uv":[8,6,10,8],"texture":"#1"},"east":{"uv":[8,6,10,8],"texture":"#1"},"south":{"uv":[8,6,10,8],"texture":"#1"},"west":{"uv":[8,6,10,8],"texture":"#1"},"up":{"uv":[8,6,10,8],"texture":"#1"},"down":{"uv":[8,6,10,8],"texture":"#1"}}},{"from":[5.6,18.8,13],"to":[4.1,17.3,11.5],"shade":false,"rotation":{"angle":0,"axis":"y","origin":[0,20,0]},"faces":{"north":{"uv":[10,6,12,8],"texture":"#1"},"east":{"uv":[10,6,12,8],"texture":"#1"},"south":{"uv":[10,6,12,8],"texture":"#1"},"west":{"uv":[10,6,12,8],"texture":"#1"},"up":{"uv":[10,6,12,8],"texture":"#1"},"down":{"uv":[10,6,12,8],"texture":"#1"}}},{"from":[4.51809,18.63568,11.9],"to":[5.21809,19.33568,12.6],"shade":false,"rotation":{"angle":0,"axis":"y","origin":[0,20,0]},"faces":{"north":{"uv":[8,4,10,6],"texture":"#1"},"east":{"uv":[8,4,10,6],"texture":"#1"},"south":{"uv":[8,4,10,6],"texture":"#1"},"west":{"uv":[8,4,10,6],"texture":"#1"},"up":{"uv":[8,4,10,6],"texture":"#1"},"down":{"uv":[8,4,10,6],"texture":"#1"}}},{"from":[5.51809,19.63568,12.9],"to":[4.21809,18.33568,11.6],"shade":false,"rotation":{"angle":0,"axis":"y","origin":[0,20,0]},"faces":{"north":{"uv":[10,4,12,6],"texture":"#1"},"east":{"uv":[10,4,12,6],"texture":"#1"},"south":{"uv":[10,4,12,6],"texture":"#1"},"west":{"uv":[10,4,12,6],"texture":"#1"},"up":{"uv":[10,4,12,6],"texture":"#1"},"down":{"uv":[10,4,12,6],"texture":"#1"}}},{"from":[4.58,19.4,11.95],"to":[5.18,20,12.55],"shade":false,"rotation":{"angle":0,"axis":"y","origin":[0,20,0]},"faces":{"north":{"uv":[8,2,10,4],"texture":"#1"},"east":{"uv":[8,2,10,4],"texture":"#1"},"south":{"uv":[8,2,10,4],"texture":"#1"},"west":{"uv":[8,2,10,4],"texture":"#1"},"up":{"uv":[8,2,10,4],"texture":"#1"},"down":{"uv":[8,2,10,4],"texture":"#1"}}},{"from":[5.43,20.25,12.8],"to":[4.33,19.15,11.7],"shade":false,"rotation":{"angle":0,"axis":"y","origin":[0,20,0]},"faces":{"north":{"uv":[10,2,12,4],"texture":"#1"},"east":{"uv":[10,2,12,4],"texture":"#1"},"south":{"uv":[10,2,12,4],"texture":"#1"},"west":{"uv":[10,2,12,4],"texture":"#1"},"up":{"uv":[10,2,12,4],"texture":"#1"},"down":{"uv":[10,2,12,4],"texture":"#1"}}},{"from":[7.55,19.85,11.95],"to":[8.15,20.45,12.55],"shade":false,"rotation":{"angle":0,"axis":"y","origin":[0,20,0]},"faces":{"north":{"uv":[0,14,2,16],"texture":"#1"},"east":{"uv":[0,14,2,16],"texture":"#1"},"south":{"uv":[0,14,2,16],"texture":"#1"},"west":{"uv":[0,14,2,16],"texture":"#1"},"up":{"uv":[0,14,2,16],"texture":"#1"},"down":{"uv":[0,14,2,16],"texture":"#1"}}},{"from":[8.4,20.7,12.8],"to":[7.3,19.6,11.7],"shade":false,"rotation":{"angle":0,"axis":"y","origin":[0,20,0]},"faces":{"north":{"uv":[2,14,4,16],"texture":"#1"},"east":{"uv":[2,14,4,16],"texture":"#1"},"south":{"uv":[2,14,4,16],"texture":"#1"},"west":{"uv":[2,14,4,16],"texture":"#1"},"up":{"uv":[2,14,4,16],"texture":"#1"},"down":{"uv":[2,14,4,16],"texture":"#1"}}},{"from":[7.49436,20.49384,11.9],"to":[8.19436,21.19384,12.6],"shade":false,"rotation":{"angle":0,"axis":"y","origin":[0,20,0]},"faces":{"north":{"uv":[0,12,2,14],"texture":"#1"},"east":{"uv":[0,12,2,14],"texture":"#1"},"south":{"uv":[0,12,2,14],"texture":"#1"},"west":{"uv":[0,12,2,14],"texture":"#1"},"up":{"uv":[0,12,2,14],"texture":"#1"},"down":{"uv":[0,12,2,14],"texture":"#1"}}},{"from":[8.49436,21.49384,12.9],"to":[7.19436,20.19384,11.6],"shade":false,"rotation":{"angle":0,"axis":"y","origin":[0,20,0]},"faces":{"north":{"uv":[2,12,4,14],"texture":"#1"},"east":{"uv":[2,12,4,14],"texture":"#1"},"south":{"uv":[2,12,4,14],"texture":"#1"},"west":{"uv":[2,12,4,14],"texture":"#1"},"up":{"uv":[2,12,4,14],"texture":"#1"},"down":{"uv":[2,12,4,14],"texture":"#1"}}},{"from":[7.34219,21.25,11.75],"to":[8.34219,22.25,12.75],"shade":false,"rotation":{"angle":0,"axis":"y","origin":[0,20,0]},"faces":{"north":{"uv":[0,10,2,12],"texture":"#1"},"east":{"uv":[0,10,2,12],"texture":"#1"},"south":{"uv":[0,10,2,12],"texture":"#1"},"west":{"uv":[0,10,2,12],"texture":"#1"},"up":{"uv":[0,10,2,12],"texture":"#1"},"down":{"uv":[0,10,2,12],"texture":"#1"}}},{"from":[8.59219,22.5,13],"to":[7.09219,21,11.5],"shade":false,"rotation":{"angle":0,"axis":"y","origin":[0,20,0]},"faces":{"north":{"uv":[2,10,4,12],"texture":"#1"},"east":{"uv":[2,10,4,12],"texture":"#1"},"south":{"uv":[2,10,4,12],"texture":"#1"},"west":{"uv":[2,10,4,12],"texture":"#1"},"up":{"uv":[2,10,4,12],"texture":"#1"},"down":{"uv":[2,10,4,12],"texture":"#1"}}},{"from":[7.34668,22.4,11.75],"to":[8.34668,23.4,12.75],"shade":false,"rotation":{"angle":0,"axis":"y","origin":[0,20,0]},"faces":{"north":{"uv":[0,8,2,10],"rotation":90,"texture":"#1"},"east":{"uv":[0,8,2,10],"rotation":270,"texture":"#1"},"south":{"uv":[0,8,2,10],"rotation":270,"texture":"#1"},"west":{"uv":[0,8,2,10],"rotation":270,"texture":"#1"},"up":{"uv":[0,8,2,10],"rotation":270,"texture":"#1"},"down":{"uv":[0,8,2,10],"rotation":270,"texture":"#1"}}},{"from":[8.59668,23.657,13],"to":[7.09668,22.157,11.5],"shade":false,"rotation":{"angle":0,"axis":"y","origin":[0,20,0]},"faces":{"north":{"uv":[2,8,4,10],"rotation":90,"texture":"#1"},"east":{"uv":[2,8,4,10],"rotation":270,"texture":"#1"},"south":{"uv":[2,8,4,10],"rotation":270,"texture":"#1"},"west":{"uv":[2,8,4,10],"rotation":270,"texture":"#1"},"up":{"uv":[2,8,4,10],"rotation":270,"texture":"#1"},"down":{"uv":[2,8,4,10],"rotation":270,"texture":"#1"}}},{"from":[7.35,23.55,11.75],"to":[8.35,24.55,12.75],"shade":false,"rotation":{"angle":0,"axis":"y","origin":[0,20,0]},"faces":{"north":{"uv":[0,6,2,8],"texture":"#1"},"east":{"uv":[0,6,2,8],"texture":"#1"},"south":{"uv":[0,6,2,8],"texture":"#1"},"west":{"uv":[0,6,2,8],"texture":"#1"},"up":{"uv":[0,6,2,8],"texture":"#1"},"down":{"uv":[0,6,2,8],"texture":"#1"}}},{"from":[8.6,24.8,13],"to":[7.1,23.3,11.5],"shade":false,"rotation":{"angle":0,"axis":"y","origin":[0,20,0]},"faces":{"north":{"uv":[2,6,4,8],"texture":"#1"},"east":{"uv":[2,6,4,8],"texture":"#1"},"south":{"uv":[2,6,4,8],"texture":"#1"},"west":{"uv":[2,6,4,8],"texture":"#1"},"up":{"uv":[2,6,4,8],"texture":"#1"},"down":{"uv":[2,6,4,8],"texture":"#1"}}},{"from":[7.51809,24.63568,11.9],"to":[8.21809,25.33568,12.6],"shade":false,"rotation":{"angle":0,"axis":"y","origin":[0,20,0]},"faces":{"north":{"uv":[0,4,2,6],"texture":"#1"},"east":{"uv":[0,4,2,6],"texture":"#1"},"south":{"uv":[0,4,2,6],"texture":"#1"},"west":{"uv":[0,4,2,6],"texture":"#1"},"up":{"uv":[0,4,2,6],"texture":"#1"},"down":{"uv":[0,4,2,6],"texture":"#1"}}},{"from":[8.51809,25.63568,12.9],"to":[7.21809,24.33568,11.6],"shade":false,"rotation":{"angle":0,"axis":"y","origin":[0,20,0]},"faces":{"north":{"uv":[2,4,4,6],"texture":"#1"},"east":{"uv":[2,4,4,6],"texture":"#1"},"south":{"uv":[2,4,4,6],"texture":"#1"},"west":{"uv":[2,4,4,6],"texture":"#1"},"up":{"uv":[2,4,4,6],"texture":"#1"},"down":{"uv":[2,4,4,6],"texture":"#1"}}},{"from":[7.58,25.4,11.95],"to":[8.18,26,12.55],"shade":false,"rotation":{"angle":0,"axis":"y","origin":[0,20,0]},"faces":{"north":{"uv":[0,2,2,4],"texture":"#1"},"east":{"uv":[0,2,2,4],"texture":"#1"},"south":{"uv":[0,2,2,4],"texture":"#1"},"west":{"uv":[0,2,2,4],"texture":"#1"},"up":{"uv":[0,2,2,4],"texture":"#1"},"down":{"uv":[0,2,2,4],"texture":"#1"}}},{"from":[8.43,26.25,12.8],"to":[7.33,25.15,11.7],"shade":false,"rotation":{"angle":0,"axis":"y","origin":[0,20,0]},"faces":{"north":{"uv":[2,2,4,4],"texture":"#1"},"east":{"uv":[2,2,4,4],"texture":"#1"},"south":{"uv":[2,2,4,4],"texture":"#1"},"west":{"uv":[2,2,4,4],"texture":"#1"},"up":{"uv":[2,2,4,4],"texture":"#1"},"down":{"uv":[2,2,4,4],"texture":"#1"}}},{"from":[10.55,14.85,11.95],"to":[11.15,15.45,12.55],"shade":false,"rotation":{"angle":0,"axis":"y","origin":[0,20,0]},"faces":{"north":{"uv":[12,14,14,16],"texture":"#1"},"east":{"uv":[12,14,14,16],"texture":"#1"},"south":{"uv":[12,14,14,16],"texture":"#1"},"west":{"uv":[12,14,14,16],"texture":"#1"},"up":{"uv":[12,14,14,16],"texture":"#1"},"down":{"uv":[12,14,14,16],"texture":"#1"}}},{"from":[11.4,15.7,12.8],"to":[10.3,14.6,11.7],"shade":false,"rotation":{"angle":0,"axis":"y","origin":[0,20,0]},"faces":{"north":{"uv":[14,14,16,16],"texture":"#1"},"east":{"uv":[14,14,16,16],"texture":"#1"},"south":{"uv":[14,14,16,16],"texture":"#1"},"west":{"uv":[14,14,16,16],"texture":"#1"},"up":{"uv":[14,14,16,16],"texture":"#1"},"down":{"uv":[14,14,16,16],"texture":"#1"}}},{"from":[10.49436,15.49384,11.9],"to":[11.19436,16.19384,12.6],"shade":false,"rotation":{"angle":0,"axis":"y","origin":[0,20,0]},"faces":{"north":{"uv":[12,12,14,14],"texture":"#1"},"east":{"uv":[12,12,14,14],"texture":"#1"},"south":{"uv":[12,12,14,14],"texture":"#1"},"west":{"uv":[12,12,14,14],"texture":"#1"},"up":{"uv":[12,12,14,14],"texture":"#1"},"down":{"uv":[12,12,14,14],"texture":"#1"}}},{"from":[11.49436,16.49384,12.9],"to":[10.19436,15.19384,11.6],"shade":false,"rotation":{"angle":0,"axis":"y","origin":[0,20,0]},"faces":{"north":{"uv":[14,12,16,14],"texture":"#1"},"east":{"uv":[14,12,16,14],"texture":"#1"},"south":{"uv":[14,12,16,14],"texture":"#1"},"west":{"uv":[14,12,16,14],"texture":"#1"},"up":{"uv":[14,12,16,14],"texture":"#1"},"down":{"uv":[14,12,16,14],"texture":"#1"}}},{"from":[10.34219,16.25,11.75],"to":[11.34219,17.25,12.75],"shade":false,"rotation":{"angle":0,"axis":"y","origin":[0,20,0]},"faces":{"north":{"uv":[12,10,14,12],"texture":"#1"},"east":{"uv":[12,10,14,12],"texture":"#1"},"south":{"uv":[12,10,14,12],"texture":"#1"},"west":{"uv":[12,10,14,12],"texture":"#1"},"up":{"uv":[12,10,14,12],"texture":"#1"},"down":{"uv":[12,10,14,12],"texture":"#1"}}},{"from":[11.59219,17.5,13],"to":[10.09219,16,11.5],"shade":false,"rotation":{"angle":0,"axis":"y","origin":[0,20,0]},"faces":{"north":{"uv":[14,10,16,12],"texture":"#1"},"east":{"uv":[14,10,16,12],"texture":"#1"},"south":{"uv":[14,10,16,12],"texture":"#1"},"west":{"uv":[14,10,16,12],"texture":"#1"},"up":{"uv":[14,10,16,12],"texture":"#1"},"down":{"uv":[14,10,16,12],"texture":"#1"}}},{"from":[10.34668,17.4,11.75],"to":[11.34668,18.4,12.75],"shade":false,"rotation":{"angle":0,"axis":"y","origin":[0,20,0]},"faces":{"north":{"uv":[12,8,14,10],"rotation":90,"texture":"#1"},"east":{"uv":[12,8,14,10],"rotation":270,"texture":"#1"},"south":{"uv":[12,8,14,10],"rotation":270,"texture":"#1"},"west":{"uv":[12,8,14,10],"rotation":270,"texture":"#1"},"up":{"uv":[12,8,14,10],"rotation":270,"texture":"#1"},"down":{"uv":[12,8,14,10],"rotation":270,"texture":"#1"}}},{"from":[11.59668,18.657,13],"to":[10.09668,17.157,11.5],"shade":false,"rotation":{"angle":0,"axis":"y","origin":[0,20,0]},"faces":{"north":{"uv":[14,8,16,10],"rotation":90,"texture":"#1"},"east":{"uv":[14,8,16,10],"rotation":270,"texture":"#1"},"south":{"uv":[14,8,16,10],"rotation":270,"texture":"#1"},"west":{"uv":[14,8,16,10],"rotation":270,"texture":"#1"},"up":{"uv":[14,8,16,10],"rotation":270,"texture":"#1"},"down":{"uv":[14,8,16,10],"rotation":270,"texture":"#1"}}},{"from":[10.35,18.55,11.75],"to":[11.35,19.55,12.75],"shade":false,"rotation":{"angle":0,"axis":"y","origin":[0,20,0]},"faces":{"north":{"uv":[12,6,14,8],"texture":"#1"},"east":{"uv":[12,6,14,8],"texture":"#1"},"south":{"uv":[12,6,14,8],"texture":"#1"},"west":{"uv":[12,6,14,8],"texture":"#1"},"up":{"uv":[12,6,14,8],"texture":"#1"},"down":{"uv":[12,6,14,8],"texture":"#1"}}},{"from":[11.6,19.8,13],"to":[10.1,18.3,11.5],"shade":false,"rotation":{"angle":0,"axis":"y","origin":[0,20,0]},"faces":{"north":{"uv":[14,6,16,8],"texture":"#1"},"east":{"uv":[14,6,16,8],"texture":"#1"},"south":{"uv":[14,6,16,8],"texture":"#1"},"west":{"uv":[14,6,16,8],"texture":"#1"},"up":{"uv":[14,6,16,8],"texture":"#1"},"down":{"uv":[14,6,16,8],"texture":"#1"}}},{"from":[10.51809,19.63568,11.9],"to":[11.21809,20.33568,12.6],"shade":false,"rotation":{"angle":0,"axis":"y","origin":[0,20,0]},"faces":{"north":{"uv":[12,4,14,6],"texture":"#1"},"east":{"uv":[12,4,14,6],"texture":"#1"},"south":{"uv":[12,4,14,6],"texture":"#1"},"west":{"uv":[12,4,14,6],"texture":"#1"},"up":{"uv":[12,4,14,6],"texture":"#1"},"down":{"uv":[12,4,14,6],"texture":"#1"}}},{"from":[11.51809,20.63568,12.9],"to":[10.21809,19.33568,11.6],"shade":false,"rotation":{"angle":0,"axis":"y","origin":[0,20,0]},"faces":{"north":{"uv":[14,4,16,6],"texture":"#1"},"east":{"uv":[14,4,16,6],"texture":"#1"},"south":{"uv":[14,4,16,6],"texture":"#1"},"west":{"uv":[14,4,16,6],"texture":"#1"},"up":{"uv":[14,4,16,6],"texture":"#1"},"down":{"uv":[14,4,16,6],"texture":"#1"}}},{"from":[10.58,20.4,11.95],"to":[11.18,21,12.55],"shade":false,"rotation":{"angle":0,"axis":"y","origin":[0,20,0]},"faces":{"north":{"uv":[12,2,14,4],"texture":"#1"},"east":{"uv":[12,2,14,4],"texture":"#1"},"south":{"uv":[12,2,14,4],"texture":"#1"},"west":{"uv":[12,2,14,4],"texture":"#1"},"up":{"uv":[12,2,14,4],"texture":"#1"},"down":{"uv":[12,2,14,4],"texture":"#1"}}},{"from":[11.43,21.25,12.8],"to":[10.33,20.15,11.7],"shade":false,"rotation":{"angle":0,"axis":"y","origin":[0,20,0]},"faces":{"north":{"uv":[14,2,16,4],"texture":"#1"},"east":{"uv":[14,2,16,4],"texture":"#1"},"south":{"uv":[14,2,16,4],"texture":"#1"},"west":{"uv":[14,2,16,4],"texture":"#1"},"up":{"uv":[14,2,16,4],"texture":"#1"},"down":{"uv":[14,2,16,4],"texture":"#1"}}}],"gui_light":"front","display":{"thirdperson_righthand":{"rotation":[0,90,0],"translation":[0,0.5,1.5],"scale":[0.6,0.6,0.6]},"thirdperson_lefthand":{"rotation":[0,-90,0],"translation":[0,0.5,1.5],"scale":[0.6,0.6,0.6]},"firstperson_righthand":{"rotation":[6.25,90,0],"translation":[4.25,2,0],"scale":[0.59961,0.59961,0.59961]},"firstperson_lefthand":{"rotation":[6.25,-90,0],"translation":[4.25,2,0],"scale":[0.59961,0.59961,0.59961]},"ground":{"rotation":[0,0,-45],"translation":[0,6,0],"scale":[0.4,0.4,0.4]},"gui":{"rotation":[-180,0,135],"translation":[0.75,-0.75,0],"scale":[0.49414,0.49414,0.49414]},"head":{"scale":[0,0,0]},"fixed":{"translation":[0,0,-2.75],"scale":[1.4,1.4,1.4]}}}