{"credit":"by w11shes","texture_size":[64,64],"textures":{"1":"elitecreatures:archangel_weapon_assortment/archangel_spear","2":"elitecreatures:archangel_weapon_assortment/archangel_particle","particle":"elitecreatures:archangel_weapon_assortment/archangel_particle"},"elements":[{"from":[7.55,-4.95,7.55],"to":[8.45,3.15,8.45],"rotation":{"angle":-45,"axis":"y","origin":[8,0.45,8]},"faces":{"north":{"uv":[5.75,2.5,5.25,7],"texture":"#1"},"east":{"uv":[5.25,2.5,5.75,7],"texture":"#1"},"south":{"uv":[5.75,2.5,5.25,7],"texture":"#1"},"west":{"uv":[5.25,2.5,5.75,7],"texture":"#1"}}},{"from":[8,-6.39,7.1],"to":[9.8,-5.04,8.9],"rotation":{"angle":22.5,"axis":"z","origin":[8,-6.39,8]},"faces":{"north":{"uv":[7,0.75,8,1.5],"texture":"#1"},"east":{"uv":[7,1.5,8,2.25],"texture":"#1"},"south":{"uv":[8,0.75,7,1.5],"texture":"#1"},"up":{"uv":[1,7,0,6],"texture":"#1"},"down":{"uv":[2,6,1,7],"texture":"#1"}}},{"from":[6.2,-9.09,8],"to":[9.8,-6.39,8.0225],"rotation":{"angle":-45,"axis":"z","origin":[8,-6.39,8.225]},"faces":{"north":{"uv":[3.25,4.25,5.25,5.75],"texture":"#1"},"south":{"uv":[5.25,4.25,3.25,5.75],"texture":"#1"}}},{"from":[6.2,-9.09,8],"to":[9.8,-6.39,8.0225],"rotation":{"angle":45,"axis":"z","origin":[8,-6.39,8.225]},"faces":{"north":{"uv":[5.25,4.25,3.25,5.75],"texture":"#1"},"south":{"uv":[3.25,4.25,5.25,5.75],"texture":"#1"}}},{"from":[6.2,-6.39,7.091],"to":[8,-5.04,8.909],"rotation":{"angle":-22.5,"axis":"z","origin":[8,-6.39,8]},"faces":{"north":{"uv":[2.05,7,3,7.75],"texture":"#1"},"south":{"uv":[3,7,2.05,7.75],"texture":"#1"},"west":{"uv":[7,2.25,8,3],"texture":"#1"},"up":{"uv":[3,7,2.05,6],"texture":"#1"},"down":{"uv":[6.75,6,5.8,7],"texture":"#1"}}},{"from":[5.3,2.7,6.875],"to":[8.45,5.85,9.125],"rotation":{"angle":-45,"axis":"z","origin":[8,3.15,8]},"faces":{"north":{"uv":[3.25,2.5,5,4.25],"texture":"#1"},"east":{"uv":[5.75,0,7,1.75],"texture":"#1"},"south":{"uv":[5,2.5,3.25,4.25],"texture":"#1"},"west":{"uv":[5.75,1.75,7,3.5],"texture":"#1"},"up":{"uv":[5,7,3.25,5.75],"texture":"#1"},"down":{"uv":[7.5,3.5,5.75,4.75],"texture":"#1"}}},{"from":[5.3,2.7,7.325],"to":[8.45,5.85,8.675],"rotation":{"angle":-45,"axis":"z","origin":[8,3.15,8]},"faces":{"north":{"uv":[8,0.75,9.75,2.5],"texture":"#1"},"south":{"uv":[9.75,0.75,8,2.5],"texture":"#1"}}},{"from":[9.39523,9.93198,9.125],"to":[6.24523,6.78198,6.875],"rotation":{"angle":-45,"axis":"z","origin":[3.54523,6.33198,0.35]},"faces":{"north":{"uv":[5,4.25,3.25,2.5],"texture":"#1"},"east":{"uv":[5.75,3.5,7,1.75],"texture":"#1"},"south":{"uv":[3.25,4.25,5,2.5],"texture":"#1"},"west":{"uv":[5.75,1.75,7,0],"texture":"#1"},"up":{"uv":[5.75,3.5,7.5,4.75],"texture":"#1"},"down":{"uv":[3.25,7,5,5.75],"texture":"#1"}}},{"from":[4.85,3.6,8],"to":[9.35,8.1,8.0225],"rotation":{"angle":45,"axis":"z","origin":[8,3.15,8]},"faces":{"north":{"uv":[3.25,0,5.75,2.5],"texture":"#1"},"south":{"uv":[5.75,0,3.25,2.5],"texture":"#1"}}},{"from":[6.2,4.5,7.775],"to":[8.45,7.2,8.225],"rotation":{"angle":45,"axis":"z","origin":[8,3.15,8]},"faces":{"north":{"uv":[3.75,0.5,5,2],"texture":"#1"},"east":{"uv":[3.75,0.5,4,2],"texture":"#1"},"south":{"uv":[5,0.5,3.75,2],"texture":"#1"},"west":{"uv":[4.75,0.5,5,2],"texture":"#1"},"up":{"uv":[5,0.5,3.75,0.75],"texture":"#1"},"down":{"uv":[5,1.75,3.75,2],"texture":"#1"}}},{"from":[7.55,4.5,7.775],"to":[9.8,7.2,8.225],"rotation":{"angle":-45,"axis":"z","origin":[8,3.15,8]},"faces":{"north":{"uv":[5,0.5,3.75,2],"texture":"#1"},"east":{"uv":[5,0.5,4.75,2],"texture":"#1"},"south":{"uv":[3.75,0.5,5,2],"texture":"#1"},"west":{"uv":[4,0.5,3.75,2],"texture":"#1"},"up":{"uv":[3.75,0.5,5,0.75],"texture":"#1"},"down":{"uv":[3.75,1.75,5,2],"texture":"#1"}}},{"from":[6.65,3.6,8],"to":[11.15,8.1,8.0225],"rotation":{"angle":-45,"axis":"z","origin":[8,3.15,8]},"faces":{"north":{"uv":[5.75,0,3.25,2.5],"texture":"#1"},"south":{"uv":[3.25,0,5.75,2.5],"texture":"#1"}}},{"from":[7.325,6.3,7.325],"to":[8.675,7.65,8.675],"rotation":{"angle":0,"axis":"y","origin":[11.6,0.675,4.4]},"faces":{"north":{"uv":[3,7,3.75,7.75],"texture":"#1"},"east":{"uv":[3.75,7,4.5,7.75],"texture":"#1"},"south":{"uv":[3,7,3.75,7.75],"texture":"#1"},"west":{"uv":[4.5,7,5.25,7.75],"texture":"#1"}}},{"from":[5.98,14.55,8],"to":[11.83,25.35,8.0225],"rotation":{"angle":0,"axis":"y","origin":[4.4,0.675,4.4]},"faces":{"north":{"uv":[0,0,3.25,6],"texture":"#1"},"south":{"uv":[3.25,0,0,6],"texture":"#1"}}},{"from":[8.675,10.53,7.775],"to":[10.025,14.58,8.225],"rotation":{"angle":0,"axis":"y","origin":[4.4,0.675,4.4]},"faces":{"north":{"uv":[0.25,2.75,1,5],"texture":"#1"},"east":{"uv":[0.25,2.75,0.5,5],"texture":"#1"},"south":{"uv":[1,2.75,0.25,5],"texture":"#1"},"west":{"uv":[0.75,2.75,1,5],"texture":"#1"},"up":{"uv":[1,2.75,0.25,3],"texture":"#1"},"down":{"uv":[1,4.75,0.25,5],"texture":"#1"}}},{"from":[7.325,8.73,7.775],"to":[8.675,11.43,8.225],"rotation":{"angle":0,"axis":"y","origin":[4.4,0.675,4.4]},"faces":{"north":{"uv":[1,4.5,1.75,6],"texture":"#1"},"east":{"uv":[1,4.5,1.25,6],"texture":"#1"},"south":{"uv":[1.75,4.5,1,6],"texture":"#1"},"west":{"uv":[1.5,4.5,1.75,6],"texture":"#1"},"up":{"uv":[1.75,4.5,1,4.75],"texture":"#1"}}},{"from":[6.875,6.795,7.316],"to":[9.125,9.045,8.684],"rotation":{"angle":-45,"axis":"z","origin":[8,7.92,8]},"faces":{"north":{"uv":[5.75,4.75,7,6],"texture":"#1"},"east":{"uv":[6.75,6,7.5,7.25],"texture":"#1"},"south":{"uv":[7,4.75,5.75,6],"texture":"#1"},"west":{"uv":[0,7,0.75,8.25],"texture":"#1"},"up":{"uv":[8.25,0.75,7,0],"texture":"#1"},"down":{"uv":[2,7,0.75,7.75],"texture":"#1"}}},{"from":[6.4475,4.4325,5.9525],"to":[6.7175,4.7025,6.2225],"shade":false,"rotation":{"angle":0,"axis":"y","origin":[4.4,0,4.4]},"faces":{"north":{"uv":[0,14,2,16],"texture":"#2"},"east":{"uv":[0,14,2,16],"texture":"#2"},"south":{"uv":[0,14,2,16],"texture":"#2"},"west":{"uv":[0,14,2,16],"texture":"#2"},"up":{"uv":[0,14,2,16],"texture":"#2"},"down":{"uv":[0,14,2,16],"texture":"#2"}}},{"from":[6.83,4.815,6.335],"to":[6.335,4.32,5.84],"shade":false,"rotation":{"angle":0,"axis":"y","origin":[4.4,0,4.4]},"faces":{"north":{"uv":[2,14,4,16],"texture":"#2"},"east":{"uv":[2,14,4,16],"texture":"#2"},"south":{"uv":[2,14,4,16],"texture":"#2"},"west":{"uv":[2,14,4,16],"texture":"#2"},"up":{"uv":[2,14,4,16],"texture":"#2"},"down":{"uv":[2,14,4,16],"texture":"#2"}}},{"from":[6.42246,4.72223,5.93],"to":[6.73746,5.03723,6.245],"shade":false,"rotation":{"angle":0,"axis":"y","origin":[4.4,0,4.4]},"faces":{"north":{"uv":[0,12,2,14],"texture":"#2"},"east":{"uv":[0,12,2,14],"texture":"#2"},"south":{"uv":[0,12,2,14],"texture":"#2"},"west":{"uv":[0,12,2,14],"texture":"#2"},"up":{"uv":[0,12,2,14],"texture":"#2"},"down":{"uv":[0,12,2,14],"texture":"#2"}}},{"from":[6.87246,5.17223,6.38],"to":[6.28746,4.58723,5.795],"shade":false,"rotation":{"angle":0,"axis":"y","origin":[4.4,0,4.4]},"faces":{"north":{"uv":[2,12,4,14],"texture":"#2"},"east":{"uv":[2,12,4,14],"texture":"#2"},"south":{"uv":[2,12,4,14],"texture":"#2"},"west":{"uv":[2,12,4,14],"texture":"#2"},"up":{"uv":[2,12,4,14],"texture":"#2"},"down":{"uv":[2,12,4,14],"texture":"#2"}}},{"from":[6.35399,5.0625,5.8625],"to":[6.80399,5.5125,6.3125],"shade":false,"rotation":{"angle":0,"axis":"y","origin":[4.4,0,4.4]},"faces":{"north":{"uv":[0,10,2,12],"texture":"#2"},"east":{"uv":[0,10,2,12],"texture":"#2"},"south":{"uv":[0,10,2,12],"texture":"#2"},"west":{"uv":[0,10,2,12],"texture":"#2"},"up":{"uv":[0,10,2,12],"texture":"#2"},"down":{"uv":[0,10,2,12],"texture":"#2"}}},{"from":[6.91649,5.625,6.425],"to":[6.24149,4.95,5.75],"shade":false,"rotation":{"angle":0,"axis":"y","origin":[4.4,0,4.4]},"faces":{"north":{"uv":[2,10,4,12],"texture":"#2"},"east":{"uv":[2,10,4,12],"texture":"#2"},"south":{"uv":[2,10,4,12],"texture":"#2"},"west":{"uv":[2,10,4,12],"texture":"#2"},"up":{"uv":[2,10,4,12],"texture":"#2"},"down":{"uv":[2,10,4,12],"texture":"#2"}}},{"from":[6.35601,5.58,5.8625],"to":[6.80601,6.03,6.3125],"shade":false,"rotation":{"angle":0,"axis":"y","origin":[4.4,0,4.4]},"faces":{"north":{"uv":[0,8,2,10],"rotation":90,"texture":"#2"},"east":{"uv":[0,8,2,10],"rotation":270,"texture":"#2"},"south":{"uv":[0,8,2,10],"rotation":270,"texture":"#2"},"west":{"uv":[0,8,2,10],"rotation":270,"texture":"#2"},"up":{"uv":[0,8,2,10],"rotation":270,"texture":"#2"},"down":{"uv":[0,8,2,10],"rotation":270,"texture":"#2"}}},{"from":[6.91851,6.14565,6.425],"to":[6.24351,5.47065,5.75],"shade":false,"rotation":{"angle":0,"axis":"y","origin":[4.4,0,4.4]},"faces":{"north":{"uv":[2,8,4,10],"rotation":90,"texture":"#2"},"east":{"uv":[2,8,4,10],"rotation":270,"texture":"#2"},"south":{"uv":[2,8,4,10],"rotation":270,"texture":"#2"},"west":{"uv":[2,8,4,10],"rotation":270,"texture":"#2"},"up":{"uv":[2,8,4,10],"rotation":270,"texture":"#2"},"down":{"uv":[2,8,4,10],"rotation":270,"texture":"#2"}}},{"from":[6.3575,6.0975,5.8625],"to":[6.8075,6.5475,6.3125],"shade":false,"rotation":{"angle":0,"axis":"y","origin":[4.4,0,4.4]},"faces":{"north":{"uv":[0,6,2,8],"texture":"#2"},"east":{"uv":[0,6,2,8],"texture":"#2"},"south":{"uv":[0,6,2,8],"texture":"#2"},"west":{"uv":[0,6,2,8],"texture":"#2"},"up":{"uv":[0,6,2,8],"texture":"#2"},"down":{"uv":[0,6,2,8],"texture":"#2"}}},{"from":[6.92,6.66,6.425],"to":[6.245,5.985,5.75],"shade":false,"rotation":{"angle":0,"axis":"y","origin":[4.4,0,4.4]},"faces":{"north":{"uv":[2,6,4,8],"texture":"#2"},"east":{"uv":[2,6,4,8],"texture":"#2"},"south":{"uv":[2,6,4,8],"texture":"#2"},"west":{"uv":[2,6,4,8],"texture":"#2"},"up":{"uv":[2,6,4,8],"texture":"#2"},"down":{"uv":[2,6,4,8],"texture":"#2"}}},{"from":[6.43314,6.58606,5.93],"to":[6.74814,6.90106,6.245],"shade":false,"rotation":{"angle":0,"axis":"y","origin":[4.4,0,4.4]},"faces":{"north":{"uv":[0,4,2,6],"texture":"#2"},"east":{"uv":[0,4,2,6],"texture":"#2"},"south":{"uv":[0,4,2,6],"texture":"#2"},"west":{"uv":[0,4,2,6],"texture":"#2"},"up":{"uv":[0,4,2,6],"texture":"#2"},"down":{"uv":[0,4,2,6],"texture":"#2"}}},{"from":[6.88314,7.03606,6.38],"to":[6.29814,6.45106,5.795],"shade":false,"rotation":{"angle":0,"axis":"y","origin":[4.4,0,4.4]},"faces":{"north":{"uv":[2,4,4,6],"texture":"#2"},"east":{"uv":[2,4,4,6],"texture":"#2"},"south":{"uv":[2,4,4,6],"texture":"#2"},"west":{"uv":[2,4,4,6],"texture":"#2"},"up":{"uv":[2,4,4,6],"texture":"#2"},"down":{"uv":[2,4,4,6],"texture":"#2"}}},{"from":[6.461,6.93,5.9525],"to":[6.731,7.2,6.2225],"shade":false,"rotation":{"angle":0,"axis":"y","origin":[4.4,0,4.4]},"faces":{"north":{"uv":[0,2,2,4],"texture":"#2"},"east":{"uv":[0,2,2,4],"texture":"#2"},"south":{"uv":[0,2,2,4],"texture":"#2"},"west":{"uv":[0,2,2,4],"texture":"#2"},"up":{"uv":[0,2,2,4],"texture":"#2"},"down":{"uv":[0,2,2,4],"texture":"#2"}}},{"from":[6.8435,7.3125,6.335],"to":[6.3485,6.8175,5.84],"shade":false,"rotation":{"angle":0,"axis":"y","origin":[4.4,0,4.4]},"faces":{"north":{"uv":[2,2,4,4],"texture":"#2"},"east":{"uv":[2,2,4,4],"texture":"#2"},"south":{"uv":[2,2,4,4],"texture":"#2"},"west":{"uv":[2,2,4,4],"texture":"#2"},"up":{"uv":[2,2,4,4],"texture":"#2"},"down":{"uv":[2,2,4,4],"texture":"#2"}}},{"from":[9.1475,3.0825,5.9525],"to":[9.4175,3.3525,6.2225],"shade":false,"rotation":{"angle":0,"axis":"y","origin":[4.4,0,4.4]},"faces":{"north":{"uv":[4,14,6,16],"texture":"#2"},"east":{"uv":[4,14,6,16],"texture":"#2"},"south":{"uv":[4,14,6,16],"texture":"#2"},"west":{"uv":[4,14,6,16],"texture":"#2"},"up":{"uv":[4,14,6,16],"texture":"#2"},"down":{"uv":[4,14,6,16],"texture":"#2"}}},{"from":[9.53,3.465,6.335],"to":[9.035,2.97,5.84],"shade":false,"rotation":{"angle":0,"axis":"y","origin":[4.4,0,4.4]},"faces":{"north":{"uv":[6,14,8,16],"texture":"#2"},"east":{"uv":[6,14,8,16],"texture":"#2"},"south":{"uv":[6,14,8,16],"texture":"#2"},"west":{"uv":[6,14,8,16],"texture":"#2"},"up":{"uv":[6,14,8,16],"texture":"#2"},"down":{"uv":[6,14,8,16],"texture":"#2"}}},{"from":[9.12246,3.37223,5.93],"to":[9.43746,3.68723,6.245],"shade":false,"rotation":{"angle":0,"axis":"y","origin":[4.4,0,4.4]},"faces":{"north":{"uv":[4,12,6,14],"texture":"#2"},"east":{"uv":[4,12,6,14],"texture":"#2"},"south":{"uv":[4,12,6,14],"texture":"#2"},"west":{"uv":[4,12,6,14],"texture":"#2"},"up":{"uv":[4,12,6,14],"texture":"#2"},"down":{"uv":[4,12,6,14],"texture":"#2"}}},{"from":[9.57246,3.82223,6.38],"to":[8.98746,3.23723,5.795],"shade":false,"rotation":{"angle":0,"axis":"y","origin":[4.4,0,4.4]},"faces":{"north":{"uv":[6,12,8,14],"texture":"#2"},"east":{"uv":[6,12,8,14],"texture":"#2"},"south":{"uv":[6,12,8,14],"texture":"#2"},"west":{"uv":[6,12,8,14],"texture":"#2"},"up":{"uv":[6,12,8,14],"texture":"#2"},"down":{"uv":[6,12,8,14],"texture":"#2"}}},{"from":[9.05399,3.7125,5.8625],"to":[9.50399,4.1625,6.3125],"shade":false,"rotation":{"angle":0,"axis":"y","origin":[4.4,0,4.4]},"faces":{"north":{"uv":[4,10,6,12],"texture":"#2"},"east":{"uv":[4,10,6,12],"texture":"#2"},"south":{"uv":[4,10,6,12],"texture":"#2"},"west":{"uv":[4,10,6,12],"texture":"#2"},"up":{"uv":[4,10,6,12],"texture":"#2"},"down":{"uv":[4,10,6,12],"texture":"#2"}}},{"from":[9.61649,4.275,6.425],"to":[8.94149,3.6,5.75],"shade":false,"rotation":{"angle":0,"axis":"y","origin":[4.4,0,4.4]},"faces":{"north":{"uv":[6,10,8,12],"texture":"#2"},"east":{"uv":[6,10,8,12],"texture":"#2"},"south":{"uv":[6,10,8,12],"texture":"#2"},"west":{"uv":[6,10,8,12],"texture":"#2"},"up":{"uv":[6,10,8,12],"texture":"#2"},"down":{"uv":[6,10,8,12],"texture":"#2"}}},{"from":[9.05601,4.23,5.8625],"to":[9.50601,4.68,6.3125],"shade":false,"rotation":{"angle":0,"axis":"y","origin":[4.4,0,4.4]},"faces":{"north":{"uv":[4,8,6,10],"rotation":90,"texture":"#2"},"east":{"uv":[4,8,6,10],"rotation":270,"texture":"#2"},"south":{"uv":[4,8,6,10],"rotation":270,"texture":"#2"},"west":{"uv":[4,8,6,10],"rotation":270,"texture":"#2"},"up":{"uv":[4,8,6,10],"rotation":270,"texture":"#2"},"down":{"uv":[4,8,6,10],"rotation":270,"texture":"#2"}}},{"from":[9.61851,4.79565,6.425],"to":[8.94351,4.12065,5.75],"shade":false,"rotation":{"angle":0,"axis":"y","origin":[4.4,0,4.4]},"faces":{"north":{"uv":[6,8,8,10],"rotation":90,"texture":"#2"},"east":{"uv":[6,8,8,10],"rotation":270,"texture":"#2"},"south":{"uv":[6,8,8,10],"rotation":270,"texture":"#2"},"west":{"uv":[6,8,8,10],"rotation":270,"texture":"#2"},"up":{"uv":[6,8,8,10],"rotation":270,"texture":"#2"},"down":{"uv":[6,8,8,10],"rotation":270,"texture":"#2"}}},{"from":[9.0575,4.7475,5.8625],"to":[9.5075,5.1975,6.3125],"shade":false,"rotation":{"angle":0,"axis":"y","origin":[4.4,0,4.4]},"faces":{"north":{"uv":[4,6,6,8],"texture":"#2"},"east":{"uv":[4,6,6,8],"texture":"#2"},"south":{"uv":[4,6,6,8],"texture":"#2"},"west":{"uv":[4,6,6,8],"texture":"#2"},"up":{"uv":[4,6,6,8],"texture":"#2"},"down":{"uv":[4,6,6,8],"texture":"#2"}}},{"from":[9.62,5.31,6.425],"to":[8.945,4.635,5.75],"shade":false,"rotation":{"angle":0,"axis":"y","origin":[4.4,0,4.4]},"faces":{"north":{"uv":[6,6,8,8],"texture":"#2"},"east":{"uv":[6,6,8,8],"texture":"#2"},"south":{"uv":[6,6,8,8],"texture":"#2"},"west":{"uv":[6,6,8,8],"texture":"#2"},"up":{"uv":[6,6,8,8],"texture":"#2"},"down":{"uv":[6,6,8,8],"texture":"#2"}}},{"from":[9.13314,5.23606,5.93],"to":[9.44814,5.55106,6.245],"shade":false,"rotation":{"angle":0,"axis":"y","origin":[4.4,0,4.4]},"faces":{"north":{"uv":[4,4,6,6],"texture":"#2"},"east":{"uv":[4,4,6,6],"texture":"#2"},"south":{"uv":[4,4,6,6],"texture":"#2"},"west":{"uv":[4,4,6,6],"texture":"#2"},"up":{"uv":[4,4,6,6],"texture":"#2"},"down":{"uv":[4,4,6,6],"texture":"#2"}}},{"from":[9.58314,5.68606,6.38],"to":[8.99814,5.10106,5.795],"shade":false,"rotation":{"angle":0,"axis":"y","origin":[4.4,0,4.4]},"faces":{"north":{"uv":[6,4,8,6],"texture":"#2"},"east":{"uv":[6,4,8,6],"texture":"#2"},"south":{"uv":[6,4,8,6],"texture":"#2"},"west":{"uv":[6,4,8,6],"texture":"#2"},"up":{"uv":[6,4,8,6],"texture":"#2"},"down":{"uv":[6,4,8,6],"texture":"#2"}}},{"from":[9.161,5.58,5.9525],"to":[9.431,5.85,6.2225],"shade":false,"rotation":{"angle":0,"axis":"y","origin":[4.4,0,4.4]},"faces":{"north":{"uv":[4,2,6,4],"texture":"#2"},"east":{"uv":[4,2,6,4],"texture":"#2"},"south":{"uv":[4,2,6,4],"texture":"#2"},"west":{"uv":[4,2,6,4],"texture":"#2"},"up":{"uv":[4,2,6,4],"texture":"#2"},"down":{"uv":[4,2,6,4],"texture":"#2"}}},{"from":[9.5435,5.9625,6.335],"to":[9.0485,5.4675,5.84],"shade":false,"rotation":{"angle":0,"axis":"y","origin":[4.4,0,4.4]},"faces":{"north":{"uv":[6,2,8,4],"texture":"#2"},"east":{"uv":[6,2,8,4],"texture":"#2"},"south":{"uv":[6,2,8,4],"texture":"#2"},"west":{"uv":[6,2,8,4],"texture":"#2"},"up":{"uv":[6,2,8,4],"texture":"#2"},"down":{"uv":[6,2,8,4],"texture":"#2"}}},{"from":[7.7975,6.2325,5.9525],"to":[8.0675,6.5025,6.2225],"shade":false,"rotation":{"angle":0,"axis":"y","origin":[4.4,0,4.4]},"faces":{"north":{"uv":[8,14,10,16],"texture":"#2"},"east":{"uv":[8,14,10,16],"texture":"#2"},"south":{"uv":[8,14,10,16],"texture":"#2"},"west":{"uv":[8,14,10,16],"texture":"#2"},"up":{"uv":[8,14,10,16],"texture":"#2"},"down":{"uv":[8,14,10,16],"texture":"#2"}}},{"from":[8.18,6.615,6.335],"to":[7.685,6.12,5.84],"shade":false,"rotation":{"angle":0,"axis":"y","origin":[4.4,0,4.4]},"faces":{"north":{"uv":[10,14,12,16],"texture":"#2"},"east":{"uv":[10,14,12,16],"texture":"#2"},"south":{"uv":[10,14,12,16],"texture":"#2"},"west":{"uv":[10,14,12,16],"texture":"#2"},"up":{"uv":[10,14,12,16],"texture":"#2"},"down":{"uv":[10,14,12,16],"texture":"#2"}}},{"from":[7.77246,6.52223,5.93],"to":[8.08746,6.83723,6.245],"shade":false,"rotation":{"angle":0,"axis":"y","origin":[4.4,0,4.4]},"faces":{"north":{"uv":[8,12,10,14],"texture":"#2"},"east":{"uv":[8,12,10,14],"texture":"#2"},"south":{"uv":[8,12,10,14],"texture":"#2"},"west":{"uv":[8,12,10,14],"texture":"#2"},"up":{"uv":[8,12,10,14],"texture":"#2"},"down":{"uv":[8,12,10,14],"texture":"#2"}}},{"from":[8.22246,6.97223,6.38],"to":[7.63746,6.38723,5.795],"shade":false,"rotation":{"angle":0,"axis":"y","origin":[4.4,0,4.4]},"faces":{"north":{"uv":[10,12,12,14],"texture":"#2"},"east":{"uv":[10,12,12,14],"texture":"#2"},"south":{"uv":[10,12,12,14],"texture":"#2"},"west":{"uv":[10,12,12,14],"texture":"#2"},"up":{"uv":[10,12,12,14],"texture":"#2"},"down":{"uv":[10,12,12,14],"texture":"#2"}}},{"from":[7.70399,6.8625,5.8625],"to":[8.15399,7.3125,6.3125],"shade":false,"rotation":{"angle":0,"axis":"y","origin":[4.4,0,4.4]},"faces":{"north":{"uv":[8,10,10,12],"texture":"#2"},"east":{"uv":[8,10,10,12],"texture":"#2"},"south":{"uv":[8,10,10,12],"texture":"#2"},"west":{"uv":[8,10,10,12],"texture":"#2"},"up":{"uv":[8,10,10,12],"texture":"#2"},"down":{"uv":[8,10,10,12],"texture":"#2"}}},{"from":[8.26649,7.425,6.425],"to":[7.59149,6.75,5.75],"shade":false,"rotation":{"angle":0,"axis":"y","origin":[4.4,0,4.4]},"faces":{"north":{"uv":[10,10,12,12],"texture":"#2"},"east":{"uv":[10,10,12,12],"texture":"#2"},"south":{"uv":[10,10,12,12],"texture":"#2"},"west":{"uv":[10,10,12,12],"texture":"#2"},"up":{"uv":[10,10,12,12],"texture":"#2"},"down":{"uv":[10,10,12,12],"texture":"#2"}}},{"from":[7.70601,7.38,5.8625],"to":[8.15601,7.83,6.3125],"shade":false,"rotation":{"angle":0,"axis":"y","origin":[4.4,0,4.4]},"faces":{"north":{"uv":[8,8,10,10],"rotation":90,"texture":"#2"},"east":{"uv":[8,8,10,10],"rotation":270,"texture":"#2"},"south":{"uv":[8,8,10,10],"rotation":270,"texture":"#2"},"west":{"uv":[8,8,10,10],"rotation":270,"texture":"#2"},"up":{"uv":[8,8,10,10],"rotation":270,"texture":"#2"},"down":{"uv":[8,8,10,10],"rotation":270,"texture":"#2"}}},{"from":[8.26851,7.94565,6.425],"to":[7.59351,7.27065,5.75],"shade":false,"rotation":{"angle":0,"axis":"y","origin":[4.4,0,4.4]},"faces":{"north":{"uv":[10,8,12,10],"rotation":90,"texture":"#2"},"east":{"uv":[10,8,12,10],"rotation":270,"texture":"#2"},"south":{"uv":[10,8,12,10],"rotation":270,"texture":"#2"},"west":{"uv":[10,8,12,10],"rotation":270,"texture":"#2"},"up":{"uv":[10,8,12,10],"rotation":270,"texture":"#2"},"down":{"uv":[10,8,12,10],"rotation":270,"texture":"#2"}}},{"from":[7.7075,7.8975,5.8625],"to":[8.1575,8.3475,6.3125],"shade":false,"rotation":{"angle":0,"axis":"y","origin":[4.4,0,4.4]},"faces":{"north":{"uv":[8,6,10,8],"texture":"#2"},"east":{"uv":[8,6,10,8],"texture":"#2"},"south":{"uv":[8,6,10,8],"texture":"#2"},"west":{"uv":[8,6,10,8],"texture":"#2"},"up":{"uv":[8,6,10,8],"texture":"#2"},"down":{"uv":[8,6,10,8],"texture":"#2"}}},{"from":[8.27,8.46,6.425],"to":[7.595,7.785,5.75],"shade":false,"rotation":{"angle":0,"axis":"y","origin":[4.4,0,4.4]},"faces":{"north":{"uv":[10,6,12,8],"texture":"#2"},"east":{"uv":[10,6,12,8],"texture":"#2"},"south":{"uv":[10,6,12,8],"texture":"#2"},"west":{"uv":[10,6,12,8],"texture":"#2"},"up":{"uv":[10,6,12,8],"texture":"#2"},"down":{"uv":[10,6,12,8],"texture":"#2"}}},{"from":[7.78314,8.38606,5.93],"to":[8.09814,8.70106,6.245],"shade":false,"rotation":{"angle":0,"axis":"y","origin":[4.4,0,4.4]},"faces":{"north":{"uv":[8,4,10,6],"texture":"#2"},"east":{"uv":[8,4,10,6],"texture":"#2"},"south":{"uv":[8,4,10,6],"texture":"#2"},"west":{"uv":[8,4,10,6],"texture":"#2"},"up":{"uv":[8,4,10,6],"texture":"#2"},"down":{"uv":[8,4,10,6],"texture":"#2"}}},{"from":[8.23314,8.83606,6.38],"to":[7.64814,8.25106,5.795],"shade":false,"rotation":{"angle":0,"axis":"y","origin":[4.4,0,4.4]},"faces":{"north":{"uv":[10,4,12,6],"texture":"#2"},"east":{"uv":[10,4,12,6],"texture":"#2"},"south":{"uv":[10,4,12,6],"texture":"#2"},"west":{"uv":[10,4,12,6],"texture":"#2"},"up":{"uv":[10,4,12,6],"texture":"#2"},"down":{"uv":[10,4,12,6],"texture":"#2"}}},{"from":[7.811,8.73,5.9525],"to":[8.081,9,6.2225],"shade":false,"rotation":{"angle":0,"axis":"y","origin":[4.4,0,4.4]},"faces":{"north":{"uv":[8,2,10,4],"texture":"#2"},"east":{"uv":[8,2,10,4],"texture":"#2"},"south":{"uv":[8,2,10,4],"texture":"#2"},"west":{"uv":[8,2,10,4],"texture":"#2"},"up":{"uv":[8,2,10,4],"texture":"#2"},"down":{"uv":[8,2,10,4],"texture":"#2"}}},{"from":[8.1935,9.1125,6.335],"to":[7.6985,8.6175,5.84],"shade":false,"rotation":{"angle":0,"axis":"y","origin":[4.4,0,4.4]},"faces":{"north":{"uv":[10,2,12,4],"texture":"#2"},"east":{"uv":[10,2,12,4],"texture":"#2"},"south":{"uv":[10,2,12,4],"texture":"#2"},"west":{"uv":[10,2,12,4],"texture":"#2"},"up":{"uv":[10,2,12,4],"texture":"#2"},"down":{"uv":[10,2,12,4],"texture":"#2"}}},{"from":[6.4475,3.0825,9.7775],"to":[6.7175,3.3525,10.0475],"shade":false,"rotation":{"angle":0,"axis":"y","origin":[4.4,0,4.4]},"faces":{"north":{"uv":[8,14,10,16],"texture":"#2"},"east":{"uv":[8,14,10,16],"texture":"#2"},"south":{"uv":[8,14,10,16],"texture":"#2"},"west":{"uv":[8,14,10,16],"texture":"#2"},"up":{"uv":[8,14,10,16],"texture":"#2"},"down":{"uv":[8,14,10,16],"texture":"#2"}}},{"from":[6.83,3.465,10.16],"to":[6.335,2.97,9.665],"shade":false,"rotation":{"angle":0,"axis":"y","origin":[4.4,0,4.4]},"faces":{"north":{"uv":[10,14,12,16],"texture":"#2"},"east":{"uv":[10,14,12,16],"texture":"#2"},"south":{"uv":[10,14,12,16],"texture":"#2"},"west":{"uv":[10,14,12,16],"texture":"#2"},"up":{"uv":[10,14,12,16],"texture":"#2"},"down":{"uv":[10,14,12,16],"texture":"#2"}}},{"from":[6.42246,3.37223,9.755],"to":[6.73746,3.68723,10.07],"shade":false,"rotation":{"angle":0,"axis":"y","origin":[4.4,0,4.4]},"faces":{"north":{"uv":[8,12,10,14],"texture":"#2"},"east":{"uv":[8,12,10,14],"texture":"#2"},"south":{"uv":[8,12,10,14],"texture":"#2"},"west":{"uv":[8,12,10,14],"texture":"#2"},"up":{"uv":[8,12,10,14],"texture":"#2"},"down":{"uv":[8,12,10,14],"texture":"#2"}}},{"from":[6.87246,3.82223,10.205],"to":[6.28746,3.23723,9.62],"shade":false,"rotation":{"angle":0,"axis":"y","origin":[4.4,0,4.4]},"faces":{"north":{"uv":[10,12,12,14],"texture":"#2"},"east":{"uv":[10,12,12,14],"texture":"#2"},"south":{"uv":[10,12,12,14],"texture":"#2"},"west":{"uv":[10,12,12,14],"texture":"#2"},"up":{"uv":[10,12,12,14],"texture":"#2"},"down":{"uv":[10,12,12,14],"texture":"#2"}}},{"from":[6.35399,3.7125,9.6875],"to":[6.80399,4.1625,10.1375],"shade":false,"rotation":{"angle":0,"axis":"y","origin":[4.4,0,4.4]},"faces":{"north":{"uv":[8,10,10,12],"texture":"#2"},"east":{"uv":[8,10,10,12],"texture":"#2"},"south":{"uv":[8,10,10,12],"texture":"#2"},"west":{"uv":[8,10,10,12],"texture":"#2"},"up":{"uv":[8,10,10,12],"texture":"#2"},"down":{"uv":[8,10,10,12],"texture":"#2"}}},{"from":[6.91649,4.275,10.25],"to":[6.24149,3.6,9.575],"shade":false,"rotation":{"angle":0,"axis":"y","origin":[4.4,0,4.4]},"faces":{"north":{"uv":[10,10,12,12],"texture":"#2"},"east":{"uv":[10,10,12,12],"texture":"#2"},"south":{"uv":[10,10,12,12],"texture":"#2"},"west":{"uv":[10,10,12,12],"texture":"#2"},"up":{"uv":[10,10,12,12],"texture":"#2"},"down":{"uv":[10,10,12,12],"texture":"#2"}}},{"from":[6.35601,4.23,9.6875],"to":[6.80601,4.68,10.1375],"shade":false,"rotation":{"angle":0,"axis":"y","origin":[4.4,0,4.4]},"faces":{"north":{"uv":[8,8,10,10],"rotation":90,"texture":"#2"},"east":{"uv":[8,8,10,10],"rotation":270,"texture":"#2"},"south":{"uv":[8,8,10,10],"rotation":270,"texture":"#2"},"west":{"uv":[8,8,10,10],"rotation":270,"texture":"#2"},"up":{"uv":[8,8,10,10],"rotation":270,"texture":"#2"},"down":{"uv":[8,8,10,10],"rotation":270,"texture":"#2"}}},{"from":[6.91851,4.79565,10.25],"to":[6.24351,4.12065,9.575],"shade":false,"rotation":{"angle":0,"axis":"y","origin":[4.4,0,4.4]},"faces":{"north":{"uv":[10,8,12,10],"rotation":90,"texture":"#2"},"east":{"uv":[10,8,12,10],"rotation":270,"texture":"#2"},"south":{"uv":[10,8,12,10],"rotation":270,"texture":"#2"},"west":{"uv":[10,8,12,10],"rotation":270,"texture":"#2"},"up":{"uv":[10,8,12,10],"rotation":270,"texture":"#2"},"down":{"uv":[10,8,12,10],"rotation":270,"texture":"#2"}}},{"from":[6.3575,4.7475,9.6875],"to":[6.8075,5.1975,10.1375],"shade":false,"rotation":{"angle":0,"axis":"y","origin":[4.4,0,4.4]},"faces":{"north":{"uv":[8,6,10,8],"texture":"#2"},"east":{"uv":[8,6,10,8],"texture":"#2"},"south":{"uv":[8,6,10,8],"texture":"#2"},"west":{"uv":[8,6,10,8],"texture":"#2"},"up":{"uv":[8,6,10,8],"texture":"#2"},"down":{"uv":[8,6,10,8],"texture":"#2"}}},{"from":[6.92,5.31,10.25],"to":[6.245,4.635,9.575],"shade":false,"rotation":{"angle":0,"axis":"y","origin":[4.4,0,4.4]},"faces":{"north":{"uv":[10,6,12,8],"texture":"#2"},"east":{"uv":[10,6,12,8],"texture":"#2"},"south":{"uv":[10,6,12,8],"texture":"#2"},"west":{"uv":[10,6,12,8],"texture":"#2"},"up":{"uv":[10,6,12,8],"texture":"#2"},"down":{"uv":[10,6,12,8],"texture":"#2"}}},{"from":[6.43314,5.23606,9.755],"to":[6.74814,5.55106,10.07],"shade":false,"rotation":{"angle":0,"axis":"y","origin":[4.4,0,4.4]},"faces":{"north":{"uv":[8,4,10,6],"texture":"#2"},"east":{"uv":[8,4,10,6],"texture":"#2"},"south":{"uv":[8,4,10,6],"texture":"#2"},"west":{"uv":[8,4,10,6],"texture":"#2"},"up":{"uv":[8,4,10,6],"texture":"#2"},"down":{"uv":[8,4,10,6],"texture":"#2"}}},{"from":[6.88314,5.68606,10.205],"to":[6.29814,5.10106,9.62],"shade":false,"rotation":{"angle":0,"axis":"y","origin":[4.4,0,4.4]},"faces":{"north":{"uv":[10,4,12,6],"texture":"#2"},"east":{"uv":[10,4,12,6],"texture":"#2"},"south":{"uv":[10,4,12,6],"texture":"#2"},"west":{"uv":[10,4,12,6],"texture":"#2"},"up":{"uv":[10,4,12,6],"texture":"#2"},"down":{"uv":[10,4,12,6],"texture":"#2"}}},{"from":[6.461,5.58,9.7775],"to":[6.731,5.85,10.0475],"shade":false,"rotation":{"angle":0,"axis":"y","origin":[4.4,0,4.4]},"faces":{"north":{"uv":[8,2,10,4],"texture":"#2"},"east":{"uv":[8,2,10,4],"texture":"#2"},"south":{"uv":[8,2,10,4],"texture":"#2"},"west":{"uv":[8,2,10,4],"texture":"#2"},"up":{"uv":[8,2,10,4],"texture":"#2"},"down":{"uv":[8,2,10,4],"texture":"#2"}}},{"from":[6.8435,5.9625,10.16],"to":[6.3485,5.4675,9.665],"shade":false,"rotation":{"angle":0,"axis":"y","origin":[4.4,0,4.4]},"faces":{"north":{"uv":[10,2,12,4],"texture":"#2"},"east":{"uv":[10,2,12,4],"texture":"#2"},"south":{"uv":[10,2,12,4],"texture":"#2"},"west":{"uv":[10,2,12,4],"texture":"#2"},"up":{"uv":[10,2,12,4],"texture":"#2"},"down":{"uv":[10,2,12,4],"texture":"#2"}}},{"from":[7.7975,5.7825,9.7775],"to":[8.0675,6.0525,10.0475],"shade":false,"rotation":{"angle":0,"axis":"y","origin":[4.4,0,4.4]},"faces":{"north":{"uv":[0,14,2,16],"texture":"#2"},"east":{"uv":[0,14,2,16],"texture":"#2"},"south":{"uv":[0,14,2,16],"texture":"#2"},"west":{"uv":[0,14,2,16],"texture":"#2"},"up":{"uv":[0,14,2,16],"texture":"#2"},"down":{"uv":[0,14,2,16],"texture":"#2"}}},{"from":[8.18,6.165,10.16],"to":[7.685,5.67,9.665],"shade":false,"rotation":{"angle":0,"axis":"y","origin":[4.4,0,4.4]},"faces":{"north":{"uv":[2,14,4,16],"texture":"#2"},"east":{"uv":[2,14,4,16],"texture":"#2"},"south":{"uv":[2,14,4,16],"texture":"#2"},"west":{"uv":[2,14,4,16],"texture":"#2"},"up":{"uv":[2,14,4,16],"texture":"#2"},"down":{"uv":[2,14,4,16],"texture":"#2"}}},{"from":[7.77246,6.07223,9.755],"to":[8.08746,6.38723,10.07],"shade":false,"rotation":{"angle":0,"axis":"y","origin":[4.4,0,4.4]},"faces":{"north":{"uv":[0,12,2,14],"texture":"#2"},"east":{"uv":[0,12,2,14],"texture":"#2"},"south":{"uv":[0,12,2,14],"texture":"#2"},"west":{"uv":[0,12,2,14],"texture":"#2"},"up":{"uv":[0,12,2,14],"texture":"#2"},"down":{"uv":[0,12,2,14],"texture":"#2"}}},{"from":[8.22246,6.52223,10.205],"to":[7.63746,5.93723,9.62],"shade":false,"rotation":{"angle":0,"axis":"y","origin":[4.4,0,4.4]},"faces":{"north":{"uv":[2,12,4,14],"texture":"#2"},"east":{"uv":[2,12,4,14],"texture":"#2"},"south":{"uv":[2,12,4,14],"texture":"#2"},"west":{"uv":[2,12,4,14],"texture":"#2"},"up":{"uv":[2,12,4,14],"texture":"#2"},"down":{"uv":[2,12,4,14],"texture":"#2"}}},{"from":[7.70399,6.4125,9.6875],"to":[8.15399,6.8625,10.1375],"shade":false,"rotation":{"angle":0,"axis":"y","origin":[4.4,0,4.4]},"faces":{"north":{"uv":[0,10,2,12],"texture":"#2"},"east":{"uv":[0,10,2,12],"texture":"#2"},"south":{"uv":[0,10,2,12],"texture":"#2"},"west":{"uv":[0,10,2,12],"texture":"#2"},"up":{"uv":[0,10,2,12],"texture":"#2"},"down":{"uv":[0,10,2,12],"texture":"#2"}}},{"from":[8.26649,6.975,10.25],"to":[7.59149,6.3,9.575],"shade":false,"rotation":{"angle":0,"axis":"y","origin":[4.4,0,4.4]},"faces":{"north":{"uv":[2,10,4,12],"texture":"#2"},"east":{"uv":[2,10,4,12],"texture":"#2"},"south":{"uv":[2,10,4,12],"texture":"#2"},"west":{"uv":[2,10,4,12],"texture":"#2"},"up":{"uv":[2,10,4,12],"texture":"#2"},"down":{"uv":[2,10,4,12],"texture":"#2"}}},{"from":[7.70601,6.93,9.6875],"to":[8.15601,7.38,10.1375],"shade":false,"rotation":{"angle":0,"axis":"y","origin":[4.4,0,4.4]},"faces":{"north":{"uv":[0,8,2,10],"rotation":90,"texture":"#2"},"east":{"uv":[0,8,2,10],"rotation":270,"texture":"#2"},"south":{"uv":[0,8,2,10],"rotation":270,"texture":"#2"},"west":{"uv":[0,8,2,10],"rotation":270,"texture":"#2"},"up":{"uv":[0,8,2,10],"rotation":270,"texture":"#2"},"down":{"uv":[0,8,2,10],"rotation":270,"texture":"#2"}}},{"from":[8.26851,7.49565,10.25],"to":[7.59351,6.82065,9.575],"shade":false,"rotation":{"angle":0,"axis":"y","origin":[4.4,0,4.4]},"faces":{"north":{"uv":[2,8,4,10],"rotation":90,"texture":"#2"},"east":{"uv":[2,8,4,10],"rotation":270,"texture":"#2"},"south":{"uv":[2,8,4,10],"rotation":270,"texture":"#2"},"west":{"uv":[2,8,4,10],"rotation":270,"texture":"#2"},"up":{"uv":[2,8,4,10],"rotation":270,"texture":"#2"},"down":{"uv":[2,8,4,10],"rotation":270,"texture":"#2"}}},{"from":[7.7075,7.4475,9.6875],"to":[8.1575,7.8975,10.1375],"shade":false,"rotation":{"angle":0,"axis":"y","origin":[4.4,0,4.4]},"faces":{"north":{"uv":[0,6,2,8],"texture":"#2"},"east":{"uv":[0,6,2,8],"texture":"#2"},"south":{"uv":[0,6,2,8],"texture":"#2"},"west":{"uv":[0,6,2,8],"texture":"#2"},"up":{"uv":[0,6,2,8],"texture":"#2"},"down":{"uv":[0,6,2,8],"texture":"#2"}}},{"from":[8.27,8.01,10.25],"to":[7.595,7.335,9.575],"shade":false,"rotation":{"angle":0,"axis":"y","origin":[4.4,0,4.4]},"faces":{"north":{"uv":[2,6,4,8],"texture":"#2"},"east":{"uv":[2,6,4,8],"texture":"#2"},"south":{"uv":[2,6,4,8],"texture":"#2"},"west":{"uv":[2,6,4,8],"texture":"#2"},"up":{"uv":[2,6,4,8],"texture":"#2"},"down":{"uv":[2,6,4,8],"texture":"#2"}}},{"from":[7.78314,7.93606,9.755],"to":[8.09814,8.25106,10.07],"shade":false,"rotation":{"angle":0,"axis":"y","origin":[4.4,0,4.4]},"faces":{"north":{"uv":[0,4,2,6],"texture":"#2"},"east":{"uv":[0,4,2,6],"texture":"#2"},"south":{"uv":[0,4,2,6],"texture":"#2"},"west":{"uv":[0,4,2,6],"texture":"#2"},"up":{"uv":[0,4,2,6],"texture":"#2"},"down":{"uv":[0,4,2,6],"texture":"#2"}}},{"from":[8.23314,8.38606,10.205],"to":[7.64814,7.80106,9.62],"shade":false,"rotation":{"angle":0,"axis":"y","origin":[4.4,0,4.4]},"faces":{"north":{"uv":[2,4,4,6],"texture":"#2"},"east":{"uv":[2,4,4,6],"texture":"#2"},"south":{"uv":[2,4,4,6],"texture":"#2"},"west":{"uv":[2,4,4,6],"texture":"#2"},"up":{"uv":[2,4,4,6],"texture":"#2"},"down":{"uv":[2,4,4,6],"texture":"#2"}}},{"from":[7.811,8.28,9.7775],"to":[8.081,8.55,10.0475],"shade":false,"rotation":{"angle":0,"axis":"y","origin":[4.4,0,4.4]},"faces":{"north":{"uv":[0,2,2,4],"texture":"#2"},"east":{"uv":[0,2,2,4],"texture":"#2"},"south":{"uv":[0,2,2,4],"texture":"#2"},"west":{"uv":[0,2,2,4],"texture":"#2"},"up":{"uv":[0,2,2,4],"texture":"#2"},"down":{"uv":[0,2,2,4],"texture":"#2"}}},{"from":[8.1935,8.6625,10.16],"to":[7.6985,8.1675,9.665],"shade":false,"rotation":{"angle":0,"axis":"y","origin":[4.4,0,4.4]},"faces":{"north":{"uv":[2,2,4,4],"texture":"#2"},"east":{"uv":[2,2,4,4],"texture":"#2"},"south":{"uv":[2,2,4,4],"texture":"#2"},"west":{"uv":[2,2,4,4],"texture":"#2"},"up":{"uv":[2,2,4,4],"texture":"#2"},"down":{"uv":[2,2,4,4],"texture":"#2"}}},{"from":[9.1475,3.5325,9.7775],"to":[9.4175,3.8025,10.0475],"shade":false,"rotation":{"angle":0,"axis":"y","origin":[4.4,0,4.4]},"faces":{"north":{"uv":[12,14,14,16],"texture":"#2"},"east":{"uv":[12,14,14,16],"texture":"#2"},"south":{"uv":[12,14,14,16],"texture":"#2"},"west":{"uv":[12,14,14,16],"texture":"#2"},"up":{"uv":[12,14,14,16],"texture":"#2"},"down":{"uv":[12,14,14,16],"texture":"#2"}}},{"from":[9.53,3.915,10.16],"to":[9.035,3.42,9.665],"shade":false,"rotation":{"angle":0,"axis":"y","origin":[4.4,0,4.4]},"faces":{"north":{"uv":[14,14,16,16],"texture":"#2"},"east":{"uv":[14,14,16,16],"texture":"#2"},"south":{"uv":[14,14,16,16],"texture":"#2"},"west":{"uv":[14,14,16,16],"texture":"#2"},"up":{"uv":[14,14,16,16],"texture":"#2"},"down":{"uv":[14,14,16,16],"texture":"#2"}}},{"from":[9.12246,3.82223,9.755],"to":[9.43746,4.13723,10.07],"shade":false,"rotation":{"angle":0,"axis":"y","origin":[4.4,0,4.4]},"faces":{"north":{"uv":[12,12,14,14],"texture":"#2"},"east":{"uv":[12,12,14,14],"texture":"#2"},"south":{"uv":[12,12,14,14],"texture":"#2"},"west":{"uv":[12,12,14,14],"texture":"#2"},"up":{"uv":[12,12,14,14],"texture":"#2"},"down":{"uv":[12,12,14,14],"texture":"#2"}}},{"from":[9.57246,4.27223,10.205],"to":[8.98746,3.68723,9.62],"shade":false,"rotation":{"angle":0,"axis":"y","origin":[4.4,0,4.4]},"faces":{"north":{"uv":[14,12,16,14],"texture":"#2"},"east":{"uv":[14,12,16,14],"texture":"#2"},"south":{"uv":[14,12,16,14],"texture":"#2"},"west":{"uv":[14,12,16,14],"texture":"#2"},"up":{"uv":[14,12,16,14],"texture":"#2"},"down":{"uv":[14,12,16,14],"texture":"#2"}}},{"from":[9.05399,4.1625,9.6875],"to":[9.50399,4.6125,10.1375],"shade":false,"rotation":{"angle":0,"axis":"y","origin":[4.4,0,4.4]},"faces":{"north":{"uv":[12,10,14,12],"texture":"#2"},"east":{"uv":[12,10,14,12],"texture":"#2"},"south":{"uv":[12,10,14,12],"texture":"#2"},"west":{"uv":[12,10,14,12],"texture":"#2"},"up":{"uv":[12,10,14,12],"texture":"#2"},"down":{"uv":[12,10,14,12],"texture":"#2"}}},{"from":[9.61649,4.725,10.25],"to":[8.94149,4.05,9.575],"shade":false,"rotation":{"angle":0,"axis":"y","origin":[4.4,0,4.4]},"faces":{"north":{"uv":[14,10,16,12],"texture":"#2"},"east":{"uv":[14,10,16,12],"texture":"#2"},"south":{"uv":[14,10,16,12],"texture":"#2"},"west":{"uv":[14,10,16,12],"texture":"#2"},"up":{"uv":[14,10,16,12],"texture":"#2"},"down":{"uv":[14,10,16,12],"texture":"#2"}}},{"from":[9.05601,4.68,9.6875],"to":[9.50601,5.13,10.1375],"shade":false,"rotation":{"angle":0,"axis":"y","origin":[4.4,0,4.4]},"faces":{"north":{"uv":[12,8,14,10],"rotation":90,"texture":"#2"},"east":{"uv":[12,8,14,10],"rotation":270,"texture":"#2"},"south":{"uv":[12,8,14,10],"rotation":270,"texture":"#2"},"west":{"uv":[12,8,14,10],"rotation":270,"texture":"#2"},"up":{"uv":[12,8,14,10],"rotation":270,"texture":"#2"},"down":{"uv":[12,8,14,10],"rotation":270,"texture":"#2"}}},{"from":[9.61851,5.24565,10.25],"to":[8.94351,4.57065,9.575],"shade":false,"rotation":{"angle":0,"axis":"y","origin":[4.4,0,4.4]},"faces":{"north":{"uv":[14,8,16,10],"rotation":90,"texture":"#2"},"east":{"uv":[14,8,16,10],"rotation":270,"texture":"#2"},"south":{"uv":[14,8,16,10],"rotation":270,"texture":"#2"},"west":{"uv":[14,8,16,10],"rotation":270,"texture":"#2"},"up":{"uv":[14,8,16,10],"rotation":270,"texture":"#2"},"down":{"uv":[14,8,16,10],"rotation":270,"texture":"#2"}}},{"from":[9.0575,5.1975,9.6875],"to":[9.5075,5.6475,10.1375],"shade":false,"rotation":{"angle":0,"axis":"y","origin":[4.4,0,4.4]},"faces":{"north":{"uv":[12,6,14,8],"texture":"#2"},"east":{"uv":[12,6,14,8],"texture":"#2"},"south":{"uv":[12,6,14,8],"texture":"#2"},"west":{"uv":[12,6,14,8],"texture":"#2"},"up":{"uv":[12,6,14,8],"texture":"#2"},"down":{"uv":[12,6,14,8],"texture":"#2"}}},{"from":[9.62,5.76,10.25],"to":[8.945,5.085,9.575],"shade":false,"rotation":{"angle":0,"axis":"y","origin":[4.4,0,4.4]},"faces":{"north":{"uv":[14,6,16,8],"texture":"#2"},"east":{"uv":[14,6,16,8],"texture":"#2"},"south":{"uv":[14,6,16,8],"texture":"#2"},"west":{"uv":[14,6,16,8],"texture":"#2"},"up":{"uv":[14,6,16,8],"texture":"#2"},"down":{"uv":[14,6,16,8],"texture":"#2"}}},{"from":[9.13314,5.68606,9.755],"to":[9.44814,6.00106,10.07],"shade":false,"rotation":{"angle":0,"axis":"y","origin":[4.4,0,4.4]},"faces":{"north":{"uv":[12,4,14,6],"texture":"#2"},"east":{"uv":[12,4,14,6],"texture":"#2"},"south":{"uv":[12,4,14,6],"texture":"#2"},"west":{"uv":[12,4,14,6],"texture":"#2"},"up":{"uv":[12,4,14,6],"texture":"#2"},"down":{"uv":[12,4,14,6],"texture":"#2"}}},{"from":[9.58314,6.13606,10.205],"to":[8.99814,5.55106,9.62],"shade":false,"rotation":{"angle":0,"axis":"y","origin":[4.4,0,4.4]},"faces":{"north":{"uv":[14,4,16,6],"texture":"#2"},"east":{"uv":[14,4,16,6],"texture":"#2"},"south":{"uv":[14,4,16,6],"texture":"#2"},"west":{"uv":[14,4,16,6],"texture":"#2"},"up":{"uv":[14,4,16,6],"texture":"#2"},"down":{"uv":[14,4,16,6],"texture":"#2"}}},{"from":[9.161,6.03,9.7775],"to":[9.431,6.3,10.0475],"shade":false,"rotation":{"angle":0,"axis":"y","origin":[4.4,0,4.4]},"faces":{"north":{"uv":[12,2,14,4],"texture":"#2"},"east":{"uv":[12,2,14,4],"texture":"#2"},"south":{"uv":[12,2,14,4],"texture":"#2"},"west":{"uv":[12,2,14,4],"texture":"#2"},"up":{"uv":[12,2,14,4],"texture":"#2"},"down":{"uv":[12,2,14,4],"texture":"#2"}}},{"from":[9.5435,6.4125,10.16],"to":[9.0485,5.9175,9.665],"shade":false,"rotation":{"angle":0,"axis":"y","origin":[4.4,0,4.4]},"faces":{"north":{"uv":[14,2,16,4],"texture":"#2"},"east":{"uv":[14,2,16,4],"texture":"#2"},"south":{"uv":[14,2,16,4],"texture":"#2"},"west":{"uv":[14,2,16,4],"texture":"#2"},"up":{"uv":[14,2,16,4],"texture":"#2"},"down":{"uv":[14,2,16,4],"texture":"#2"}}}],"gui_light":"front","display":{"thirdperson_righthand":{"rotation":[0,90,0],"translation":[0,6.5,1.5],"scale":[0.93789,0.93789,0.93789]},"thirdperson_lefthand":{"rotation":[0,-90,0],"translation":[0,6.5,1.5],"scale":[0.93789,0.93789,0.93789]},"firstperson_righthand":{"rotation":[6.25,90,0],"translation":[4.25,5,0],"scale":[0.59961,0.5957,0.59961]},"firstperson_lefthand":{"rotation":[6.25,-90,0],"translation":[4.25,5,0],"scale":[0.59961,0.5957,0.59961]},"ground":{"rotation":[0,0,-45],"translation":[0,9,0],"scale":[0.6,0.6,0.6]},"gui":{"rotation":[-180,0,135],"translation":[-0.25,0.5,0],"scale":[0.61719,0.61719,0.61719]},"head":{"scale":[0,0,0]},"fixed":{"translation":[0,0,-2],"scale":[1.9,1.9,1.9]}}}