{"credit":"by w11shes","texture_size":[8,8],"textures":{"0":"elitecreatures:archangel_weapon_assortment/archangel_wings","1":"elitecreatures:archangel_weapon_assortment/archangel_particle","particle":"elitecreatures:archangel_weapon_assortment/archangel_wings"},"elements":[{"from":[0.69081,-1.87721,2.6],"to":[6.99081,4.42279,7.1],"rotation":{"angle":-22.5,"axis":"z","origin":[3.5,5.43198,8]},"faces":{"north":{"uv":[7.25,0,5.5,1.75],"rotation":90,"texture":"#0"},"east":{"uv":[6.75,4.75,8.5,6],"rotation":270,"texture":"#0"},"south":{"uv":[7.25,1.75,5.5,3.5],"rotation":270,"texture":"#0"},"west":{"uv":[6.75,4.75,8.5,3.5],"rotation":270,"texture":"#0"},"up":{"uv":[6.75,5.25,5.5,7],"rotation":270,"texture":"#0"},"down":{"uv":[6.75,3.5,5.5,5.25],"rotation":270,"texture":"#0"}}},{"from":[1.00552,2.86522,3.5],"to":[6.40552,6.46522,6.2],"rotation":{"angle":45,"axis":"z","origin":[3.5,5.43198,8]},"faces":{"north":{"uv":[6.75,6,8.25,7],"texture":"#0"},"east":{"uv":[8,1,7.25,2],"texture":"#0"},"south":{"uv":[8.25,6,6.75,7],"texture":"#0"},"up":{"uv":[1.5,7.75,3,7],"texture":"#0"},"down":{"uv":[3,7,4.5,7.75],"texture":"#0"}}},{"from":[-4.39448,0.79873,3.5],"to":[1.00552,4.39873,6.2],"rotation":{"angle":0,"axis":"y","origin":[3.5,5.43198,8]},"faces":{"north":{"uv":[0,7,1.5,8],"texture":"#0"},"south":{"uv":[1.5,7,0,8],"texture":"#0"},"west":{"uv":[8,2,7.25,3],"texture":"#0"},"up":{"uv":[4.5,7.75,6,7],"texture":"#0"},"down":{"uv":[6,7,7.5,7.75],"texture":"#0"}}},{"from":[-13.84448,-13.60127,4.85],"to":[5.05552,11.59873,4.895],"rotation":{"angle":0,"axis":"y","origin":[3.5,5.43198,8]},"faces":{"north":{"uv":[0.25,0,5.5,7],"texture":"#0"},"south":{"uv":[5.5,0,0.25,7],"texture":"#0"}}},{"from":[10.94448,-13.60127,4.85],"to":[29.84448,11.59873,4.895],"rotation":{"angle":0,"axis":"y","origin":[12.5,5.43198,8]},"faces":{"north":{"uv":[5.5,0,0.25,7],"texture":"#0"},"south":{"uv":[0.25,0,5.5,7],"texture":"#0"}}},{"from":[14.99448,0.79873,3.5],"to":[20.39448,4.39873,6.2],"rotation":{"angle":0,"axis":"y","origin":[12.5,5.43198,8]},"faces":{"north":{"uv":[1.5,7,0,8],"texture":"#0"},"east":{"uv":[7.25,2,8,3],"texture":"#0"},"south":{"uv":[0,7,1.5,8],"texture":"#0"},"up":{"uv":[6,7.75,4.5,7],"texture":"#0"},"down":{"uv":[7.5,7,6,7.75],"texture":"#0"}}},{"from":[9.59448,2.86522,3.5],"to":[14.99448,6.46522,6.2],"rotation":{"angle":-45,"axis":"z","origin":[12.5,5.43198,8]},"faces":{"north":{"uv":[8.25,6,6.75,7],"texture":"#0"},"south":{"uv":[6.75,6,8.25,7],"texture":"#0"},"west":{"uv":[7.25,1,8,2],"texture":"#0"},"up":{"uv":[3,7.75,1.5,7],"texture":"#0"},"down":{"uv":[4.5,7,3,7.75],"texture":"#0"}}},{"from":[9.00919,-1.87721,2.6],"to":[15.30919,4.42279,7.1],"rotation":{"angle":22.5,"axis":"z","origin":[12.5,5.43198,8]},"faces":{"north":{"uv":[7.25,1.75,5.5,0],"rotation":90,"texture":"#0"},"east":{"uv":[6.75,3.5,8.5,4.75],"rotation":270,"texture":"#0"},"south":{"uv":[7.25,3.5,5.5,1.75],"rotation":270,"texture":"#0"},"west":{"uv":[6.75,6,8.5,4.75],"rotation":270,"texture":"#0"},"up":{"uv":[6.75,7,5.5,5.25],"rotation":270,"texture":"#0"},"down":{"uv":[6.75,5.25,5.5,3.5],"rotation":270,"texture":"#0"}}},{"from":[21.43484,2.8638,7.1],"to":[15.13484,-3.4362,6.218],"rotation":{"angle":22.5,"axis":"z","origin":[11.64403,-10.74539,13.4]},"faces":{"north":{"uv":[5.5,3.5,7.25,1.75],"rotation":270,"texture":"#0"},"east":{"uv":[8.5,6,6.75,5.75],"rotation":270,"texture":"#0"},"south":{"uv":[8,1.75,9.75,0],"rotation":90,"texture":"#0"},"west":{"uv":[8.5,3.5,6.75,3.75],"rotation":270,"texture":"#0"},"up":{"uv":[5.75,3.5,5.5,5.25],"rotation":270,"texture":"#0"},"down":{"uv":[5.75,5.25,5.5,7],"rotation":270,"texture":"#0"}}},{"from":[0.86516,2.8638,7.1],"to":[-5.43484,-3.4362,6.218],"rotation":{"angle":-22.5,"axis":"z","origin":[4.35597,-10.74539,13.4]},"faces":{"north":{"uv":[5.5,1.75,7.25,3.5],"rotation":270,"texture":"#0"},"east":{"uv":[8.5,3.75,6.75,3.5],"rotation":270,"texture":"#0"},"south":{"uv":[8,0,9.75,1.75],"rotation":90,"texture":"#0"},"west":{"uv":[8.5,5.75,6.75,6],"rotation":270,"texture":"#0"},"up":{"uv":[5.75,5.25,5.5,3.5],"rotation":270,"texture":"#0"},"down":{"uv":[5.75,7,5.5,5.25],"rotation":270,"texture":"#0"}}},{"from":[-0.505,-0.135,8.405],"to":[0.035,0.405,8.945],"shade":false,"rotation":{"angle":0,"axis":"y","origin":[8.9,10.8,25.1]},"faces":{"north":{"uv":[0,14,2,16],"texture":"#1"},"east":{"uv":[0,14,2,16],"texture":"#1"},"south":{"uv":[0,14,2,16],"texture":"#1"},"west":{"uv":[0,14,2,16],"texture":"#1"},"up":{"uv":[0,14,2,16],"texture":"#1"},"down":{"uv":[0,14,2,16],"texture":"#1"}}},{"from":[0.26,0.63,9.17],"to":[-0.73,-0.36,8.18],"shade":false,"rotation":{"angle":0,"axis":"y","origin":[8.9,10.8,25.1]},"faces":{"north":{"uv":[2,14,4,16],"texture":"#1"},"east":{"uv":[2,14,4,16],"texture":"#1"},"south":{"uv":[2,14,4,16],"texture":"#1"},"west":{"uv":[2,14,4,16],"texture":"#1"},"up":{"uv":[2,14,4,16],"texture":"#1"},"down":{"uv":[2,14,4,16],"texture":"#1"}}},{"from":[-0.55508,0.44446,8.36],"to":[0.07492,1.07446,8.99],"shade":false,"rotation":{"angle":0,"axis":"y","origin":[8.9,10.8,25.1]},"faces":{"north":{"uv":[0,12,2,14],"texture":"#1"},"east":{"uv":[0,12,2,14],"texture":"#1"},"south":{"uv":[0,12,2,14],"texture":"#1"},"west":{"uv":[0,12,2,14],"texture":"#1"},"up":{"uv":[0,12,2,14],"texture":"#1"},"down":{"uv":[0,12,2,14],"texture":"#1"}}},{"from":[0.34492,1.34446,9.26],"to":[-0.82508,0.17446,8.09],"shade":false,"rotation":{"angle":0,"axis":"y","origin":[8.9,10.8,25.1]},"faces":{"north":{"uv":[2,12,4,14],"texture":"#1"},"east":{"uv":[2,12,4,14],"texture":"#1"},"south":{"uv":[2,12,4,14],"texture":"#1"},"west":{"uv":[2,12,4,14],"texture":"#1"},"up":{"uv":[2,12,4,14],"texture":"#1"},"down":{"uv":[2,12,4,14],"texture":"#1"}}},{"from":[-0.69203,1.125,8.225],"to":[0.20797,2.025,9.125],"shade":false,"rotation":{"angle":0,"axis":"y","origin":[8.9,10.8,25.1]},"faces":{"north":{"uv":[0,10,2,12],"texture":"#1"},"east":{"uv":[0,10,2,12],"texture":"#1"},"south":{"uv":[0,10,2,12],"texture":"#1"},"west":{"uv":[0,10,2,12],"texture":"#1"},"up":{"uv":[0,10,2,12],"texture":"#1"},"down":{"uv":[0,10,2,12],"texture":"#1"}}},{"from":[0.43297,2.25,9.35],"to":[-0.91703,0.9,8],"shade":false,"rotation":{"angle":0,"axis":"y","origin":[8.9,10.8,25.1]},"faces":{"north":{"uv":[2,10,4,12],"texture":"#1"},"east":{"uv":[2,10,4,12],"texture":"#1"},"south":{"uv":[2,10,4,12],"texture":"#1"},"west":{"uv":[2,10,4,12],"texture":"#1"},"up":{"uv":[2,10,4,12],"texture":"#1"},"down":{"uv":[2,10,4,12],"texture":"#1"}}},{"from":[-0.68799,2.16,8.225],"to":[0.21201,3.06,9.125],"shade":false,"rotation":{"angle":0,"axis":"y","origin":[8.9,10.8,25.1]},"faces":{"north":{"uv":[0,8,2,10],"rotation":90,"texture":"#1"},"east":{"uv":[0,8,2,10],"rotation":270,"texture":"#1"},"south":{"uv":[0,8,2,10],"rotation":270,"texture":"#1"},"west":{"uv":[0,8,2,10],"rotation":270,"texture":"#1"},"up":{"uv":[0,8,2,10],"rotation":270,"texture":"#1"},"down":{"uv":[0,8,2,10],"rotation":270,"texture":"#1"}}},{"from":[0.43701,3.2913,9.35],"to":[-0.91299,1.9413,8],"shade":false,"rotation":{"angle":0,"axis":"y","origin":[8.9,10.8,25.1]},"faces":{"north":{"uv":[2,8,4,10],"rotation":90,"texture":"#1"},"east":{"uv":[2,8,4,10],"rotation":270,"texture":"#1"},"south":{"uv":[2,8,4,10],"rotation":270,"texture":"#1"},"west":{"uv":[2,8,4,10],"rotation":270,"texture":"#1"},"up":{"uv":[2,8,4,10],"rotation":270,"texture":"#1"},"down":{"uv":[2,8,4,10],"rotation":270,"texture":"#1"}}},{"from":[-0.685,3.195,8.225],"to":[0.215,4.095,9.125],"shade":false,"rotation":{"angle":0,"axis":"y","origin":[8.9,10.8,25.1]},"faces":{"north":{"uv":[0,6,2,8],"texture":"#1"},"east":{"uv":[0,6,2,8],"texture":"#1"},"south":{"uv":[0,6,2,8],"texture":"#1"},"west":{"uv":[0,6,2,8],"texture":"#1"},"up":{"uv":[0,6,2,8],"texture":"#1"},"down":{"uv":[0,6,2,8],"texture":"#1"}}},{"from":[0.44,4.32,9.35],"to":[-0.91,2.97,8],"shade":false,"rotation":{"angle":0,"axis":"y","origin":[8.9,10.8,25.1]},"faces":{"north":{"uv":[2,6,4,8],"texture":"#1"},"east":{"uv":[2,6,4,8],"texture":"#1"},"south":{"uv":[2,6,4,8],"texture":"#1"},"west":{"uv":[2,6,4,8],"texture":"#1"},"up":{"uv":[2,6,4,8],"texture":"#1"},"down":{"uv":[2,6,4,8],"texture":"#1"}}},{"from":[-0.53372,4.17211,8.36],"to":[0.09628,4.80211,8.99],"shade":false,"rotation":{"angle":0,"axis":"y","origin":[8.9,10.8,25.1]},"faces":{"north":{"uv":[0,4,2,6],"texture":"#1"},"east":{"uv":[0,4,2,6],"texture":"#1"},"south":{"uv":[0,4,2,6],"texture":"#1"},"west":{"uv":[0,4,2,6],"texture":"#1"},"up":{"uv":[0,4,2,6],"texture":"#1"},"down":{"uv":[0,4,2,6],"texture":"#1"}}},{"from":[0.36628,5.07211,9.26],"to":[-0.80372,3.90211,8.09],"shade":false,"rotation":{"angle":0,"axis":"y","origin":[8.9,10.8,25.1]},"faces":{"north":{"uv":[2,4,4,6],"texture":"#1"},"east":{"uv":[2,4,4,6],"texture":"#1"},"south":{"uv":[2,4,4,6],"texture":"#1"},"west":{"uv":[2,4,4,6],"texture":"#1"},"up":{"uv":[2,4,4,6],"texture":"#1"},"down":{"uv":[2,4,4,6],"texture":"#1"}}},{"from":[-0.478,4.86,8.405],"to":[0.062,5.4,8.945],"shade":false,"rotation":{"angle":0,"axis":"y","origin":[8.9,10.8,25.1]},"faces":{"north":{"uv":[0,2,2,4],"texture":"#1"},"east":{"uv":[0,2,2,4],"texture":"#1"},"south":{"uv":[0,2,2,4],"texture":"#1"},"west":{"uv":[0,2,2,4],"texture":"#1"},"up":{"uv":[0,2,2,4],"texture":"#1"},"down":{"uv":[0,2,2,4],"texture":"#1"}}},{"from":[0.287,5.625,9.17],"to":[-0.703,4.635,8.18],"shade":false,"rotation":{"angle":0,"axis":"y","origin":[8.9,10.8,25.1]},"faces":{"north":{"uv":[2,2,4,4],"texture":"#1"},"east":{"uv":[2,2,4,4],"texture":"#1"},"south":{"uv":[2,2,4,4],"texture":"#1"},"west":{"uv":[2,2,4,4],"texture":"#1"},"up":{"uv":[2,2,4,4],"texture":"#1"},"down":{"uv":[2,2,4,4],"texture":"#1"}}},{"from":[3.995,2.565,8.405],"to":[4.535,3.105,8.945],"shade":false,"rotation":{"angle":0,"axis":"y","origin":[8.9,10.8,25.1]},"faces":{"north":{"uv":[4,14,6,16],"texture":"#1"},"east":{"uv":[4,14,6,16],"texture":"#1"},"south":{"uv":[4,14,6,16],"texture":"#1"},"west":{"uv":[4,14,6,16],"texture":"#1"},"up":{"uv":[4,14,6,16],"texture":"#1"},"down":{"uv":[4,14,6,16],"texture":"#1"}}},{"from":[4.76,3.33,9.17],"to":[3.77,2.34,8.18],"shade":false,"rotation":{"angle":0,"axis":"y","origin":[8.9,10.8,25.1]},"faces":{"north":{"uv":[6,14,8,16],"texture":"#1"},"east":{"uv":[6,14,8,16],"texture":"#1"},"south":{"uv":[6,14,8,16],"texture":"#1"},"west":{"uv":[6,14,8,16],"texture":"#1"},"up":{"uv":[6,14,8,16],"texture":"#1"},"down":{"uv":[6,14,8,16],"texture":"#1"}}},{"from":[3.94492,3.14446,8.36],"to":[4.57492,3.77446,8.99],"shade":false,"rotation":{"angle":0,"axis":"y","origin":[8.9,10.8,25.1]},"faces":{"north":{"uv":[4,12,6,14],"texture":"#1"},"east":{"uv":[4,12,6,14],"texture":"#1"},"south":{"uv":[4,12,6,14],"texture":"#1"},"west":{"uv":[4,12,6,14],"texture":"#1"},"up":{"uv":[4,12,6,14],"texture":"#1"},"down":{"uv":[4,12,6,14],"texture":"#1"}}},{"from":[4.84492,4.04446,9.26],"to":[3.67492,2.87446,8.09],"shade":false,"rotation":{"angle":0,"axis":"y","origin":[8.9,10.8,25.1]},"faces":{"north":{"uv":[6,12,8,14],"texture":"#1"},"east":{"uv":[6,12,8,14],"texture":"#1"},"south":{"uv":[6,12,8,14],"texture":"#1"},"west":{"uv":[6,12,8,14],"texture":"#1"},"up":{"uv":[6,12,8,14],"texture":"#1"},"down":{"uv":[6,12,8,14],"texture":"#1"}}},{"from":[3.80797,3.825,8.225],"to":[4.70797,4.725,9.125],"shade":false,"rotation":{"angle":0,"axis":"y","origin":[8.9,10.8,25.1]},"faces":{"north":{"uv":[4,10,6,12],"texture":"#1"},"east":{"uv":[4,10,6,12],"texture":"#1"},"south":{"uv":[4,10,6,12],"texture":"#1"},"west":{"uv":[4,10,6,12],"texture":"#1"},"up":{"uv":[4,10,6,12],"texture":"#1"},"down":{"uv":[4,10,6,12],"texture":"#1"}}},{"from":[4.93297,4.95,9.35],"to":[3.58297,3.6,8],"shade":false,"rotation":{"angle":0,"axis":"y","origin":[8.9,10.8,25.1]},"faces":{"north":{"uv":[6,10,8,12],"texture":"#1"},"east":{"uv":[6,10,8,12],"texture":"#1"},"south":{"uv":[6,10,8,12],"texture":"#1"},"west":{"uv":[6,10,8,12],"texture":"#1"},"up":{"uv":[6,10,8,12],"texture":"#1"},"down":{"uv":[6,10,8,12],"texture":"#1"}}},{"from":[3.81201,4.86,8.225],"to":[4.71201,5.76,9.125],"shade":false,"rotation":{"angle":0,"axis":"y","origin":[8.9,10.8,25.1]},"faces":{"north":{"uv":[4,8,6,10],"rotation":90,"texture":"#1"},"east":{"uv":[4,8,6,10],"rotation":270,"texture":"#1"},"south":{"uv":[4,8,6,10],"rotation":270,"texture":"#1"},"west":{"uv":[4,8,6,10],"rotation":270,"texture":"#1"},"up":{"uv":[4,8,6,10],"rotation":270,"texture":"#1"},"down":{"uv":[4,8,6,10],"rotation":270,"texture":"#1"}}},{"from":[4.93701,5.9913,9.35],"to":[3.58701,4.6413,8],"shade":false,"rotation":{"angle":0,"axis":"y","origin":[8.9,10.8,25.1]},"faces":{"north":{"uv":[6,8,8,10],"rotation":90,"texture":"#1"},"east":{"uv":[6,8,8,10],"rotation":270,"texture":"#1"},"south":{"uv":[6,8,8,10],"rotation":270,"texture":"#1"},"west":{"uv":[6,8,8,10],"rotation":270,"texture":"#1"},"up":{"uv":[6,8,8,10],"rotation":270,"texture":"#1"},"down":{"uv":[6,8,8,10],"rotation":270,"texture":"#1"}}},{"from":[3.815,5.895,8.225],"to":[4.715,6.795,9.125],"shade":false,"rotation":{"angle":0,"axis":"y","origin":[8.9,10.8,25.1]},"faces":{"north":{"uv":[4,6,6,8],"texture":"#1"},"east":{"uv":[4,6,6,8],"texture":"#1"},"south":{"uv":[4,6,6,8],"texture":"#1"},"west":{"uv":[4,6,6,8],"texture":"#1"},"up":{"uv":[4,6,6,8],"texture":"#1"},"down":{"uv":[4,6,6,8],"texture":"#1"}}},{"from":[4.94,7.02,9.35],"to":[3.59,5.67,8],"shade":false,"rotation":{"angle":0,"axis":"y","origin":[8.9,10.8,25.1]},"faces":{"north":{"uv":[6,6,8,8],"texture":"#1"},"east":{"uv":[6,6,8,8],"texture":"#1"},"south":{"uv":[6,6,8,8],"texture":"#1"},"west":{"uv":[6,6,8,8],"texture":"#1"},"up":{"uv":[6,6,8,8],"texture":"#1"},"down":{"uv":[6,6,8,8],"texture":"#1"}}},{"from":[3.96628,6.87211,8.36],"to":[4.59628,7.50211,8.99],"shade":false,"rotation":{"angle":0,"axis":"y","origin":[8.9,10.8,25.1]},"faces":{"north":{"uv":[4,4,6,6],"texture":"#1"},"east":{"uv":[4,4,6,6],"texture":"#1"},"south":{"uv":[4,4,6,6],"texture":"#1"},"west":{"uv":[4,4,6,6],"texture":"#1"},"up":{"uv":[4,4,6,6],"texture":"#1"},"down":{"uv":[4,4,6,6],"texture":"#1"}}},{"from":[4.86628,7.77211,9.26],"to":[3.69628,6.60211,8.09],"shade":false,"rotation":{"angle":0,"axis":"y","origin":[8.9,10.8,25.1]},"faces":{"north":{"uv":[6,4,8,6],"texture":"#1"},"east":{"uv":[6,4,8,6],"texture":"#1"},"south":{"uv":[6,4,8,6],"texture":"#1"},"west":{"uv":[6,4,8,6],"texture":"#1"},"up":{"uv":[6,4,8,6],"texture":"#1"},"down":{"uv":[6,4,8,6],"texture":"#1"}}},{"from":[4.022,7.56,8.405],"to":[4.562,8.1,8.945],"shade":false,"rotation":{"angle":0,"axis":"y","origin":[8.9,10.8,25.1]},"faces":{"north":{"uv":[4,2,6,4],"texture":"#1"},"east":{"uv":[4,2,6,4],"texture":"#1"},"south":{"uv":[4,2,6,4],"texture":"#1"},"west":{"uv":[4,2,6,4],"texture":"#1"},"up":{"uv":[4,2,6,4],"texture":"#1"},"down":{"uv":[4,2,6,4],"texture":"#1"}}},{"from":[4.787,8.325,9.17],"to":[3.797,7.335,8.18],"shade":false,"rotation":{"angle":0,"axis":"y","origin":[8.9,10.8,25.1]},"faces":{"north":{"uv":[6,2,8,4],"texture":"#1"},"east":{"uv":[6,2,8,4],"texture":"#1"},"south":{"uv":[6,2,8,4],"texture":"#1"},"west":{"uv":[6,2,8,4],"texture":"#1"},"up":{"uv":[6,2,8,4],"texture":"#1"},"down":{"uv":[6,2,8,4],"texture":"#1"}}},{"from":[12.095,2.565,8.405],"to":[12.635,3.105,8.945],"shade":false,"rotation":{"angle":0,"axis":"y","origin":[8.9,10.8,25.1]},"faces":{"north":{"uv":[8,14,10,16],"texture":"#1"},"east":{"uv":[8,14,10,16],"texture":"#1"},"south":{"uv":[8,14,10,16],"texture":"#1"},"west":{"uv":[8,14,10,16],"texture":"#1"},"up":{"uv":[8,14,10,16],"texture":"#1"},"down":{"uv":[8,14,10,16],"texture":"#1"}}},{"from":[12.86,3.33,9.17],"to":[11.87,2.34,8.18],"shade":false,"rotation":{"angle":0,"axis":"y","origin":[8.9,10.8,25.1]},"faces":{"north":{"uv":[10,14,12,16],"texture":"#1"},"east":{"uv":[10,14,12,16],"texture":"#1"},"south":{"uv":[10,14,12,16],"texture":"#1"},"west":{"uv":[10,14,12,16],"texture":"#1"},"up":{"uv":[10,14,12,16],"texture":"#1"},"down":{"uv":[10,14,12,16],"texture":"#1"}}},{"from":[12.04492,3.14446,8.36],"to":[12.67492,3.77446,8.99],"shade":false,"rotation":{"angle":0,"axis":"y","origin":[8.9,10.8,25.1]},"faces":{"north":{"uv":[8,12,10,14],"texture":"#1"},"east":{"uv":[8,12,10,14],"texture":"#1"},"south":{"uv":[8,12,10,14],"texture":"#1"},"west":{"uv":[8,12,10,14],"texture":"#1"},"up":{"uv":[8,12,10,14],"texture":"#1"},"down":{"uv":[8,12,10,14],"texture":"#1"}}},{"from":[12.94492,4.04446,9.26],"to":[11.77492,2.87446,8.09],"shade":false,"rotation":{"angle":0,"axis":"y","origin":[8.9,10.8,25.1]},"faces":{"north":{"uv":[10,12,12,14],"texture":"#1"},"east":{"uv":[10,12,12,14],"texture":"#1"},"south":{"uv":[10,12,12,14],"texture":"#1"},"west":{"uv":[10,12,12,14],"texture":"#1"},"up":{"uv":[10,12,12,14],"texture":"#1"},"down":{"uv":[10,12,12,14],"texture":"#1"}}},{"from":[11.90797,3.825,8.225],"to":[12.80797,4.725,9.125],"shade":false,"rotation":{"angle":0,"axis":"y","origin":[8.9,10.8,25.1]},"faces":{"north":{"uv":[8,10,10,12],"texture":"#1"},"east":{"uv":[8,10,10,12],"texture":"#1"},"south":{"uv":[8,10,10,12],"texture":"#1"},"west":{"uv":[8,10,10,12],"texture":"#1"},"up":{"uv":[8,10,10,12],"texture":"#1"},"down":{"uv":[8,10,10,12],"texture":"#1"}}},{"from":[13.03297,4.95,9.35],"to":[11.68297,3.6,8],"shade":false,"rotation":{"angle":0,"axis":"y","origin":[8.9,10.8,25.1]},"faces":{"north":{"uv":[10,10,12,12],"texture":"#1"},"east":{"uv":[10,10,12,12],"texture":"#1"},"south":{"uv":[10,10,12,12],"texture":"#1"},"west":{"uv":[10,10,12,12],"texture":"#1"},"up":{"uv":[10,10,12,12],"texture":"#1"},"down":{"uv":[10,10,12,12],"texture":"#1"}}},{"from":[11.91201,4.86,8.225],"to":[12.81201,5.76,9.125],"shade":false,"rotation":{"angle":0,"axis":"y","origin":[8.9,10.8,25.1]},"faces":{"north":{"uv":[8,8,10,10],"rotation":90,"texture":"#1"},"east":{"uv":[8,8,10,10],"rotation":270,"texture":"#1"},"south":{"uv":[8,8,10,10],"rotation":270,"texture":"#1"},"west":{"uv":[8,8,10,10],"rotation":270,"texture":"#1"},"up":{"uv":[8,8,10,10],"rotation":270,"texture":"#1"},"down":{"uv":[8,8,10,10],"rotation":270,"texture":"#1"}}},{"from":[13.03701,5.9913,9.35],"to":[11.68701,4.6413,8],"shade":false,"rotation":{"angle":0,"axis":"y","origin":[8.9,10.8,25.1]},"faces":{"north":{"uv":[10,8,12,10],"rotation":90,"texture":"#1"},"east":{"uv":[10,8,12,10],"rotation":270,"texture":"#1"},"south":{"uv":[10,8,12,10],"rotation":270,"texture":"#1"},"west":{"uv":[10,8,12,10],"rotation":270,"texture":"#1"},"up":{"uv":[10,8,12,10],"rotation":270,"texture":"#1"},"down":{"uv":[10,8,12,10],"rotation":270,"texture":"#1"}}},{"from":[11.915,5.895,8.225],"to":[12.815,6.795,9.125],"shade":false,"rotation":{"angle":0,"axis":"y","origin":[8.9,10.8,25.1]},"faces":{"north":{"uv":[8,6,10,8],"texture":"#1"},"east":{"uv":[8,6,10,8],"texture":"#1"},"south":{"uv":[8,6,10,8],"texture":"#1"},"west":{"uv":[8,6,10,8],"texture":"#1"},"up":{"uv":[8,6,10,8],"texture":"#1"},"down":{"uv":[8,6,10,8],"texture":"#1"}}},{"from":[13.04,7.02,9.35],"to":[11.69,5.67,8],"shade":false,"rotation":{"angle":0,"axis":"y","origin":[8.9,10.8,25.1]},"faces":{"north":{"uv":[10,6,12,8],"texture":"#1"},"east":{"uv":[10,6,12,8],"texture":"#1"},"south":{"uv":[10,6,12,8],"texture":"#1"},"west":{"uv":[10,6,12,8],"texture":"#1"},"up":{"uv":[10,6,12,8],"texture":"#1"},"down":{"uv":[10,6,12,8],"texture":"#1"}}},{"from":[12.06628,6.87211,8.36],"to":[12.69628,7.50211,8.99],"shade":false,"rotation":{"angle":0,"axis":"y","origin":[8.9,10.8,25.1]},"faces":{"north":{"uv":[8,4,10,6],"texture":"#1"},"east":{"uv":[8,4,10,6],"texture":"#1"},"south":{"uv":[8,4,10,6],"texture":"#1"},"west":{"uv":[8,4,10,6],"texture":"#1"},"up":{"uv":[8,4,10,6],"texture":"#1"},"down":{"uv":[8,4,10,6],"texture":"#1"}}},{"from":[12.96628,7.77211,9.26],"to":[11.79628,6.60211,8.09],"shade":false,"rotation":{"angle":0,"axis":"y","origin":[8.9,10.8,25.1]},"faces":{"north":{"uv":[10,4,12,6],"texture":"#1"},"east":{"uv":[10,4,12,6],"texture":"#1"},"south":{"uv":[10,4,12,6],"texture":"#1"},"west":{"uv":[10,4,12,6],"texture":"#1"},"up":{"uv":[10,4,12,6],"texture":"#1"},"down":{"uv":[10,4,12,6],"texture":"#1"}}},{"from":[12.122,7.56,8.405],"to":[12.662,8.1,8.945],"shade":false,"rotation":{"angle":0,"axis":"y","origin":[8.9,10.8,25.1]},"faces":{"north":{"uv":[8,2,10,4],"texture":"#1"},"east":{"uv":[8,2,10,4],"texture":"#1"},"south":{"uv":[8,2,10,4],"texture":"#1"},"west":{"uv":[8,2,10,4],"texture":"#1"},"up":{"uv":[8,2,10,4],"texture":"#1"},"down":{"uv":[8,2,10,4],"texture":"#1"}}},{"from":[12.887,8.325,9.17],"to":[11.897,7.335,8.18],"shade":false,"rotation":{"angle":0,"axis":"y","origin":[8.9,10.8,25.1]},"faces":{"north":{"uv":[10,2,12,4],"texture":"#1"},"east":{"uv":[10,2,12,4],"texture":"#1"},"south":{"uv":[10,2,12,4],"texture":"#1"},"west":{"uv":[10,2,12,4],"texture":"#1"},"up":{"uv":[10,2,12,4],"texture":"#1"},"down":{"uv":[10,2,12,4],"texture":"#1"}}},{"from":[15.695,-0.135,8.855],"to":[16.235,0.405,9.395],"shade":false,"rotation":{"angle":0,"axis":"y","origin":[8.9,10.8,25.1]},"faces":{"north":{"uv":[12,14,14,16],"texture":"#1"},"east":{"uv":[12,14,14,16],"texture":"#1"},"south":{"uv":[12,14,14,16],"texture":"#1"},"west":{"uv":[12,14,14,16],"texture":"#1"},"up":{"uv":[12,14,14,16],"texture":"#1"},"down":{"uv":[12,14,14,16],"texture":"#1"}}},{"from":[16.46,0.63,9.62],"to":[15.47,-0.36,8.63],"shade":false,"rotation":{"angle":0,"axis":"y","origin":[8.9,10.8,25.1]},"faces":{"north":{"uv":[14,14,16,16],"texture":"#1"},"east":{"uv":[14,14,16,16],"texture":"#1"},"south":{"uv":[14,14,16,16],"texture":"#1"},"west":{"uv":[14,14,16,16],"texture":"#1"},"up":{"uv":[14,14,16,16],"texture":"#1"},"down":{"uv":[14,14,16,16],"texture":"#1"}}},{"from":[15.64492,0.44446,8.81],"to":[16.27492,1.07446,9.44],"shade":false,"rotation":{"angle":0,"axis":"y","origin":[8.9,10.8,25.1]},"faces":{"north":{"uv":[12,12,14,14],"texture":"#1"},"east":{"uv":[12,12,14,14],"texture":"#1"},"south":{"uv":[12,12,14,14],"texture":"#1"},"west":{"uv":[12,12,14,14],"texture":"#1"},"up":{"uv":[12,12,14,14],"texture":"#1"},"down":{"uv":[12,12,14,14],"texture":"#1"}}},{"from":[16.54492,1.34446,9.71],"to":[15.37492,0.17446,8.54],"shade":false,"rotation":{"angle":0,"axis":"y","origin":[8.9,10.8,25.1]},"faces":{"north":{"uv":[14,12,16,14],"texture":"#1"},"east":{"uv":[14,12,16,14],"texture":"#1"},"south":{"uv":[14,12,16,14],"texture":"#1"},"west":{"uv":[14,12,16,14],"texture":"#1"},"up":{"uv":[14,12,16,14],"texture":"#1"},"down":{"uv":[14,12,16,14],"texture":"#1"}}},{"from":[15.50797,1.125,8.675],"to":[16.40797,2.025,9.575],"shade":false,"rotation":{"angle":0,"axis":"y","origin":[8.9,10.8,25.1]},"faces":{"north":{"uv":[12,10,14,12],"texture":"#1"},"east":{"uv":[12,10,14,12],"texture":"#1"},"south":{"uv":[12,10,14,12],"texture":"#1"},"west":{"uv":[12,10,14,12],"texture":"#1"},"up":{"uv":[12,10,14,12],"texture":"#1"},"down":{"uv":[12,10,14,12],"texture":"#1"}}},{"from":[16.63297,2.25,9.8],"to":[15.28297,0.9,8.45],"shade":false,"rotation":{"angle":0,"axis":"y","origin":[8.9,10.8,25.1]},"faces":{"north":{"uv":[14,10,16,12],"texture":"#1"},"east":{"uv":[14,10,16,12],"texture":"#1"},"south":{"uv":[14,10,16,12],"texture":"#1"},"west":{"uv":[14,10,16,12],"texture":"#1"},"up":{"uv":[14,10,16,12],"texture":"#1"},"down":{"uv":[14,10,16,12],"texture":"#1"}}},{"from":[15.51201,2.16,8.675],"to":[16.41201,3.06,9.575],"shade":false,"rotation":{"angle":0,"axis":"y","origin":[8.9,10.8,25.1]},"faces":{"north":{"uv":[12,8,14,10],"rotation":90,"texture":"#1"},"east":{"uv":[12,8,14,10],"rotation":270,"texture":"#1"},"south":{"uv":[12,8,14,10],"rotation":270,"texture":"#1"},"west":{"uv":[12,8,14,10],"rotation":270,"texture":"#1"},"up":{"uv":[12,8,14,10],"rotation":270,"texture":"#1"},"down":{"uv":[12,8,14,10],"rotation":270,"texture":"#1"}}},{"from":[16.63701,3.2913,9.8],"to":[15.28701,1.9413,8.45],"shade":false,"rotation":{"angle":0,"axis":"y","origin":[8.9,10.8,25.1]},"faces":{"north":{"uv":[14,8,16,10],"rotation":90,"texture":"#1"},"east":{"uv":[14,8,16,10],"rotation":270,"texture":"#1"},"south":{"uv":[14,8,16,10],"rotation":270,"texture":"#1"},"west":{"uv":[14,8,16,10],"rotation":270,"texture":"#1"},"up":{"uv":[14,8,16,10],"rotation":270,"texture":"#1"},"down":{"uv":[14,8,16,10],"rotation":270,"texture":"#1"}}},{"from":[15.515,3.195,8.675],"to":[16.415,4.095,9.575],"shade":false,"rotation":{"angle":0,"axis":"y","origin":[8.9,10.8,25.1]},"faces":{"north":{"uv":[12,6,14,8],"texture":"#1"},"east":{"uv":[12,6,14,8],"texture":"#1"},"south":{"uv":[12,6,14,8],"texture":"#1"},"west":{"uv":[12,6,14,8],"texture":"#1"},"up":{"uv":[12,6,14,8],"texture":"#1"},"down":{"uv":[12,6,14,8],"texture":"#1"}}},{"from":[16.64,4.32,9.8],"to":[15.29,2.97,8.45],"shade":false,"rotation":{"angle":0,"axis":"y","origin":[8.9,10.8,25.1]},"faces":{"north":{"uv":[14,6,16,8],"texture":"#1"},"east":{"uv":[14,6,16,8],"texture":"#1"},"south":{"uv":[14,6,16,8],"texture":"#1"},"west":{"uv":[14,6,16,8],"texture":"#1"},"up":{"uv":[14,6,16,8],"texture":"#1"},"down":{"uv":[14,6,16,8],"texture":"#1"}}},{"from":[15.66628,4.17211,8.81],"to":[16.29628,4.80211,9.44],"shade":false,"rotation":{"angle":0,"axis":"y","origin":[8.9,10.8,25.1]},"faces":{"north":{"uv":[12,4,14,6],"texture":"#1"},"east":{"uv":[12,4,14,6],"texture":"#1"},"south":{"uv":[12,4,14,6],"texture":"#1"},"west":{"uv":[12,4,14,6],"texture":"#1"},"up":{"uv":[12,4,14,6],"texture":"#1"},"down":{"uv":[12,4,14,6],"texture":"#1"}}},{"from":[16.56628,5.07211,9.71],"to":[15.39628,3.90211,8.54],"shade":false,"rotation":{"angle":0,"axis":"y","origin":[8.9,10.8,25.1]},"faces":{"north":{"uv":[14,4,16,6],"texture":"#1"},"east":{"uv":[14,4,16,6],"texture":"#1"},"south":{"uv":[14,4,16,6],"texture":"#1"},"west":{"uv":[14,4,16,6],"texture":"#1"},"up":{"uv":[14,4,16,6],"texture":"#1"},"down":{"uv":[14,4,16,6],"texture":"#1"}}},{"from":[15.722,4.86,8.855],"to":[16.262,5.4,9.395],"shade":false,"rotation":{"angle":0,"axis":"y","origin":[8.9,10.8,25.1]},"faces":{"north":{"uv":[12,2,14,4],"texture":"#1"},"east":{"uv":[12,2,14,4],"texture":"#1"},"south":{"uv":[12,2,14,4],"texture":"#1"},"west":{"uv":[12,2,14,4],"texture":"#1"},"up":{"uv":[12,2,14,4],"texture":"#1"},"down":{"uv":[12,2,14,4],"texture":"#1"}}},{"from":[16.487,5.625,9.62],"to":[15.497,4.635,8.63],"shade":false,"rotation":{"angle":0,"axis":"y","origin":[8.9,10.8,25.1]},"faces":{"north":{"uv":[14,2,16,4],"texture":"#1"},"east":{"uv":[14,2,16,4],"texture":"#1"},"south":{"uv":[14,2,16,4],"texture":"#1"},"west":{"uv":[14,2,16,4],"texture":"#1"},"up":{"uv":[14,2,16,4],"texture":"#1"},"down":{"uv":[14,2,16,4],"texture":"#1"}}}],"gui_light":"front","display":{"thirdperson_righthand":{"rotation":[67.5,0,0],"translation":[0,0.25,1.25],"scale":[0.21875,0.21875,0.21875]},"thirdperson_lefthand":{"rotation":[67.5,0,0],"translation":[-6,-3,16.75],"scale":[0.73828,0.74414,0.73828]},"firstperson_righthand":{"translation":[5,5,0],"scale":[0.375,0.375,0.375]},"firstperson_lefthand":{"scale":[0,0,0]},"ground":{"translation":[0,9,0],"scale":[0.35,0.35,0.35]},"gui":{"translation":[0,2.75,0],"scale":[0.34766,0.34766,0.34766]},"head":{"translation":[0,-3.25,10],"scale":[1.26953,1.26953,1.26953]},"fixed":{"translation":[0,11.25,1.75],"scale":[2,2,2]}}}