{"credit":"Made by PolygonMC","texture_size":[8,8],"textures":{"1":"lunardragonset:axe","2":"lunardragonset:animations/animations_1","3":"lunardragonset:animations/animations_2","particle":"lunardragonset:axe"},"elements":[{"from":[7.5,0.25,7.5],"to":[8.5,2,8.5],"rotation":{"angle":45,"axis":"y","origin":[8,2.75,8]},"faces":{"north":{"uv":[0.33333,9,1,10.33333],"texture":"#1"},"east":{"uv":[1,9,1.66667,10.33333],"texture":"#1"},"south":{"uv":[1.66667,9,2.33333,10.33333],"texture":"#1"},"west":{"uv":[9,1.66667,9.66667,3],"texture":"#1"},"up":{"uv":[7.66667,6.33333,7,5.66667],"texture":"#1"},"down":{"uv":[11,0.33333,10.33333,1],"texture":"#1"}}},{"from":[7.6,2,7.6],"to":[8.4,3.5,8.4],"rotation":{"angle":45,"axis":"y","origin":[8,2.75,8]},"faces":{"north":{"uv":[2.33333,9.66667,3,10.66667],"texture":"#1"},"east":{"uv":[5,9.66667,5.66667,10.66667],"texture":"#1"},"south":{"uv":[9.66667,5,10.33333,6],"texture":"#1"},"west":{"uv":[5.66667,9.66667,6.33333,10.66667],"texture":"#1"}}},{"from":[7.4,1.1,7.4],"to":[8.6,1.6,8.6],"rotation":{"angle":45,"axis":"y","origin":[8,2.85,8]},"faces":{"north":{"uv":[3.66667,11,4.33333,11.33333],"texture":"#1"},"east":{"uv":[11,3.66667,11.66667,4],"texture":"#1"},"south":{"uv":[4.33333,11,5,11.33333],"texture":"#1"},"west":{"uv":[11,4.33333,11.66667,4.66667],"texture":"#1"},"up":{"uv":[1.66667,11,1,10.33333],"texture":"#1"},"down":{"uv":[11,1,10.33333,1.66667],"texture":"#1"}}},{"from":[7.5,3.5,7.5],"to":[8.5,5.5,8.5],"rotation":{"angle":45,"axis":"y","origin":[8,2.75,8]},"faces":{"north":{"uv":[9,3,9.66667,4.33333],"texture":"#1"},"east":{"uv":[9,4.33333,9.66667,5.66667],"texture":"#1"},"south":{"uv":[9,5.66667,9.66667,7],"texture":"#1"},"west":{"uv":[8.33333,9,9,10.33333],"texture":"#1"},"up":{"uv":[2.33333,11,1.66667,10.33333],"texture":"#1"},"down":{"uv":[11,1.66667,10.33333,2.33333],"texture":"#1"}}},{"from":[7.4,4,7.4],"to":[8.6,4.5,8.6],"rotation":{"angle":45,"axis":"y","origin":[8,2.75,8]},"faces":{"north":{"uv":[5,11,5.66667,11.33333],"texture":"#1"},"east":{"uv":[11,5,11.66667,5.33333],"texture":"#1"},"south":{"uv":[5.66667,11,6.33333,11.33333],"texture":"#1"},"west":{"uv":[11,5.66667,11.66667,6],"texture":"#1"},"up":{"uv":[11,3,10.33333,2.33333],"texture":"#1"},"down":{"uv":[3.66667,10.33333,3,11],"texture":"#1"}}},{"from":[7.265,-0.62021,8],"to":[8.735,0.54979,9.17],"rotation":{"angle":-45,"axis":"x","origin":[7.415,-0.62021,8]},"faces":{"north":{"uv":[6.33333,9.66667,7.33333,10.33333],"texture":"#1"},"east":{"uv":[3.66667,10.33333,4.33333,11],"texture":"#1"},"south":{"uv":[9.66667,6.33333,10.66667,7],"texture":"#1"},"west":{"uv":[4.33333,10.33333,5,11],"texture":"#1"},"up":{"uv":[10.66667,8.33333,9.66667,7.66667],"texture":"#1"},"down":{"uv":[10.66667,8.33333,9.66667,9],"texture":"#1"}}},{"from":[7,11.65,7],"to":[9,13.65,9],"rotation":{"angle":45,"axis":"x","origin":[8,12.65,8]},"faces":{"north":{"uv":[5.66667,0.33333,7,1.66667],"texture":"#1"},"east":{"uv":[5.66667,1.66667,7,3],"texture":"#1"},"south":{"uv":[5.66667,3,7,4.33333],"texture":"#1"},"west":{"uv":[0.33333,6.33333,1.66667,7.66667],"texture":"#1"},"up":{"uv":[3,7.66667,1.66667,6.33333],"texture":"#1"},"down":{"uv":[6.33333,6.33333,5,7.66667],"texture":"#1"}}},{"from":[6.75,11.9,7.25],"to":[9.25,13.4,8.75],"rotation":{"angle":45,"axis":"x","origin":[8,12.65,8]},"faces":{"north":{"uv":[7,1.66667,8.66667,2.66667],"texture":"#1"},"east":{"uv":[8.33333,0.33333,9.33333,1.33333],"texture":"#1"},"south":{"uv":[7,3,8.66667,4],"texture":"#1"},"west":{"uv":[8.33333,7.66667,9.33333,8.66667],"texture":"#1"},"up":{"uv":[8.66667,5.33333,7,4.33333],"texture":"#1"},"down":{"uv":[2,7.66667,0.33333,8.66667],"texture":"#1"}}},{"from":[8,11.94289,10.66421],"to":[9,12.94289,11.66421],"rotation":{"angle":45,"axis":"z","origin":[8,11.94289,11.66421]},"faces":{"north":{"uv":[10.33333,9,11,9.66667],"texture":"#1"},"east":{"uv":[10.33333,9.66667,11,10.33333],"texture":"#1"},"south":{"uv":[10.33333,10.33333,11,11],"texture":"#1"},"west":{"uv":[11,0.33333,11.66667,1],"texture":"#1"},"up":{"uv":[1.66667,11.66667,1,11],"texture":"#1"},"down":{"uv":[11.66667,1,11,1.66667],"texture":"#1"}}},{"from":[8.1,12.04289,8.66421],"to":[8.9,12.84289,10.66421],"rotation":{"angle":45,"axis":"z","origin":[8,11.94289,9.66421]},"faces":{"east":{"uv":[9,7,10.33333,7.66667],"texture":"#1"},"west":{"uv":[9,9,10.33333,9.66667],"texture":"#1"},"up":{"uv":[10.33333,1.66667,9.66667,0.33333],"texture":"#1"},"down":{"uv":[10.33333,1.66667,9.66667,3],"texture":"#1"}}},{"from":[7.08934,5.5,8.15],"to":[8.28934,8,9.35],"rotation":{"angle":45,"axis":"y","origin":[6.93934,1.5,8]},"faces":{"north":{"uv":[5,7.66667,5.66667,9.33333],"texture":"#1"},"east":{"uv":[5.66667,7.66667,6.33333,9.33333],"texture":"#1"},"south":{"uv":[7.66667,5.66667,8.33333,7.33333],"texture":"#1"},"west":{"uv":[6.33333,7.66667,7,9.33333],"texture":"#1"},"up":{"uv":[2.33333,11.66667,1.66667,11],"texture":"#1"},"down":{"uv":[11.66667,1.66667,11,2.33333],"texture":"#1"}}},{"from":[7.18934,9.5,8.25],"to":[8.18934,12,9.25],"rotation":{"angle":45,"axis":"y","origin":[6.93934,9.5,8]},"faces":{"north":{"uv":[7,7.66667,7.66667,9.33333],"texture":"#1"},"east":{"uv":[7.66667,7.66667,8.33333,9.33333],"texture":"#1"},"south":{"uv":[3,8.33333,3.66667,10],"texture":"#1"},"west":{"uv":[8.33333,5.66667,9,7.33333],"texture":"#1"},"up":{"uv":[3,11.66667,2.33333,11],"texture":"#1"},"down":{"uv":[11.66667,2.33333,11,3],"texture":"#1"}}},{"from":[7.6,8,7.6],"to":[8.4,9.5,8.4],"rotation":{"angle":45,"axis":"y","origin":[8,5.25,8]},"faces":{"north":{"uv":[7.66667,9.66667,8.33333,10.66667],"texture":"#1"},"east":{"uv":[9,9.66667,9.66667,10.66667],"texture":"#1"},"south":{"uv":[9.66667,9.66667,10.33333,10.66667],"texture":"#1"},"west":{"uv":[0.33333,10.33333,1,11.33333],"texture":"#1"}}},{"from":[7,9.525,10.15],"to":[9,10.525,12.15],"rotation":{"angle":-45,"axis":"y","origin":[8,10.025,11.15]},"faces":{"north":{"uv":[9.66667,3,11,3.66667],"texture":"#1"},"east":{"uv":[3.66667,9.66667,5,10.33333],"texture":"#1"},"south":{"uv":[9.66667,3.66667,11,4.33333],"texture":"#1"},"west":{"uv":[9.66667,4.33333,11,5],"texture":"#1"},"up":{"uv":[7.66667,7.66667,6.33333,6.33333],"texture":"#1"},"down":{"uv":[8.33333,0.33333,7,1.66667],"texture":"#1"}}},{"from":[7.5,10.525,10.65],"to":[8.5,11.025,11.65],"rotation":{"angle":-45,"axis":"y","origin":[8,10.025,11.15]},"faces":{"north":{"uv":[6.33333,11,7,11.33333],"texture":"#1"},"east":{"uv":[11,6.33333,11.66667,6.66667],"texture":"#1"},"south":{"uv":[7,11,7.66667,11.33333],"texture":"#1"},"west":{"uv":[11,7,11.66667,7.33333],"texture":"#1"},"up":{"uv":[3.66667,11.66667,3,11],"texture":"#1"}}},{"from":[7.5,9.025,10.65],"to":[8.5,9.525,11.65],"rotation":{"angle":-45,"axis":"y","origin":[8,9.275,11.15]},"faces":{"north":{"uv":[7.66667,11,8.33333,11.33333],"texture":"#1"},"east":{"uv":[11,7.66667,11.66667,8],"texture":"#1"},"south":{"uv":[8.33333,11,9,11.33333],"texture":"#1"},"west":{"uv":[11,8.33333,11.66667,8.66667],"texture":"#1"},"down":{"uv":[11.66667,3,11,3.66667],"texture":"#1"}}},{"from":[8,7.21789,10.4125],"to":[8.03,11.96789,11.9125],"rotation":{"angle":0,"axis":"y","origin":[8.015,9.59289,2.8375]},"faces":{"east":{"uv":[3,0,0,10],"texture":"#2"},"west":{"uv":[0,0,3,10],"texture":"#2"}}},{"from":[7.985,-2.75,8.75],"to":[8.015,-0.5,11],"rotation":{"angle":-45,"axis":"x","origin":[7.985,-3.5,8]},"faces":{"east":{"uv":[6.66667,4.33333,5,6],"texture":"#1"},"west":{"uv":[5,4.33333,6.66667,6],"texture":"#1"}}},{"from":[7.5,11.15,4.96447],"to":[8.5,14.15,7.96447],"rotation":{"angle":45,"axis":"x","origin":[8,12.65,6.46447]},"faces":{"north":{"uv":[3,6.33333,3.66667,8.33333],"texture":"#1"},"east":{"uv":[3.66667,0.33333,5.66667,2.33333],"texture":"#1"},"south":{"uv":[2.33333,7.66667,3,9.66667],"texture":"#1"},"west":{"uv":[3.66667,2.33333,5.66667,4.33333],"texture":"#1"},"up":{"uv":[4.33333,9.66667,3.66667,7.66667],"texture":"#1"},"down":{"uv":[5,7.66667,4.33333,9.66667],"texture":"#1"}}},{"from":[7.985,8.15,1.5],"to":[8.015,17.15,6.5],"rotation":{"angle":0,"axis":"y","origin":[7.985,9.15,2.5]},"faces":{"east":{"uv":[3.33333,0,0,6],"texture":"#1"},"west":{"uv":[0,0,3.33333,6],"texture":"#1"}}},{"from":[6.5,8.65,4],"to":[6.5,16.65,12],"faces":{"west":{"uv":[0,0,16,16],"texture":"#3"}}},{"from":[9.5,8.65,4],"to":[9.5,16.65,12],"rotation":{"angle":0,"axis":"y","origin":[16,0,0]},"faces":{"east":{"uv":[16,0,0,16],"texture":"#3"}}}],"gui_light":"front","display":{"thirdperson_righthand":{"translation":[0,3,1]},"thirdperson_lefthand":{"translation":[0,3,1]},"firstperson_righthand":{"rotation":[-10,0,0],"translation":[0,4.5,0]},"firstperson_lefthand":{"rotation":[-10,0,0],"translation":[0,4.5,0]},"ground":{"rotation":[-45,0,0],"translation":[0,5,0],"scale":[0.7,0.7,0.7]},"gui":{"rotation":[-90,45,90],"translation":[1,0.5,0],"scale":[0.9,0.9,0.9]},"head":{"rotation":[0,-90,0]},"fixed":{"rotation":[0,-90,0],"translation":[0,0,-1.75],"scale":[2,2,2]}}}