{"credit":"Made by PolygonMC","texture_size":[32,32],"textures":{"2":"lunardragonset:animations/animations_1","3":"lunardragonset:animations/animations_2","5":"lunardragonset:hammer"},"elements":[{"from":[5.5,19.025,-0.5],"to":[10.5,24.025,3.5],"rotation":{"angle":-45,"axis":"z","origin":[8,21.525,2]},"faces":{"north":{"uv":[3,0,5.5,2.5],"texture":"#5"},"east":{"uv":[3,5,5,7.5],"texture":"#5"},"south":{"uv":[3,2.5,5.5,5],"texture":"#5"},"west":{"uv":[5,5,7,7.5],"texture":"#5"},"up":{"uv":[8,2,5.5,0],"texture":"#5"},"down":{"uv":[8,2,5.5,4],"texture":"#5"}}},{"from":[6,19.525,4.5],"to":[10,23.525,7],"rotation":{"angle":-45,"axis":"z","origin":[8,21.525,6.5]},"faces":{"north":{"uv":[7,6,9,8],"texture":"#5"},"east":{"uv":[0,10,1.25,12],"texture":"#5"},"south":{"uv":[2,7.5,4,9.5],"texture":"#5"},"west":{"uv":[4,10,5.25,12],"texture":"#5"},"up":{"uv":[7.5,11.25,5.5,10],"texture":"#5"},"down":{"uv":[12.5,5,10.5,6.25],"texture":"#5"}}},{"from":[6,19.525,2.5],"to":[10,23.525,5.5],"rotation":{"angle":0,"axis":"z","origin":[8,21.275,5.5]},"faces":{"north":{"uv":[0,6,2,8],"texture":"#5"},"east":{"uv":[9,5,10.5,7],"texture":"#5"},"south":{"uv":[7,4,9,6],"texture":"#5"},"west":{"uv":[7.5,9,9,11],"texture":"#5"},"up":{"uv":[11,10.5,9,9],"texture":"#5"},"down":{"uv":[4,9.5,2,11],"texture":"#5"}}},{"from":[5,18.525,0.5],"to":[11,24.525,1.5],"rotation":{"angle":-45,"axis":"z","origin":[8,21.525,2]},"faces":{"north":{"uv":[0,0,3,3],"texture":"#5"},"east":{"uv":[1.5,10,2,13],"texture":"#5"},"south":{"uv":[0,3,3,6],"texture":"#5"},"west":{"uv":[10.5,10.5,11,13.5],"texture":"#5"},"up":{"uv":[7,8,4,7.5],"texture":"#5"},"down":{"uv":[14,8,11,8.5],"texture":"#5"}}},{"from":[4.5,20.525,0],"to":[11.5,22.525,2],"rotation":{"angle":-45,"axis":"z","origin":[8,21.525,2]},"faces":{"north":{"uv":[8,0,11.5,1],"texture":"#5"},"east":{"uv":[5.5,4,6.5,5],"texture":"#5"},"south":{"uv":[8,1,11.5,2],"texture":"#5"},"west":{"uv":[2,6,3,7],"texture":"#5"},"up":{"uv":[11.5,3,8,2],"texture":"#5"},"down":{"uv":[11.5,3,8,4],"texture":"#5"}}},{"from":[4.5,20.525,0],"to":[11.5,22.525,2],"rotation":{"angle":45,"axis":"z","origin":[8,21.525,1]},"faces":{"north":{"uv":[4,8,7.5,9],"texture":"#5"},"east":{"uv":[9,7,10,8],"texture":"#5"},"south":{"uv":[7.5,8,11,9],"texture":"#5"},"west":{"uv":[2,11,3,12],"texture":"#5"},"up":{"uv":[7.5,10,4,9],"texture":"#5"},"down":{"uv":[12.5,4,9,5],"texture":"#5"}}},{"from":[6.25,19.775,-1],"to":[9.75,23.275,-0.5],"rotation":{"angle":-45,"axis":"z","origin":[8,21.525,-2]},"faces":{"north":{"uv":[0,8,1.75,9.75],"texture":"#5"},"east":{"uv":[8.5,12.5,8.75,14.25],"texture":"#5"},"west":{"uv":[12.5,9.5,12.75,11.25],"texture":"#5"},"up":{"uv":[14.25,11.75,12.5,11.5],"texture":"#5"},"down":{"uv":[14.25,12,12.5,12.25],"texture":"#5"}}},{"from":[7.5,0.25,7.5],"to":[8.5,2,8.5],"rotation":{"angle":45,"axis":"y","origin":[8,2.75,8]},"faces":{"north":{"uv":[6.5,4,7,5],"texture":"#5"},"east":{"uv":[10,7,10.5,8],"texture":"#5"},"south":{"uv":[12.5,5,13,6],"texture":"#5"},"west":{"uv":[5.5,12.5,6,13.5],"texture":"#5"},"up":{"uv":[13.5,8,13,7.5],"texture":"#5"},"down":{"uv":[0.5,13.5,0,14],"texture":"#5"}}},{"from":[7.6,2,7.6],"to":[8.4,3.5,8.4],"rotation":{"angle":45,"axis":"y","origin":[8,2.75,8]},"faces":{"north":{"uv":[12.5,12.5,13,13.25],"texture":"#5"},"east":{"uv":[13,0,13.5,0.75],"texture":"#5"},"south":{"uv":[1.5,13,2,13.75],"texture":"#5"},"west":{"uv":[13,3,13.5,3.75],"texture":"#5"}}},{"from":[7.6,12,7.6],"to":[8.4,14.5,8.4],"rotation":{"angle":45,"axis":"y","origin":[8,12.75,8]},"faces":{"north":{"uv":[8.5,11,9,12.25],"texture":"#5"},"east":{"uv":[7,11.5,7.5,12.75],"texture":"#5"},"south":{"uv":[1,12,1.5,13.25],"texture":"#5"},"west":{"uv":[2,12,2.5,13.25],"texture":"#5"}}},{"from":[7.4,1.1,7.4],"to":[8.6,1.6,8.6],"rotation":{"angle":45,"axis":"y","origin":[8,2.85,8]},"faces":{"north":{"uv":[13.5,9.5,14,9.75],"texture":"#5"},"east":{"uv":[10,13.5,10.5,13.75],"texture":"#5"},"south":{"uv":[13.5,10,14,10.25],"texture":"#5"},"west":{"uv":[10.5,13.5,11,13.75],"texture":"#5"},"up":{"uv":[14,0.5,13.5,0],"texture":"#5"},"down":{"uv":[1,13.5,0.5,14],"texture":"#5"}}},{"from":[7.5,3.5,7.5],"to":[8.5,5.5,8.5],"rotation":{"angle":45,"axis":"y","origin":[8,2.75,8]},"faces":{"north":{"uv":[6,12.5,6.5,13.5],"texture":"#5"},"east":{"uv":[12.5,6,13,7],"texture":"#5"},"south":{"uv":[6.5,12.5,7,13.5],"texture":"#5"},"west":{"uv":[12.5,7,13,8],"texture":"#5"},"down":{"uv":[14,0.5,13.5,1],"texture":"#5"}}},{"from":[7.4,4,7.4],"to":[8.6,4.5,8.6],"rotation":{"angle":45,"axis":"y","origin":[8,2.75,8]},"faces":{"north":{"uv":[13.5,10.5,14,10.75],"texture":"#5"},"east":{"uv":[13.5,11,14,11.25],"texture":"#5"},"south":{"uv":[12.5,13.5,13,13.75],"texture":"#5"},"west":{"uv":[13.5,12.5,14,12.75],"texture":"#5"},"up":{"uv":[1.5,14,1,13.5],"texture":"#5"},"down":{"uv":[14,1.5,13.5,2],"texture":"#5"}}},{"from":[7.265,-0.62021,8],"to":[8.735,0.54979,9.17],"rotation":{"angle":-45,"axis":"x","origin":[7.415,-0.62021,8]},"faces":{"north":{"uv":[13,1,13.75,1.5],"texture":"#5"},"east":{"uv":[2,13.5,2.5,14],"texture":"#5"},"south":{"uv":[13,5,13.75,5.5],"texture":"#5"},"west":{"uv":[13.5,2,14,2.5],"texture":"#5"},"up":{"uv":[13.75,6,13,5.5],"texture":"#5"},"down":{"uv":[13.75,6,13,6.5],"texture":"#5"}}},{"from":[8.19324,20.03074,7],"to":[10.19324,22.03074,9],"rotation":{"angle":45,"axis":"z","origin":[8,19.8375,8]},"faces":{"north":{"uv":[3,11,4,12],"texture":"#5"},"east":{"uv":[7.5,11,8.5,12],"texture":"#5"},"south":{"uv":[11,8.5,12,9.5],"texture":"#5"},"west":{"uv":[11,9.5,12,10.5],"texture":"#5"},"up":{"uv":[12,11.5,11,10.5],"texture":"#5"},"down":{"uv":[11.5,0,12.5,1],"texture":"#5"}}},{"from":[7.08934,5.5,8.15],"to":[8.28934,8,9.35],"rotation":{"angle":45,"axis":"y","origin":[6.93934,1.5,8]},"faces":{"north":{"uv":[2.5,12,3,13.25],"texture":"#5"},"east":{"uv":[3,12,3.5,13.25],"texture":"#5"},"south":{"uv":[3.5,12,4,13.25],"texture":"#5"},"west":{"uv":[4,12,4.5,13.25],"texture":"#5"},"up":{"uv":[3,14,2.5,13.5],"texture":"#5"},"down":{"uv":[14,2.5,13.5,3],"texture":"#5"}}},{"from":[7.08934,9.5,8.15],"to":[8.28934,12,9.35],"rotation":{"angle":45,"axis":"y","origin":[6.93934,9.5,8]},"faces":{"north":{"uv":[4.5,12,5,13.25],"texture":"#5"},"east":{"uv":[5,12,5.5,13.25],"texture":"#5"},"south":{"uv":[12,6.5,12.5,7.75],"texture":"#5"},"west":{"uv":[7.5,12,8,13.25],"texture":"#5"},"up":{"uv":[3.5,14,3,13.5],"texture":"#5"},"down":{"uv":[14,3,13.5,3.5],"texture":"#5"}}},{"from":[7.5,8,7.5],"to":[8.5,9.5,8.5],"rotation":{"angle":45,"axis":"y","origin":[8,5.25,8]},"faces":{"north":{"uv":[13,6.5,13.5,7.25],"texture":"#5"},"east":{"uv":[7,13,7.5,13.75],"texture":"#5"},"south":{"uv":[13,9.5,13.5,10.25],"texture":"#5"},"west":{"uv":[13,10.5,13.5,11.25],"texture":"#5"}}},{"from":[7.08934,14.5,8.15],"to":[8.28934,17,9.35],"rotation":{"angle":45,"axis":"y","origin":[6.93934,10.5,8]},"faces":{"north":{"uv":[8,12,8.5,13.25],"texture":"#5"},"east":{"uv":[12,8.5,12.5,9.75],"texture":"#5"},"south":{"uv":[9,12,9.5,13.25],"texture":"#5"},"west":{"uv":[9.5,12,10,13.25],"texture":"#5"},"up":{"uv":[4,14,3.5,13.5],"texture":"#5"},"down":{"uv":[14,3.5,13.5,4],"texture":"#5"}}},{"from":[7.08934,18.5,8.15],"to":[8.28934,21,9.35],"rotation":{"angle":45,"axis":"y","origin":[6.93934,18.5,8]},"faces":{"north":{"uv":[10,12,10.5,13.25],"texture":"#5"},"east":{"uv":[12,10,12.5,11.25],"texture":"#5"},"south":{"uv":[12,11.5,12.5,12.75],"texture":"#5"},"west":{"uv":[12.5,0,13,1.25],"texture":"#5"},"up":{"uv":[4.5,14,4,13.5],"texture":"#5"},"down":{"uv":[14,4,13.5,4.5],"texture":"#5"}}},{"from":[7.5,17,7.5],"to":[8.5,18.5,8.5],"rotation":{"angle":45,"axis":"y","origin":[8,14.25,8]},"faces":{"north":{"uv":[11,13,11.5,13.75],"texture":"#5"},"east":{"uv":[11.5,13,12,13.75],"texture":"#5"},"south":{"uv":[12,13,12.5,13.75],"texture":"#5"},"west":{"uv":[13,12.5,13.5,13.25],"texture":"#5"}}},{"from":[7.985,-2.75,8.75],"to":[8.015,-0.5,11],"rotation":{"angle":-45,"axis":"x","origin":[7.985,-3.5,8]},"faces":{"east":{"uv":[10.5,6.5,11.75,7.75],"texture":"#5"},"west":{"uv":[9,10.5,10.25,11.75],"texture":"#5"}}},{"from":[11.74264,21.2,0.68462],"to":[13.74264,21.85,1.33462],"rotation":{"angle":45,"axis":"x","origin":[12.74264,21.525,1.00962]},"faces":{"north":{"uv":[6,13.5,5,13.75],"texture":"#5"},"south":{"uv":[7,13.5,6,13.75],"texture":"#5"},"up":{"uv":[13.75,6.5,13.5,7.5],"rotation":270,"texture":"#5"},"down":{"uv":[7.75,14.5,7.5,13.5],"rotation":90,"texture":"#5"}}},{"from":[13.83614,21.02574,0.50962],"to":[14.83614,22.02574,1.50962],"rotation":{"angle":-45,"axis":"z","origin":[14.08614,22.17574,1.00962]},"faces":{"north":{"uv":[8.5,13.5,8,14],"texture":"#5"},"east":{"uv":[14,7.5,13.5,8],"texture":"#5"},"south":{"uv":[9.5,13.5,9,14],"texture":"#5"},"west":{"uv":[14,8.5,13.5,9],"texture":"#5"},"up":{"uv":[14,9,13.5,9.5],"rotation":270,"texture":"#5"},"down":{"uv":[10,14,9.5,13.5],"rotation":90,"texture":"#5"}}},{"from":[14.33392,16.33223,0.45818],"to":[14.35392,21.08223,1.95818],"rotation":{"angle":45,"axis":"y","origin":[13.81215,20.07684,1.73465]},"faces":{"east":{"uv":[0,0,3,10],"texture":"#2"},"west":{"uv":[3,0,0,10],"texture":"#2"}}},{"from":[13.82978,18.13934,0.71172],"to":[14.82978,18.63934,1.71172],"rotation":{"angle":45,"axis":"y","origin":[13.81215,20.07684,1.73465]},"faces":{"north":{"uv":[13.5,13.5,13,13.75],"texture":"#5"},"east":{"uv":[0.5,14,0,14.25],"texture":"#5"},"south":{"uv":[14,13.5,13.5,13.75],"texture":"#5"},"west":{"uv":[14,13,13.5,13.25],"texture":"#5"},"down":{"uv":[4.5,13.5,5,14],"texture":"#5"}}},{"from":[13.82978,19.63934,0.71172],"to":[14.82978,20.13934,1.71172],"rotation":{"angle":45,"axis":"y","origin":[13.81215,20.07684,1.73465]},"faces":{"north":{"uv":[14.5,0,14,0.25],"texture":"#5"},"east":{"uv":[1.5,14,1,14.25],"texture":"#5"},"south":{"uv":[14.5,0.5,14,0.75],"texture":"#5"},"west":{"uv":[1,14,0.5,14.25],"texture":"#5"},"up":{"uv":[13.5,5,14,4.5],"texture":"#5"}}},{"from":[13.32978,18.63934,0.21172],"to":[15.32978,19.63934,2.21172],"rotation":{"angle":45,"axis":"y","origin":[13.81215,20.07684,1.73465]},"faces":{"north":{"uv":[3,7,2,7.5],"texture":"#5"},"east":{"uv":[13.5,9,12.5,9.5],"texture":"#5"},"south":{"uv":[13.5,8.5,12.5,9],"texture":"#5"},"west":{"uv":[13.5,2.5,12.5,3],"texture":"#5"},"up":{"uv":[11.5,2,12.5,1],"texture":"#5"},"down":{"uv":[11.5,2,12.5,3],"texture":"#5"}}},{"from":[1.16386,21.02574,0.50962],"to":[2.16386,22.02574,1.50962],"rotation":{"angle":45,"axis":"z","origin":[1.91386,22.17574,1.00962]},"faces":{"north":{"uv":[8,13.5,8.5,14],"texture":"#5"},"east":{"uv":[13.5,8.5,14,9],"texture":"#5"},"south":{"uv":[9,13.5,9.5,14],"texture":"#5"},"west":{"uv":[13.5,7.5,14,8],"texture":"#5"},"up":{"uv":[14,9.5,13.5,9],"rotation":270,"texture":"#5"},"down":{"uv":[10,13.5,9.5,14],"rotation":90,"texture":"#5"}}},{"from":[2.25736,21.2,0.68462],"to":[4.25736,21.85,1.33462],"rotation":{"angle":45,"axis":"x","origin":[3.25736,21.525,1.00962]},"faces":{"north":{"uv":[5,13.5,6,13.75],"texture":"#5"},"south":{"uv":[6,13.5,7,13.75],"texture":"#5"},"up":{"uv":[13.75,7.5,13.5,6.5],"rotation":270,"texture":"#5"},"down":{"uv":[7.75,13.5,7.5,14.5],"rotation":90,"texture":"#5"}}},{"from":[0.67022,18.63934,0.21172],"to":[2.67022,19.63934,2.21172],"rotation":{"angle":-45,"axis":"y","origin":[2.18785,20.07684,1.73465]},"faces":{"north":{"uv":[2,7,3,7.5],"texture":"#5"},"east":{"uv":[12.5,2.5,13.5,3],"texture":"#5"},"south":{"uv":[12.5,8.5,13.5,9],"texture":"#5"},"west":{"uv":[12.5,9,13.5,9.5],"texture":"#5"},"up":{"uv":[12.5,2,11.5,1],"texture":"#5"},"down":{"uv":[12.5,2,11.5,3],"texture":"#5"}}},{"from":[1.17022,19.63934,0.71172],"to":[2.17022,20.13934,1.71172],"rotation":{"angle":-45,"axis":"y","origin":[2.18785,20.07684,1.73465]},"faces":{"north":{"uv":[14,0,14.5,0.25],"texture":"#5"},"east":{"uv":[0.5,14,1,14.25],"texture":"#5"},"south":{"uv":[14,0.5,14.5,0.75],"texture":"#5"},"west":{"uv":[1,14,1.5,14.25],"texture":"#5"},"up":{"uv":[14,5,13.5,4.5],"texture":"#5"}}},{"from":[1.17022,18.13934,0.71172],"to":[2.17022,18.63934,1.71172],"rotation":{"angle":-45,"axis":"y","origin":[2.18785,20.07684,1.73465]},"faces":{"north":{"uv":[13,13.5,13.5,13.75],"texture":"#5"},"east":{"uv":[13.5,13,14,13.25],"texture":"#5"},"south":{"uv":[13.5,13.5,14,13.75],"texture":"#5"},"west":{"uv":[0,14,0.5,14.25],"texture":"#5"},"down":{"uv":[5,13.5,4.5,14],"texture":"#5"}}},{"from":[1.64608,16.33223,0.45818],"to":[1.66608,21.08223,1.95818],"rotation":{"angle":-45,"axis":"y","origin":[2.18785,20.07684,1.73465]},"faces":{"east":{"uv":[0,0,3,10],"texture":"#2"},"west":{"uv":[3,0,0,10],"texture":"#2"}}},{"from":[5.5,19.025,12.5],"to":[10.5,24.025,16.5],"rotation":{"angle":-45,"axis":"z","origin":[8,21.525,14]},"faces":{"north":{"uv":[5.5,2.5,3,5],"texture":"#5"},"east":{"uv":[5,5,3,7.5],"texture":"#5"},"south":{"uv":[5.5,0,3,2.5],"texture":"#5"},"west":{"uv":[7,5,5,7.5],"texture":"#5"},"up":{"uv":[8,0,5.5,2],"texture":"#5"},"down":{"uv":[8,4,5.5,2],"texture":"#5"}}},{"from":[5,18.525,14.5],"to":[11,24.525,15.5],"rotation":{"angle":-45,"axis":"z","origin":[8,21.525,14]},"faces":{"north":{"uv":[3,3,0,6],"texture":"#5"},"east":{"uv":[2,10,1.5,13],"texture":"#5"},"south":{"uv":[3,0,0,3],"texture":"#5"},"west":{"uv":[11,10.5,10.5,13.5],"texture":"#5"},"up":{"uv":[7,7.5,4,8],"texture":"#5"},"down":{"uv":[14,8.5,11,8],"texture":"#5"}}},{"from":[4.5,20.525,14],"to":[11.5,22.525,16],"rotation":{"angle":-45,"axis":"z","origin":[8,21.525,14]},"faces":{"north":{"uv":[11.5,1,8,2],"texture":"#5"},"east":{"uv":[6.5,4,5.5,5],"texture":"#5"},"south":{"uv":[11.5,0,8,1],"texture":"#5"},"west":{"uv":[3,6,2,7],"texture":"#5"},"up":{"uv":[11.5,2,8,3],"texture":"#5"},"down":{"uv":[11.5,4,8,3],"texture":"#5"}}},{"from":[4.5,20.525,14],"to":[11.5,22.525,16],"rotation":{"angle":45,"axis":"z","origin":[8,21.525,15]},"faces":{"north":{"uv":[11,8,7.5,9],"texture":"#5"},"east":{"uv":[10,7,9,8],"texture":"#5"},"south":{"uv":[7.5,8,4,9],"texture":"#5"},"west":{"uv":[3,11,2,12],"texture":"#5"},"up":{"uv":[7.5,9,4,10],"texture":"#5"},"down":{"uv":[12.5,5,9,4],"texture":"#5"}}},{"from":[6.25,19.775,16.5],"to":[9.75,23.275,17],"rotation":{"angle":-45,"axis":"z","origin":[8,21.525,18]},"faces":{"east":{"uv":[8.75,12.5,8.5,14.25],"texture":"#5"},"south":{"uv":[1.75,8,0,9.75],"texture":"#5"},"west":{"uv":[12.75,9.5,12.5,11.25],"texture":"#5"},"up":{"uv":[14.25,11.5,12.5,11.75],"texture":"#5"},"down":{"uv":[14.25,12.25,12.5,12],"texture":"#5"}}},{"from":[6,19.525,10.5],"to":[10,23.525,13.5],"rotation":{"angle":0,"axis":"z","origin":[8,21.275,10.5]},"faces":{"north":{"uv":[9,4,7,6],"texture":"#5"},"east":{"uv":[10.5,5,9,7],"texture":"#5"},"south":{"uv":[2,6,0,8],"texture":"#5"},"west":{"uv":[9,9,7.5,11],"texture":"#5"},"up":{"uv":[11,9,9,10.5],"texture":"#5"},"down":{"uv":[4,11,2,9.5],"texture":"#5"}}},{"from":[6,19.525,9],"to":[10,23.525,11.5],"rotation":{"angle":-45,"axis":"z","origin":[8,21.525,9.5]},"faces":{"north":{"uv":[4,7.5,2,9.5],"texture":"#5"},"east":{"uv":[1.25,10,0,12],"texture":"#5"},"south":{"uv":[9,6,7,8],"texture":"#5"},"west":{"uv":[5.25,10,4,12],"texture":"#5"},"up":{"uv":[7.5,10,5.5,11.25],"texture":"#5"},"down":{"uv":[12.5,6.25,10.5,5],"texture":"#5"}}},{"from":[13.83614,21.02574,14.49038],"to":[14.83614,22.02574,15.49038],"rotation":{"angle":-45,"axis":"z","origin":[14.08614,22.17574,14.99038]},"faces":{"north":{"uv":[9,13.5,9.5,14],"texture":"#5"},"east":{"uv":[13.5,7.5,14,8],"texture":"#5"},"south":{"uv":[8,13.5,8.5,14],"texture":"#5"},"west":{"uv":[13.5,8.5,14,9],"texture":"#5"},"up":{"uv":[13.5,9,14,9.5],"rotation":270,"texture":"#5"},"down":{"uv":[9.5,14,10,13.5],"rotation":90,"texture":"#5"}}},{"from":[11.74264,21.2,14.66538],"to":[13.74264,21.85,15.31538],"rotation":{"angle":-45,"axis":"x","origin":[12.74264,21.525,14.99038]},"faces":{"north":{"uv":[6,13.5,7,13.75],"texture":"#5"},"south":{"uv":[5,13.5,6,13.75],"texture":"#5"},"up":{"uv":[13.5,6.5,13.75,7.5],"rotation":270,"texture":"#5"},"down":{"uv":[7.5,14.5,7.75,13.5],"rotation":90,"texture":"#5"}}},{"from":[13.32978,18.63934,13.78828],"to":[15.32978,19.63934,15.78828],"rotation":{"angle":-45,"axis":"y","origin":[13.81215,20.07684,14.26535]},"faces":{"north":{"uv":[12.5,8.5,13.5,9],"texture":"#5"},"east":{"uv":[12.5,9,13.5,9.5],"texture":"#5"},"south":{"uv":[2,7,3,7.5],"texture":"#5"},"west":{"uv":[12.5,2.5,13.5,3],"texture":"#5"},"up":{"uv":[11.5,1,12.5,2],"texture":"#5"},"down":{"uv":[11.5,3,12.5,2],"texture":"#5"}}},{"from":[13.82978,19.63934,14.28828],"to":[14.82978,20.13934,15.28828],"rotation":{"angle":-45,"axis":"y","origin":[13.81215,20.07684,14.26535]},"faces":{"north":{"uv":[14,0.5,14.5,0.75],"texture":"#5"},"east":{"uv":[1,14,1.5,14.25],"texture":"#5"},"south":{"uv":[14,0,14.5,0.25],"texture":"#5"},"west":{"uv":[0.5,14,1,14.25],"texture":"#5"},"up":{"uv":[13.5,4.5,14,5],"texture":"#5"}}},{"from":[13.82978,18.13934,14.28828],"to":[14.82978,18.63934,15.28828],"rotation":{"angle":-45,"axis":"y","origin":[13.81215,20.07684,14.26535]},"faces":{"north":{"uv":[13.5,13.5,14,13.75],"texture":"#5"},"east":{"uv":[0,14,0.5,14.25],"texture":"#5"},"south":{"uv":[13,13.5,13.5,13.75],"texture":"#5"},"west":{"uv":[13.5,13,14,13.25],"texture":"#5"},"down":{"uv":[4.5,14,5,13.5],"texture":"#5"}}},{"from":[14.33392,16.33223,14.04182],"to":[14.35392,21.08223,15.54182],"rotation":{"angle":-45,"axis":"y","origin":[13.81215,20.07684,14.26535]},"faces":{"east":{"uv":[3,0,0,10],"texture":"#2"},"west":{"uv":[0,0,3,10],"texture":"#2"}}},{"from":[1.64608,16.33223,14.04182],"to":[1.66608,21.08223,15.54182],"rotation":{"angle":45,"axis":"y","origin":[2.18785,20.07684,14.26535]},"faces":{"east":{"uv":[3,0,0,10],"texture":"#2"},"west":{"uv":[0,0,3,10],"texture":"#2"}}},{"from":[1.17022,18.13934,14.28828],"to":[2.17022,18.63934,15.28828],"rotation":{"angle":45,"axis":"y","origin":[2.18785,20.07684,14.26535]},"faces":{"north":{"uv":[14,13.5,13.5,13.75],"texture":"#5"},"east":{"uv":[14,13,13.5,13.25],"texture":"#5"},"south":{"uv":[13.5,13.5,13,13.75],"texture":"#5"},"west":{"uv":[0.5,14,0,14.25],"texture":"#5"},"down":{"uv":[5,14,4.5,13.5],"texture":"#5"}}},{"from":[1.17022,19.63934,14.28828],"to":[2.17022,20.13934,15.28828],"rotation":{"angle":45,"axis":"y","origin":[2.18785,20.07684,14.26535]},"faces":{"north":{"uv":[14.5,0.5,14,0.75],"texture":"#5"},"east":{"uv":[1,14,0.5,14.25],"texture":"#5"},"south":{"uv":[14.5,0,14,0.25],"texture":"#5"},"west":{"uv":[1.5,14,1,14.25],"texture":"#5"},"up":{"uv":[14,4.5,13.5,5],"texture":"#5"}}},{"from":[0.67022,18.63934,13.78828],"to":[2.67022,19.63934,15.78828],"rotation":{"angle":45,"axis":"y","origin":[2.18785,20.07684,14.26535]},"faces":{"north":{"uv":[13.5,8.5,12.5,9],"texture":"#5"},"east":{"uv":[13.5,2.5,12.5,3],"texture":"#5"},"south":{"uv":[3,7,2,7.5],"texture":"#5"},"west":{"uv":[13.5,9,12.5,9.5],"texture":"#5"},"up":{"uv":[12.5,1,11.5,2],"texture":"#5"},"down":{"uv":[12.5,3,11.5,2],"texture":"#5"}}},{"from":[2.25736,21.2,14.66538],"to":[4.25736,21.85,15.31538],"rotation":{"angle":-45,"axis":"x","origin":[3.25736,21.525,14.99038]},"faces":{"north":{"uv":[7,13.5,6,13.75],"texture":"#5"},"south":{"uv":[6,13.5,5,13.75],"texture":"#5"},"up":{"uv":[13.5,7.5,13.75,6.5],"rotation":270,"texture":"#5"},"down":{"uv":[7.5,13.5,7.75,14.5],"rotation":90,"texture":"#5"}}},{"from":[1.16386,21.02574,14.49038],"to":[2.16386,22.02574,15.49038],"rotation":{"angle":45,"axis":"z","origin":[1.91386,22.17574,14.99038]},"faces":{"north":{"uv":[9.5,13.5,9,14],"texture":"#5"},"east":{"uv":[14,8.5,13.5,9],"texture":"#5"},"south":{"uv":[8.5,13.5,8,14],"texture":"#5"},"west":{"uv":[14,7.5,13.5,8],"texture":"#5"},"up":{"uv":[13.5,9.5,14,9],"rotation":270,"texture":"#5"},"down":{"uv":[9.5,13.5,10,14],"rotation":90,"texture":"#5"}}},{"from":[4.9,17.4,4],"to":[4.9,25.4,12],"rotation":{"angle":0,"axis":"y","origin":[0,11,-16]},"faces":{"west":{"uv":[0,0,16,16],"texture":"#3"}}},{"from":[11.1,17.4,4],"to":[11.1,25.4,12],"rotation":{"angle":0,"axis":"y","origin":[16,11,-16]},"faces":{"east":{"uv":[16,0,0,16],"texture":"#3"}}}],"gui_light":"front","display":{"thirdperson_righthand":{"translation":[0,-5.25,1]},"thirdperson_lefthand":{"translation":[0,-5.25,1]},"firstperson_righthand":{"rotation":[-10,0,0],"translation":[2,-4.75,0.75]},"firstperson_lefthand":{"rotation":[-10,0,0],"translation":[2,-4.75,0.75]},"ground":{"rotation":[-45,0,0],"translation":[0,5,0],"scale":[0.7,0.7,0.7]},"gui":{"rotation":[-90,45,90],"translation":[3.5,-3.5,0],"scale":[0.7,0.7,0.7]},"head":{"rotation":[0,-90,0]},"fixed":{"rotation":[0,-90,0],"translation":[0,-5.75,-1.75],"scale":[2,2,2]}}}