{"credit":"Made by PolygonMC","texture_size":[24,24],"textures":{"1":"lunardragonset:animations/animations_1","3":"lunardragonset:animations/animations_3","4":"lunardragonset:shield","particle":"lunardragonset:animations/animations_1"},"elements":[{"from":[5.63854,5.56789,9.36146],"to":[6.63854,7.31789,10.36146],"rotation":{"angle":45,"axis":"y","origin":[8,8,8]},"faces":{"north":{"uv":[11.33333,4.66667,12,6],"texture":"#4"},"east":{"uv":[10.66667,10.66667,11.33333,12],"texture":"#4"},"south":{"uv":[11.33333,2,12,3.33333],"texture":"#4"},"west":{"uv":[11.33333,3.33333,12,4.66667],"texture":"#4"},"up":{"uv":[13.33333,0.66667,12.66667,0],"rotation":90,"texture":"#4"},"down":{"uv":[13.33333,0.66667,12.66667,1.33333],"rotation":270,"texture":"#4"}}},{"from":[5.73854,7.31789,9.46146],"to":[6.53854,8.81789,10.26146],"rotation":{"angle":45,"axis":"y","origin":[8,8,8]},"faces":{"north":{"uv":[12,6,12.66667,7],"texture":"#4"},"east":{"uv":[12,3.33333,12.66667,4.33333],"texture":"#4"},"south":{"uv":[4.66667,12,5.33333,13],"texture":"#4"},"west":{"uv":[12,4.66667,12.66667,5.66667],"texture":"#4"}}},{"from":[5.53854,6.41789,9.26146],"to":[6.73854,6.91789,10.46146],"rotation":{"angle":45,"axis":"y","origin":[8,8,8]},"faces":{"north":{"uv":[6,13.33333,6.66667,13.66667],"texture":"#4"},"east":{"uv":[13.33333,4.66667,14,5],"texture":"#4"},"south":{"uv":[5.33333,13.33333,6,13.66667],"texture":"#4"},"west":{"uv":[13.33333,5.33333,14,5.66667],"texture":"#4"},"up":{"uv":[3.33333,13.33333,2.66667,12.66667],"rotation":90,"texture":"#4"},"down":{"uv":[4,12.66667,3.33333,13.33333],"rotation":270,"texture":"#4"}}},{"from":[5.63854,8.81789,9.36146],"to":[6.63854,10.81789,10.36146],"rotation":{"angle":45,"axis":"y","origin":[8,8,8]},"faces":{"north":{"uv":[10,11.33333,10.66667,12.66667],"texture":"#4"},"east":{"uv":[11.33333,6,12,7.33333],"texture":"#4"},"south":{"uv":[6.66667,11.33333,7.33333,12.66667],"texture":"#4"},"west":{"uv":[11.33333,7.33333,12,8.66667],"texture":"#4"},"up":{"uv":[13.33333,4,12.66667,3.33333],"rotation":90,"texture":"#4"},"down":{"uv":[4.66667,12.66667,4,13.33333],"rotation":270,"texture":"#4"}}},{"from":[5.53854,9.31789,9.26146],"to":[6.73854,9.81789,10.46146],"rotation":{"angle":45,"axis":"y","origin":[8,8,8]},"faces":{"north":{"uv":[7.33333,13.33333,8,13.66667],"texture":"#4"},"east":{"uv":[13.33333,6,14,6.33333],"texture":"#4"},"south":{"uv":[6.66667,13.33333,7.33333,13.66667],"texture":"#4"},"west":{"uv":[13.33333,6.66667,14,7],"texture":"#4"},"up":{"uv":[13.33333,4.66667,12.66667,4],"rotation":90,"texture":"#4"},"down":{"uv":[13.33333,4.66667,12.66667,5.33333],"rotation":270,"texture":"#4"}}},{"from":[9.1209,5.7091,9.8975],"to":[10.2909,6.8791,11.3675],"rotation":{"angle":-45,"axis":"z","origin":[8,8,8]},"faces":{"north":{"uv":[12.66667,5.33333,13.33333,6],"texture":"#4"},"east":{"uv":[12,7.33333,13,8],"texture":"#4"},"south":{"uv":[5.33333,12.66667,6,13.33333],"texture":"#4"},"west":{"uv":[12,8,13,8.66667],"texture":"#4"},"up":{"uv":[13,10,12,9.33333],"rotation":90,"texture":"#4"},"down":{"uv":[13,10,12,10.66667],"rotation":270,"texture":"#4"}}},{"from":[11.40555,11.40555,5.7325],"to":[13.40555,13.40555,7.7325],"rotation":{"angle":45,"axis":"z","origin":[8,8,8]},"faces":{"north":{"uv":[8.66667,0,10,1.33333],"texture":"#4"},"east":{"uv":[8,5.33333,9.33333,6.66667],"texture":"#4"},"south":{"uv":[8,6.66667,9.33333,8],"texture":"#4"},"west":{"uv":[8,8,9.33333,9.33333],"texture":"#4"},"up":{"uv":[10,2.66667,8.66667,1.33333],"rotation":90,"texture":"#4"},"down":{"uv":[10,2.66667,8.66667,4],"rotation":270,"texture":"#4"}}},{"from":[11.65555,11.65555,5.4825],"to":[13.15555,13.15555,7.9825],"rotation":{"angle":45,"axis":"z","origin":[8,8,8]},"faces":{"north":{"uv":[10.66667,9.33333,11.66667,10.33333],"texture":"#4"},"east":{"uv":[9.33333,5.33333,11,6.33333],"texture":"#4"},"south":{"uv":[10,4,11,5],"texture":"#4"},"west":{"uv":[9.33333,6.66667,11,7.66667],"texture":"#4"},"up":{"uv":[9.66667,10.33333,8,9.33333],"rotation":90,"texture":"#4"},"down":{"uv":[11,8,9.33333,9],"rotation":270,"texture":"#4"}}},{"from":[8.66421,12.80181,11.00929],"to":[9.66421,13.80181,12.00929],"rotation":{"angle":-45,"axis":"x","origin":[8,8,8]},"faces":{"north":{"uv":[12.66667,6.66667,13.33333,7.33333],"texture":"#4"},"east":{"uv":[6,12.66667,6.66667,13.33333],"texture":"#4"},"south":{"uv":[12.66667,6,13.33333,6.66667],"texture":"#4"},"west":{"uv":[6.66667,12.66667,7.33333,13.33333],"texture":"#4"},"up":{"uv":[8,13.33333,7.33333,12.66667],"rotation":90,"texture":"#4"},"down":{"uv":[8.66667,12.66667,8,13.33333],"rotation":270,"texture":"#4"}}},{"from":[11.66421,12.80181,11.00929],"to":[12.66421,13.80181,12.00929],"rotation":{"angle":-45,"axis":"x","origin":[8,8,8]},"faces":{"north":{"uv":[10,12.66667,10.66667,13.33333],"texture":"#4"},"east":{"uv":[8.66667,12.66667,9.33333,13.33333],"texture":"#4"},"south":{"uv":[12.66667,8.66667,13.33333,9.33333],"texture":"#4"},"west":{"uv":[9.33333,12.66667,10,13.33333],"texture":"#4"},"up":{"uv":[13.33333,11.33333,12.66667,10.66667],"rotation":90,"texture":"#4"},"down":{"uv":[12,12.66667,11.33333,13.33333],"rotation":270,"texture":"#4"}}},{"from":[9.66421,12.90181,11.10929],"to":[11.66421,13.70181,11.90929],"rotation":{"angle":-45,"axis":"x","origin":[8,8,8]},"faces":{"north":{"uv":[11.33333,10.66667,12.66667,11.33333],"texture":"#4"},"south":{"uv":[11.33333,8.66667,12.66667,9.33333],"texture":"#4"},"up":{"uv":[12,12.66667,11.33333,11.33333],"rotation":90,"texture":"#4"},"down":{"uv":[12.66667,0,12,1.33333],"rotation":270,"texture":"#4"}}},{"from":[9.81047,1.6446,8.01796],"to":[10.81047,4.1446,9.01796],"rotation":{"angle":45,"axis":"y","origin":[8,8,8]},"faces":{"north":{"uv":[4,10,4.66667,11.66667],"texture":"#4"},"east":{"uv":[6.66667,9.33333,7.33333,11],"texture":"#4"},"south":{"uv":[10,2,10.66667,3.66667],"texture":"#4"},"west":{"uv":[3.33333,10,4,11.66667],"texture":"#4"},"up":{"uv":[13.33333,12,12.66667,11.33333],"rotation":90,"texture":"#4"},"down":{"uv":[13.33333,12,12.66667,12.66667],"rotation":270,"texture":"#4"}}},{"from":[9.81047,11.6446,8.01796],"to":[10.81047,14.1446,9.01796],"rotation":{"angle":45,"axis":"y","origin":[8,8,8]},"faces":{"north":{"uv":[2,10.66667,2.66667,12.33333],"texture":"#4"},"east":{"uv":[4.66667,10,5.33333,11.66667],"texture":"#4"},"south":{"uv":[10,9.33333,10.66667,11],"texture":"#4"},"west":{"uv":[1.33333,10.66667,2,12.33333],"texture":"#4"},"up":{"uv":[13.33333,13.33333,12.66667,12.66667],"rotation":90,"texture":"#4"},"down":{"uv":[0.66667,13.33333,0,14],"rotation":270,"texture":"#4"}}},{"from":[9.91047,4.1446,8.11796],"to":[10.71047,11.6446,8.91796],"rotation":{"angle":45,"axis":"y","origin":[8,8,8]},"faces":{"north":{"uv":[7.33333,0,8,5],"texture":"#4"},"east":{"uv":[5.33333,4,6,9],"texture":"#4"},"south":{"uv":[6,4,6.66667,9],"texture":"#4"},"west":{"uv":[6.66667,4,7.33333,9],"texture":"#4"}}},{"from":[5.18953,11.6446,8.01796],"to":[6.18953,14.1446,9.01796],"rotation":{"angle":-45,"axis":"y","origin":[8,8,8]},"faces":{"north":{"uv":[9.33333,10.66667,10,12.33333],"texture":"#4"},"east":{"uv":[7.33333,10.66667,8,12.33333],"texture":"#4"},"south":{"uv":[8,10.66667,8.66667,12.33333],"texture":"#4"},"west":{"uv":[8.66667,10.66667,9.33333,12.33333],"texture":"#4"},"up":{"uv":[14,4.66667,13.33333,4],"rotation":90,"texture":"#4"},"down":{"uv":[5.33333,13.33333,4.66667,14],"rotation":270,"texture":"#4"}}},{"from":[5.28953,4.1446,8.11796],"to":[6.08953,11.6446,8.91796],"rotation":{"angle":-45,"axis":"y","origin":[8,8,8]},"faces":{"north":{"uv":[0.66667,8,1.33333,13],"texture":"#4"},"east":{"uv":[7.33333,5.33333,8,10.33333],"texture":"#4"},"south":{"uv":[0,8,0.66667,13],"texture":"#4"},"west":{"uv":[8,0,8.66667,5],"texture":"#4"}}},{"from":[5.18953,1.6446,8.01796],"to":[6.18953,4.1446,9.01796],"rotation":{"angle":-45,"axis":"y","origin":[8,8,8]},"faces":{"north":{"uv":[6,10.66667,6.66667,12.33333],"texture":"#4"},"east":{"uv":[10.66667,2,11.33333,3.66667],"texture":"#4"},"south":{"uv":[2.66667,10.66667,3.33333,12.33333],"texture":"#4"},"west":{"uv":[5.33333,10.66667,6,12.33333],"texture":"#4"},"up":{"uv":[14,4,13.33333,3.33333],"rotation":90,"texture":"#4"},"down":{"uv":[4.66667,13.33333,4,14],"rotation":270,"texture":"#4"}}},{"from":[10.83075,11.10539,9.03824],"to":[12.83075,12.10539,11.03824],"rotation":{"angle":45,"axis":"y","origin":[8,8,8]},"faces":{"north":{"uv":[3.33333,12,4.66667,12.66667],"texture":"#4"},"east":{"uv":[12,1.33333,13.33333,2],"texture":"#4"},"south":{"uv":[12,2,13.33333,2.66667],"texture":"#4"},"west":{"uv":[12,2.66667,13.33333,3.33333],"texture":"#4"},"up":{"uv":[10,5.33333,8.66667,4],"rotation":90,"texture":"#4"},"down":{"uv":[6.66667,9.33333,5.33333,10.66667],"rotation":270,"texture":"#4"}}},{"from":[11.33075,12.10539,9.53824],"to":[12.33075,12.60539,10.53824],"rotation":{"angle":45,"axis":"y","origin":[8,8,8]},"faces":{"north":{"uv":[8.66667,13.33333,9.33333,13.66667],"texture":"#4"},"east":{"uv":[13.33333,7.33333,14,7.66667],"texture":"#4"},"south":{"uv":[8,13.33333,8.66667,13.66667],"texture":"#4"},"west":{"uv":[13.33333,8,14,8.33333],"texture":"#4"},"up":{"uv":[14,0.66667,13.33333,0],"rotation":90,"texture":"#4"}}},{"from":[11.33075,10.60539,9.53824],"to":[12.33075,11.10539,10.53824],"rotation":{"angle":45,"axis":"y","origin":[8,8,8]},"faces":{"north":{"uv":[10,13.33333,10.66667,13.66667],"texture":"#4"},"east":{"uv":[13.33333,8.66667,14,9],"texture":"#4"},"south":{"uv":[9.33333,13.33333,10,13.66667],"texture":"#4"},"west":{"uv":[13.33333,9.33333,14,9.66667],"texture":"#4"},"down":{"uv":[1.33333,13.33333,0.66667,14],"rotation":270,"texture":"#4"}}},{"from":[6.33579,12.80181,11.00929],"to":[7.33579,13.80181,12.00929],"rotation":{"angle":-45,"axis":"x","origin":[8,8,8]},"faces":{"north":{"uv":[2.66667,13.33333,3.33333,14],"texture":"#4"},"east":{"uv":[13.33333,0.66667,14,1.33333],"texture":"#4"},"south":{"uv":[13.33333,1.33333,14,2],"texture":"#4"},"west":{"uv":[13.33333,2,14,2.66667],"texture":"#4"},"up":{"uv":[14,3.33333,13.33333,2.66667],"rotation":90,"texture":"#4"},"down":{"uv":[4,13.33333,3.33333,14],"rotation":270,"texture":"#4"}}},{"from":[11.4125,8.79828,6.7325],"to":[12.9125,13.54828,6.7625],"rotation":{"angle":0,"axis":"y","origin":[8,8,8]},"faces":{"north":{"uv":[3,0,0,10],"texture":"#1"},"south":{"uv":[0,0,3,10],"texture":"#1"}}},{"from":[3.33579,12.80181,11.00929],"to":[4.33579,13.80181,12.00929],"rotation":{"angle":-45,"axis":"x","origin":[8,8,8]},"faces":{"north":{"uv":[10.66667,12.66667,10,13.33333],"texture":"#4"},"east":{"uv":[10,12.66667,9.33333,13.33333],"texture":"#4"},"south":{"uv":[13.33333,8.66667,12.66667,9.33333],"texture":"#4"},"west":{"uv":[9.33333,12.66667,8.66667,13.33333],"texture":"#4"},"up":{"uv":[13.33333,10.66667,12.66667,11.33333],"rotation":90,"texture":"#4"},"down":{"uv":[12,13.33333,11.33333,12.66667],"rotation":270,"texture":"#4"}}},{"from":[4.33579,12.90181,11.10929],"to":[6.33579,13.70181,11.90929],"rotation":{"angle":-45,"axis":"x","origin":[8,8,8]},"faces":{"north":{"uv":[12.66667,10.66667,11.33333,11.33333],"texture":"#4"},"south":{"uv":[12.66667,8.66667,11.33333,9.33333],"texture":"#4"},"up":{"uv":[12,11.33333,11.33333,12.66667],"rotation":90,"texture":"#4"},"down":{"uv":[12.66667,1.33333,12,0],"rotation":270,"texture":"#4"}}},{"from":[3.16925,11.10539,9.03824],"to":[5.16925,12.10539,11.03824],"rotation":{"angle":-45,"axis":"y","origin":[8,8,8]},"faces":{"north":{"uv":[4.66667,12,3.33333,12.66667],"texture":"#4"},"east":{"uv":[13.33333,2.66667,12,3.33333],"texture":"#4"},"south":{"uv":[13.33333,2,12,2.66667],"texture":"#4"},"west":{"uv":[13.33333,1.33333,12,2],"texture":"#4"},"up":{"uv":[10,4,8.66667,5.33333],"rotation":90,"texture":"#4"},"down":{"uv":[6.66667,10.66667,5.33333,9.33333],"rotation":270,"texture":"#4"}}},{"from":[3.66925,12.10539,9.53824],"to":[4.66925,12.60539,10.53824],"rotation":{"angle":-45,"axis":"y","origin":[8,8,8]},"faces":{"north":{"uv":[9.33333,13.33333,8.66667,13.66667],"texture":"#4"},"east":{"uv":[14,8,13.33333,8.33333],"texture":"#4"},"south":{"uv":[8.66667,13.33333,8,13.66667],"texture":"#4"},"west":{"uv":[14,7.33333,13.33333,7.66667],"texture":"#4"},"up":{"uv":[14,0,13.33333,0.66667],"rotation":90,"texture":"#4"}}},{"from":[3.66925,10.60539,9.53824],"to":[4.66925,11.10539,10.53824],"rotation":{"angle":-45,"axis":"y","origin":[8,8,8]},"faces":{"north":{"uv":[10.66667,13.33333,10,13.66667],"texture":"#4"},"east":{"uv":[14,9.33333,13.33333,9.66667],"texture":"#4"},"south":{"uv":[10,13.33333,9.33333,13.66667],"texture":"#4"},"west":{"uv":[14,8.66667,13.33333,9],"texture":"#4"},"down":{"uv":[1.33333,14,0.66667,13.33333],"rotation":270,"texture":"#4"}}},{"from":[3.0875,8.79828,6.7325],"to":[4.5875,13.54828,6.7625],"rotation":{"angle":0,"axis":"y","origin":[8,8,8]},"faces":{"north":{"uv":[0,0,3,10],"texture":"#1"},"south":{"uv":[3,0,0,10],"texture":"#1"}}},{"from":[12,6.37719,4.58467],"to":[13,7.37719,5.58467],"rotation":{"angle":-45,"axis":"x","origin":[8,8,8]},"faces":{"north":{"uv":[10,12.66667,10.66667,13.33333],"texture":"#4"},"east":{"uv":[8.66667,12.66667,9.33333,13.33333],"texture":"#4"},"south":{"uv":[12.66667,8.66667,13.33333,9.33333],"texture":"#4"},"west":{"uv":[9.33333,12.66667,10,13.33333],"texture":"#4"},"up":{"uv":[13.33333,11.33333,12.66667,10.66667],"rotation":90,"texture":"#4"},"down":{"uv":[12,12.66667,11.33333,13.33333],"rotation":270,"texture":"#4"}}},{"from":[10,6.47719,4.68467],"to":[12,7.27719,5.48467],"rotation":{"angle":-45,"axis":"x","origin":[8,8,8]},"faces":{"north":{"uv":[11.33333,10.66667,12.66667,11.33333],"texture":"#4"},"south":{"uv":[11.33333,8.66667,12.66667,9.33333],"texture":"#4"},"up":{"uv":[12,12.66667,11.33333,11.33333],"rotation":90,"texture":"#4"},"down":{"uv":[12.66667,0,12,1.33333],"rotation":270,"texture":"#4"}}},{"from":[11.06819,2.01961,9.27567],"to":[13.06819,3.01961,11.27567],"rotation":{"angle":45,"axis":"y","origin":[8,8,8]},"faces":{"north":{"uv":[3.33333,12,4.66667,12.66667],"texture":"#4"},"east":{"uv":[12,1.33333,13.33333,2],"texture":"#4"},"south":{"uv":[12,2,13.33333,2.66667],"texture":"#4"},"west":{"uv":[12,2.66667,13.33333,3.33333],"texture":"#4"},"up":{"uv":[10,5.33333,8.66667,4],"rotation":90,"texture":"#4"},"down":{"uv":[6.66667,9.33333,5.33333,10.66667],"rotation":270,"texture":"#4"}}},{"from":[11.56819,3.01961,9.77567],"to":[12.56819,3.51961,10.77567],"rotation":{"angle":45,"axis":"y","origin":[8,8,8]},"faces":{"north":{"uv":[8.66667,13.33333,9.33333,13.66667],"texture":"#4"},"east":{"uv":[13.33333,7.33333,14,7.66667],"texture":"#4"},"south":{"uv":[8,13.33333,8.66667,13.66667],"texture":"#4"},"west":{"uv":[13.33333,8,14,8.33333],"texture":"#4"},"up":{"uv":[14,0.66667,13.33333,0],"rotation":90,"texture":"#4"}}},{"from":[11.56819,1.51961,9.77567],"to":[12.56819,2.01961,10.77567],"rotation":{"angle":45,"axis":"y","origin":[8,8,8]},"faces":{"north":{"uv":[10,13.33333,10.66667,13.66667],"texture":"#4"},"east":{"uv":[13.33333,8.66667,14,9],"texture":"#4"},"south":{"uv":[9.33333,13.33333,10,13.66667],"texture":"#4"},"west":{"uv":[13.33333,9.33333,14,9.66667],"texture":"#4"},"down":{"uv":[1.33333,13.33333,0.66667,14],"rotation":270,"texture":"#4"}}},{"from":[11.74829,-0.2875,6.7325],"to":[13.24829,4.4625,6.7625],"rotation":{"angle":0,"axis":"y","origin":[8,8,8]},"faces":{"north":{"uv":[3,0,0,10],"texture":"#1"},"south":{"uv":[0,0,3,10],"texture":"#1"}}},{"from":[2.75171,-0.2875,6.7325],"to":[4.25171,4.4625,6.7625],"rotation":{"angle":0,"axis":"y","origin":[8,8,8]},"faces":{"north":{"uv":[0,0,3,10],"texture":"#1"},"south":{"uv":[3,0,0,10],"texture":"#1"}}},{"from":[3.43181,1.51961,9.77567],"to":[4.43181,2.01961,10.77567],"rotation":{"angle":-45,"axis":"y","origin":[8,8,8]},"faces":{"north":{"uv":[10.66667,13.33333,10,13.66667],"texture":"#4"},"east":{"uv":[14,9.33333,13.33333,9.66667],"texture":"#4"},"south":{"uv":[10,13.33333,9.33333,13.66667],"texture":"#4"},"west":{"uv":[14,8.66667,13.33333,9],"texture":"#4"},"down":{"uv":[1.33333,14,0.66667,13.33333],"rotation":270,"texture":"#4"}}},{"from":[3.43181,3.01961,9.77567],"to":[4.43181,3.51961,10.77567],"rotation":{"angle":-45,"axis":"y","origin":[8,8,8]},"faces":{"north":{"uv":[9.33333,13.33333,8.66667,13.66667],"texture":"#4"},"east":{"uv":[14,8,13.33333,8.33333],"texture":"#4"},"south":{"uv":[8.66667,13.33333,8,13.66667],"texture":"#4"},"west":{"uv":[14,7.33333,13.33333,7.66667],"texture":"#4"},"up":{"uv":[14,0,13.33333,0.66667],"rotation":90,"texture":"#4"}}},{"from":[2.93181,2.01961,9.27567],"to":[4.93181,3.01961,11.27567],"rotation":{"angle":-45,"axis":"y","origin":[8,8,8]},"faces":{"north":{"uv":[4.66667,12,3.33333,12.66667],"texture":"#4"},"east":{"uv":[13.33333,2.66667,12,3.33333],"texture":"#4"},"south":{"uv":[13.33333,2,12,2.66667],"texture":"#4"},"west":{"uv":[13.33333,1.33333,12,2],"texture":"#4"},"up":{"uv":[10,4,8.66667,5.33333],"rotation":90,"texture":"#4"},"down":{"uv":[6.66667,10.66667,5.33333,9.33333],"rotation":270,"texture":"#4"}}},{"from":[4,6.47719,4.68467],"to":[6,7.27719,5.48467],"rotation":{"angle":-45,"axis":"x","origin":[8,8,8]},"faces":{"north":{"uv":[12.66667,10.66667,11.33333,11.33333],"texture":"#4"},"south":{"uv":[12.66667,8.66667,11.33333,9.33333],"texture":"#4"},"up":{"uv":[12,11.33333,11.33333,12.66667],"rotation":90,"texture":"#4"},"down":{"uv":[12.66667,1.33333,12,0],"rotation":270,"texture":"#4"}}},{"from":[3,6.37719,4.58467],"to":[4,7.37719,5.58467],"rotation":{"angle":-45,"axis":"x","origin":[8,8,8]},"faces":{"north":{"uv":[10.66667,12.66667,10,13.33333],"texture":"#4"},"east":{"uv":[10,12.66667,9.33333,13.33333],"texture":"#4"},"south":{"uv":[13.33333,8.66667,12.66667,9.33333],"texture":"#4"},"west":{"uv":[9.33333,12.66667,8.66667,13.33333],"texture":"#4"},"up":{"uv":[13.33333,10.66667,12.66667,11.33333],"rotation":90,"texture":"#4"},"down":{"uv":[12,13.33333,11.33333,12.66667],"rotation":270,"texture":"#4"}}},{"from":[9.32722,4.42278,10.6175],"to":[11.57722,6.67278,10.6475],"rotation":{"angle":-45,"axis":"z","origin":[8,8,8]},"faces":{"north":{"uv":[3.33333,8,5,9.66667],"texture":"#4"},"south":{"uv":[1.33333,8,3,9.66667],"texture":"#4"}}},{"from":[9.3053,9.3053,9.8975],"to":[10.4753,10.4753,11.3675],"rotation":{"angle":45,"axis":"z","origin":[8,8,8]},"faces":{"north":{"uv":[12.66667,6,13.33333,5.33333],"texture":"#4"},"east":{"uv":[12,8,13,7.33333],"texture":"#4"},"south":{"uv":[5.33333,13.33333,6,12.66667],"texture":"#4"},"west":{"uv":[12,8.66667,13,8],"texture":"#4"},"up":{"uv":[13,10.66667,12,10],"rotation":90,"texture":"#4"},"down":{"uv":[13,9.33333,12,10],"rotation":270,"texture":"#4"}}},{"from":[9.51162,9.51162,10.6175],"to":[11.76162,11.76162,10.6475],"rotation":{"angle":45,"axis":"z","origin":[8,8,8]},"faces":{"north":{"uv":[3.33333,9.66667,5,8],"texture":"#4"},"south":{"uv":[1.33333,9.66667,3,8],"texture":"#4"}}},{"from":[5,0.4375,5.3675],"to":[11,16.4375,5.3675],"rotation":{"angle":0,"axis":"y","origin":[8,8,8]},"faces":{"north":{"uv":[0,0,6,16],"texture":"#3"},"east":{"uv":[0,0,0,16],"texture":"#3"},"west":{"uv":[0,0,0,16],"texture":"#3"},"up":{"uv":[0,6,0,0],"rotation":90,"texture":"#3"},"down":{"uv":[0,0,0,6],"rotation":270,"texture":"#3"}}},{"from":[2.19289,2.19289,6.4825],"to":[5.19289,5.19289,6.9825],"rotation":{"angle":45,"axis":"z","origin":[8,8,8]},"faces":{"north":{"uv":[5.33333,2,7.33333,4],"texture":"#4"},"east":{"uv":[10.66667,12,11,14],"texture":"#4"},"south":{"uv":[5.33333,0,7.33333,2],"texture":"#4"},"west":{"uv":[12,11.33333,12.33333,13.33333],"texture":"#4"},"up":{"uv":[1.66667,14.66667,1.33333,12.66667],"rotation":90,"texture":"#4"},"down":{"uv":[2.33333,12.66667,2,14.66667],"rotation":270,"texture":"#4"}}},{"from":[6,1.90882,6.486],"to":[10,13.90882,6.979],"rotation":{"angle":0,"axis":"y","origin":[8,8,8]},"faces":{"north":{"uv":[2.66667,0,5.33333,8],"texture":"#4"},"south":{"uv":[0,0,2.66667,8],"texture":"#4"}}},{"from":[9.3903,9.3903,6.8975],"to":[10.3903,10.3903,9.8975],"rotation":{"angle":45,"axis":"z","origin":[8,8,8]},"faces":{"east":{"uv":[10,0,12,0.66667],"texture":"#4"},"west":{"uv":[10,0.66667,12,1.33333],"texture":"#4"},"up":{"uv":[3.33333,10.66667,1.33333,10],"rotation":90,"texture":"#4"},"down":{"uv":[12,1.33333,10,2],"rotation":270,"texture":"#4"}}},{"from":[9.2059,5.7941,6.8975],"to":[10.2059,6.7941,9.8975],"rotation":{"angle":-45,"axis":"z","origin":[8,8,8]},"faces":{"east":{"uv":[10,0.66667,12,0],"texture":"#4"},"west":{"uv":[10,1.33333,12,0.66667],"texture":"#4"},"up":{"uv":[12,2,10,1.33333],"rotation":90,"texture":"#4"},"down":{"uv":[3.33333,10,1.33333,10.66667],"rotation":270,"texture":"#4"}}}],"gui_light":"front","display":{"thirdperson_righthand":{"rotation":[0,-60,0],"translation":[2.25,-2,-0.5]},"thirdperson_lefthand":{"rotation":[0,-60,0],"translation":[2.25,-2,-0.5]},"firstperson_righthand":{"rotation":[0,0,10],"translation":[-0.5,1.5,1.75]},"firstperson_lefthand":{"rotation":[0,0,10],"translation":[-0.5,1.5,1.75]},"ground":{"rotation":[45,0,0],"translation":[0,5,0],"scale":[0.7,0.7,0.7]},"gui":{"rotation":[0,180,-45],"translation":[-0.75,0.75,0],"scale":[0.9,0.8,0.8]},"fixed":{"translation":[0,0,-1.75],"scale":[2,2,2]}}}