{"credit":"Made by PolygonMC","texture_size":[32,32],"textures":{"2":"lunardragonset:animations/animations_1","3":"lunardragonset:animations/animations_2","4":"lunardragonset:staff","particle":"lunardragonset:staff"},"elements":[{"from":[7.5,0.25,7.5],"to":[8.5,2,8.5],"rotation":{"angle":45,"axis":"y","origin":[8,2.75,8]},"faces":{"north":{"uv":[3,4,3.5,5],"texture":"#4"},"east":{"uv":[1,9.5,1.5,10.5],"texture":"#4"},"south":{"uv":[5.5,9.5,6,10.5],"texture":"#4"},"west":{"uv":[8.5,12,9,13],"texture":"#4"},"up":{"uv":[5.5,2,5,1.5],"texture":"#4"},"down":{"uv":[6,4.5,5.5,5],"texture":"#4"}}},{"from":[7.6,2,7.6],"to":[8.4,3.5,8.4],"rotation":{"angle":45,"axis":"y","origin":[8,2.75,8]},"faces":{"north":{"uv":[3,13,3.5,13.75],"texture":"#4"},"east":{"uv":[13,3,13.5,3.75],"texture":"#4"},"south":{"uv":[3.5,13,4,13.75],"texture":"#4"},"west":{"uv":[4,13,4.5,13.75],"texture":"#4"}}},{"from":[7.6,12,7.6],"to":[8.4,14.5,8.4],"rotation":{"angle":45,"axis":"y","origin":[8,12.75,8]},"faces":{"north":{"uv":[1.5,2.5,2,3.75],"texture":"#4"},"east":{"uv":[10.5,11,11,12.25],"texture":"#4"},"south":{"uv":[11,11,11.5,12.25],"texture":"#4"},"west":{"uv":[0,11.5,0.5,12.75],"texture":"#4"}}},{"from":[7.4,1.1,7.4],"to":[8.6,1.6,8.6],"rotation":{"angle":45,"axis":"y","origin":[8,2.85,8]},"faces":{"north":{"uv":[14,4.5,14.5,4.75],"texture":"#4"},"east":{"uv":[5,14,5.5,14.25],"texture":"#4"},"south":{"uv":[14,5,14.5,5.25],"texture":"#4"},"west":{"uv":[5.5,14,6,14.25],"texture":"#4"},"up":{"uv":[3,9.5,2.5,9],"texture":"#4"},"down":{"uv":[9.5,8.5,9,9],"texture":"#4"}}},{"from":[7.5,3.5,7.5],"to":[8.5,5.5,8.5],"rotation":{"angle":45,"axis":"y","origin":[8,2.75,8]},"faces":{"north":{"uv":[12.5,0,13,1],"texture":"#4"},"east":{"uv":[12.5,1,13,2],"texture":"#4"},"south":{"uv":[12.5,2,13,3],"texture":"#4"},"west":{"uv":[12.5,4,13,5],"texture":"#4"},"down":{"uv":[7,10.5,6.5,11],"texture":"#4"}}},{"from":[7.4,4,7.4],"to":[8.6,4.5,8.6],"rotation":{"angle":45,"axis":"y","origin":[8,2.75,8]},"faces":{"north":{"uv":[14,5.5,14.5,5.75],"texture":"#4"},"east":{"uv":[6,14,6.5,14.25],"texture":"#4"},"south":{"uv":[14,6,14.5,6.25],"texture":"#4"},"west":{"uv":[6.5,14,7,14.25],"texture":"#4"},"up":{"uv":[12.5,2,12,1.5],"texture":"#4"},"down":{"uv":[12.5,4,12,4.5],"texture":"#4"}}},{"from":[7.265,-0.62021,8],"to":[8.735,0.54979,9.17],"rotation":{"angle":-45,"axis":"x","origin":[7.415,-0.62021,8]},"faces":{"north":{"uv":[13,4,13.75,4.5],"texture":"#4"},"east":{"uv":[0.5,13.5,1,14],"texture":"#4"},"south":{"uv":[4.5,13,5.25,13.5],"texture":"#4"},"west":{"uv":[1,13.5,1.5,14],"texture":"#4"},"up":{"uv":[13.75,5,13,4.5],"texture":"#4"},"down":{"uv":[6.25,13,5.5,13.5],"texture":"#4"}}},{"from":[8.19324,20.00574,7],"to":[10.19324,22.00574,9],"rotation":{"angle":45,"axis":"z","origin":[8,19.8125,8]},"faces":{"north":{"uv":[2.5,9.5,3.5,10.5],"texture":"#4"},"east":{"uv":[8.5,9,9.5,10],"texture":"#4"},"south":{"uv":[0,9.5,1,10.5],"texture":"#4"},"west":{"uv":[9.5,0,10.5,1],"texture":"#4"},"up":{"uv":[10.5,4,9.5,3],"rotation":90,"texture":"#4"},"down":{"uv":[4.5,9.5,3.5,10.5],"rotation":270,"texture":"#4"}}},{"from":[8.44324,20.25574,6.75],"to":[9.94324,21.75574,9.25],"rotation":{"angle":45,"axis":"z","origin":[8,19.8125,8]},"faces":{"north":{"uv":[7.5,12,8.25,12.75],"texture":"#4"},"east":{"uv":[5,10.5,6.25,11.25],"texture":"#4"},"south":{"uv":[12,3,12.75,3.75],"texture":"#4"},"west":{"uv":[10.5,7.5,11.75,8.25],"texture":"#4"},"up":{"uv":[11.75,9.25,10.5,8.5],"rotation":90,"texture":"#4"},"down":{"uv":[12.25,2,11,2.75],"rotation":270,"texture":"#4"}}},{"from":[7.08934,5.5,8.15],"to":[8.28934,8,9.35],"rotation":{"angle":45,"axis":"y","origin":[6.93934,1.5,8]},"faces":{"north":{"uv":[11.5,0,12,1.25],"texture":"#4"},"east":{"uv":[0.5,11.5,1,12.75],"texture":"#4"},"south":{"uv":[1,11.5,1.5,12.75],"texture":"#4"},"west":{"uv":[1.5,11.5,2,12.75],"texture":"#4"},"up":{"uv":[2.5,14,2,13.5],"texture":"#4"},"down":{"uv":[3,13.5,2.5,14],"texture":"#4"}}},{"from":[7.08934,9.5,8.15],"to":[8.28934,12,9.35],"rotation":{"angle":45,"axis":"y","origin":[6.93934,9.5,8]},"faces":{"north":{"uv":[2,11.5,2.5,12.75],"texture":"#4"},"east":{"uv":[2.5,11.5,3,12.75],"texture":"#4"},"south":{"uv":[3,11.5,3.5,12.75],"texture":"#4"},"west":{"uv":[11.5,3,12,4.25],"texture":"#4"},"up":{"uv":[14,3,13.5,2.5],"texture":"#4"},"down":{"uv":[14,3,13.5,3.5],"texture":"#4"}}},{"from":[7.5,8,7.5],"to":[8.5,9.5,8.5],"rotation":{"angle":45,"axis":"y","origin":[8,5.25,8]},"faces":{"north":{"uv":[6.5,13,7,13.75],"texture":"#4"},"east":{"uv":[7,13,7.5,13.75],"texture":"#4"},"south":{"uv":[7.5,13,8,13.75],"texture":"#4"},"west":{"uv":[13,7.5,13.5,8.25],"texture":"#4"}}},{"from":[7.08934,14.5,8.15],"to":[8.28934,17,9.35],"rotation":{"angle":45,"axis":"y","origin":[6.93934,10.5,8]},"faces":{"north":{"uv":[3.5,11.5,4,12.75],"texture":"#4"},"east":{"uv":[4,11.5,4.5,12.75],"texture":"#4"},"south":{"uv":[4.5,11.5,5,12.75],"texture":"#4"},"west":{"uv":[5,11.5,5.5,12.75],"texture":"#4"},"up":{"uv":[14,4,13.5,3.5],"texture":"#4"},"down":{"uv":[5,13.5,4.5,14],"texture":"#4"}}},{"from":[7.08934,18.5,8.15],"to":[8.28934,21,9.35],"rotation":{"angle":45,"axis":"y","origin":[6.93934,18.5,8]},"faces":{"north":{"uv":[5.5,11.5,6,12.75],"texture":"#4"},"east":{"uv":[6,11.5,6.5,12.75],"texture":"#4"},"south":{"uv":[6.5,11.5,7,12.75],"texture":"#4"},"west":{"uv":[7,11.5,7.5,12.75],"texture":"#4"},"up":{"uv":[5.5,14,5,13.5],"texture":"#4"},"down":{"uv":[14,5,13.5,5.5],"texture":"#4"}}},{"from":[7.5,17,7.5],"to":[8.5,18.5,8.5],"rotation":{"angle":45,"axis":"y","origin":[8,14.25,8]},"faces":{"north":{"uv":[8,13,8.5,13.75],"texture":"#4"},"east":{"uv":[8.5,13,9,13.75],"texture":"#4"},"south":{"uv":[13,8.5,13.5,9.25],"texture":"#4"},"west":{"uv":[9,13,9.5,13.75],"texture":"#4"}}},{"from":[7.985,-2.75,8.75],"to":[8.015,-0.5,11],"rotation":{"angle":-45,"axis":"x","origin":[7.985,-3.5,8]},"faces":{"east":{"uv":[1.5,6,2.75,7.25],"texture":"#4"},"west":{"uv":[6,4.5,7.25,5.75],"texture":"#4"}}},{"from":[10.66421,20.50839,8.69059],"to":[11.66421,21.50839,9.69059],"rotation":{"angle":-45,"axis":"x","origin":[8,19.8125,8]},"faces":{"north":{"uv":[13.5,6,14,6.5],"texture":"#4"},"east":{"uv":[5.5,13.5,6,14],"texture":"#4"},"south":{"uv":[13.5,5.5,14,6],"texture":"#4"},"west":{"uv":[6,13.5,6.5,14],"texture":"#4"},"up":{"uv":[14,7,13.5,6.5],"rotation":90,"texture":"#4"},"down":{"uv":[14,7,13.5,7.5],"rotation":270,"texture":"#4"}}},{"from":[8.66421,20.68339,8.86559],"to":[10.66421,21.33339,9.51559],"rotation":{"angle":-45,"axis":"x","origin":[8,19.8125,8]},"faces":{"north":{"uv":[13.5,8,14.5,8.25],"texture":"#4"},"south":{"uv":[13.5,7.5,14.5,7.75],"texture":"#4"},"up":{"uv":[13.75,9.5,13.5,8.5],"rotation":90,"texture":"#4"},"down":{"uv":[9.75,13.5,9.5,14.5],"rotation":270,"texture":"#4"}}},{"from":[9.23004,18.375,9.22473],"to":[11.23004,19.375,11.22473],"rotation":{"angle":45,"axis":"y","origin":[8,19.8125,8]},"faces":{"north":{"uv":[12.5,6.5,13.5,7],"texture":"#4"},"east":{"uv":[12.5,5,13.5,5.5],"texture":"#4"},"south":{"uv":[12.5,5.5,13.5,6],"texture":"#4"},"west":{"uv":[12.5,6,13.5,6.5],"texture":"#4"},"up":{"uv":[5.5,10.5,4.5,9.5],"rotation":90,"texture":"#4"},"down":{"uv":[10.5,8.5,9.5,9.5],"rotation":270,"texture":"#4"}}},{"from":[9.73004,19.375,9.72473],"to":[10.73004,19.875,10.72473],"rotation":{"angle":45,"axis":"y","origin":[8,19.8125,8]},"faces":{"north":{"uv":[7.5,14,8,14.25],"texture":"#4"},"east":{"uv":[14,6.5,14.5,6.75],"texture":"#4"},"south":{"uv":[7,14,7.5,14.25],"texture":"#4"},"west":{"uv":[14,7,14.5,7.25],"texture":"#4"},"up":{"uv":[10.5,14,10,13.5],"rotation":90,"texture":"#4"}}},{"from":[9.73004,17.875,9.72473],"to":[10.73004,18.375,10.72473],"rotation":{"angle":45,"axis":"y","origin":[8,19.8125,8]},"faces":{"north":{"uv":[9,14,9.5,14.25],"texture":"#4"},"east":{"uv":[8,14,8.5,14.25],"texture":"#4"},"south":{"uv":[8.5,14,9,14.25],"texture":"#4"},"west":{"uv":[14,8.5,14.5,8.75],"texture":"#4"},"down":{"uv":[14,10,13.5,10.5],"rotation":270,"texture":"#4"}}},{"from":[10.4125,16.06789,7.99375],"to":[11.9125,20.81789,8.01375],"rotation":{"angle":45,"axis":"y","origin":[11.1625,18.44289,8.00375]},"faces":{"north":{"uv":[3,0,0,10],"texture":"#2"},"south":{"uv":[0,0,3,10],"texture":"#2"}}},{"from":[4.33579,20.50839,8.69059],"to":[5.33579,21.50839,9.69059],"rotation":{"angle":-45,"axis":"x","origin":[8,19.8125,8]},"faces":{"north":{"uv":[14,6,13.5,6.5],"texture":"#4"},"east":{"uv":[6.5,13.5,6,14],"texture":"#4"},"south":{"uv":[14,5.5,13.5,6],"texture":"#4"},"west":{"uv":[6,13.5,5.5,14],"texture":"#4"},"up":{"uv":[14,6.5,13.5,7],"rotation":90,"texture":"#4"},"down":{"uv":[14,7.5,13.5,7],"rotation":270,"texture":"#4"}}},{"from":[5.33579,20.68339,8.86559],"to":[7.33579,21.33339,9.51559],"rotation":{"angle":-45,"axis":"x","origin":[8,19.8125,8]},"faces":{"north":{"uv":[14.5,8,13.5,8.25],"texture":"#4"},"south":{"uv":[14.5,7.5,13.5,7.75],"texture":"#4"},"up":{"uv":[13.75,8.5,13.5,9.5],"rotation":90,"texture":"#4"},"down":{"uv":[9.75,14.5,9.5,13.5],"rotation":270,"texture":"#4"}}},{"from":[4.76996,18.375,9.22473],"to":[6.76996,19.375,11.22473],"rotation":{"angle":-45,"axis":"y","origin":[8,19.8125,8]},"faces":{"north":{"uv":[13.5,6.5,12.5,7],"texture":"#4"},"east":{"uv":[13.5,6,12.5,6.5],"texture":"#4"},"south":{"uv":[13.5,5.5,12.5,6],"texture":"#4"},"west":{"uv":[13.5,5,12.5,5.5],"texture":"#4"},"up":{"uv":[5.5,9.5,4.5,10.5],"rotation":90,"texture":"#4"},"down":{"uv":[10.5,9.5,9.5,8.5],"rotation":270,"texture":"#4"}}},{"from":[5.26996,19.375,9.72473],"to":[6.26996,19.875,10.72473],"rotation":{"angle":-45,"axis":"y","origin":[8,19.8125,8]},"faces":{"north":{"uv":[8,14,7.5,14.25],"texture":"#4"},"east":{"uv":[14.5,7,14,7.25],"texture":"#4"},"south":{"uv":[7.5,14,7,14.25],"texture":"#4"},"west":{"uv":[14.5,6.5,14,6.75],"texture":"#4"},"up":{"uv":[10.5,13.5,10,14],"rotation":90,"texture":"#4"}}},{"from":[5.26996,17.875,9.72473],"to":[6.26996,18.375,10.72473],"rotation":{"angle":-45,"axis":"y","origin":[8,19.8125,8]},"faces":{"north":{"uv":[9.5,14,9,14.25],"texture":"#4"},"east":{"uv":[14.5,8.5,14,8.75],"texture":"#4"},"south":{"uv":[9,14,8.5,14.25],"texture":"#4"},"west":{"uv":[8.5,14,8,14.25],"texture":"#4"},"down":{"uv":[14,10.5,13.5,10],"rotation":270,"texture":"#4"}}},{"from":[4.0875,16.06789,7.99375],"to":[5.5875,20.81789,8.01375],"rotation":{"angle":-45,"axis":"y","origin":[4.8375,18.44289,8.00375]},"faces":{"north":{"uv":[0,0,3,10],"texture":"#2"},"south":{"uv":[3,0,0,10],"texture":"#2"}}},{"from":[5.9,19.65,4],"to":[5.9,27.65,12],"rotation":{"angle":0,"axis":"y","origin":[0,11,-16]},"faces":{"west":{"uv":[0,0,16,16],"texture":"#3"}}},{"from":[10.1,19.65,4],"to":[10.1,27.65,12],"rotation":{"angle":0,"axis":"y","origin":[16,11,-16]},"faces":{"east":{"uv":[16,0,0,16],"texture":"#3"}}},{"from":[6.5035,22.79539,3.43717],"to":[9.4965,23.79539,7.43717],"rotation":{"angle":-22.5,"axis":"x","origin":[6.0035,22.29539,3.43717]},"faces":{"north":{"uv":[6.5,11,8,11.5],"texture":"#4"},"east":{"uv":[9.5,1,11.5,1.5],"texture":"#4"},"south":{"uv":[11,6.5,12.5,7],"texture":"#4"},"west":{"uv":[9.5,4,11.5,4.5],"texture":"#4"},"up":{"uv":[3.5,2,2,0],"texture":"#4"},"down":{"uv":[3.5,2,2,4],"texture":"#4"}}},{"from":[7.985,21.29539,3.43717],"to":[8.015,22.79539,4.93717],"rotation":{"angle":-22.5,"axis":"x","origin":[4.492,22.29539,3.43717]},"faces":{"east":{"uv":[12.75,12,12,12.75],"texture":"#4"},"west":{"uv":[12,12,12.75,12.75],"texture":"#4"}}},{"from":[6.8,23.66228,2.968],"to":[9.2,24.16228,2.998],"rotation":{"angle":-22.5,"axis":"x","origin":[7.45,24.16228,2.718]},"faces":{"north":{"uv":[13.5,1,14.75,1.25],"texture":"#4"},"south":{"uv":[14.75,1,13.5,1.25],"texture":"#4"}}},{"from":[6.8,23.79539,3.73717],"to":[6.83,24.29539,5.73717],"rotation":{"angle":-22.5,"axis":"x","origin":[9.993,22.29539,3.43717]},"faces":{"east":{"uv":[5,14,4,14.25],"texture":"#4"},"west":{"uv":[4,14,5,14.25],"texture":"#4"}}},{"from":[9.17,23.79539,3.73717],"to":[9.2,24.29539,5.73717],"rotation":{"angle":-22.5,"axis":"x","origin":[6.007,22.29539,3.43717]},"faces":{"east":{"uv":[5,14,4,14.25],"texture":"#4"},"west":{"uv":[4,14,5,14.25],"texture":"#4"}}},{"from":[7,23.79539,3.93717],"to":[9,24.29539,6.43717],"rotation":{"angle":-22.5,"axis":"x","origin":[6,22.29539,3.43717]},"faces":{"north":{"uv":[13.5,10.5,14.5,10.75],"texture":"#4"},"east":{"uv":[13,12.5,14.25,12.75],"texture":"#4"},"west":{"uv":[13.5,0.5,14.75,0.75],"texture":"#4"},"up":{"uv":[10,7.25,9,6],"texture":"#4"}}},{"from":[6.5,24.75,2.75],"to":[9.5,25.75,6.75],"rotation":{"angle":0,"axis":"y","origin":[6,24.75,2.75]},"faces":{"north":{"uv":[11,7,12.5,7.5],"texture":"#4"},"east":{"uv":[9.5,9.5,11.5,10],"texture":"#4"},"south":{"uv":[8,11,9.5,11.5],"texture":"#4"},"west":{"uv":[10,1.5,12,2],"texture":"#4"},"up":{"uv":[1.5,4.5,0,2.5],"texture":"#4"},"down":{"uv":[5,0,3.5,2],"texture":"#4"}}},{"from":[6.6505,24.25,2.85],"to":[9.3505,24.75,2.88],"rotation":{"angle":0,"axis":"z","origin":[8.3505,24.5,2.85]},"faces":{"north":{"uv":[13.5,2,14.75,2.25],"texture":"#4"},"south":{"uv":[14.75,2,13.5,2.25],"texture":"#4"}}},{"from":[6.6505,24.25,2.85],"to":[6.6805,24.75,4.85],"rotation":{"angle":0,"axis":"y","origin":[10.0005,24.75,2.75]},"faces":{"east":{"uv":[15,4,14,4.25],"texture":"#4"},"west":{"uv":[14,4,15,4.25],"texture":"#4"}}},{"from":[9.3195,24.25,2.85],"to":[9.3495,24.75,4.85],"rotation":{"angle":0,"axis":"y","origin":[5.9995,24.75,2.75]},"faces":{"east":{"uv":[15,4,14,4.25],"texture":"#4"},"west":{"uv":[14,4,15,4.25],"texture":"#4"}}},{"from":[6.5,25.75,4.25],"to":[9.5,27.25,6.75],"rotation":{"angle":0,"axis":"y","origin":[6,26.25,2.75]},"faces":{"north":{"uv":[7,9,8.5,9.75],"texture":"#4"},"east":{"uv":[11,4.5,12.25,5.25],"texture":"#4"},"south":{"uv":[9,7.5,10.5,8.25],"texture":"#4"},"west":{"uv":[11,5.5,12.25,6.25],"texture":"#4"},"up":{"uv":[6.5,1.25,5,0],"texture":"#4"}}},{"from":[6.25,26.5,4.25],"to":[7.25,27.5,5.75],"rotation":{"angle":-22.5,"axis":"x","origin":[0.25,26.5,4.25]},"faces":{"north":{"uv":[11.5,13.5,12,14],"texture":"#4"},"east":{"uv":[9.5,13,10.25,13.5],"texture":"#4"},"south":{"uv":[12.5,13.5,13,14],"texture":"#4"},"west":{"uv":[13,9.5,13.75,10],"texture":"#4"},"up":{"uv":[13.5,10.75,13,10],"texture":"#4"},"down":{"uv":[11,13,10.5,13.75],"texture":"#4"}}},{"from":[8.75,26.5,4.25],"to":[9.75,27.5,5.75],"rotation":{"angle":-22.5,"axis":"x","origin":[15.75,26.5,4.25]},"faces":{"north":{"uv":[13,13.5,13.5,14],"texture":"#4"},"east":{"uv":[13,11,13.75,11.5],"texture":"#4"},"south":{"uv":[13.5,13,14,13.5],"texture":"#4"},"west":{"uv":[13,11.5,13.75,12],"texture":"#4"},"up":{"uv":[11.5,13.75,11,13],"texture":"#4"},"down":{"uv":[12.5,13,12,13.75],"texture":"#4"}}},{"from":[6.65,27.15223,5.77217],"to":[7.65,28.15223,7.77217],"rotation":{"angle":-22.5,"axis":"x","origin":[6.5,28.65223,7.52217]},"faces":{"north":{"uv":[13.5,13.5,14,14],"texture":"#4"},"east":{"uv":[12.5,7,13.5,7.5],"texture":"#4"},"south":{"uv":[0,14,0.5,14.5],"texture":"#4"},"west":{"uv":[10.5,12.5,11.5,13],"texture":"#4"},"up":{"uv":[12,13.5,11.5,12.5],"texture":"#4"},"down":{"uv":[0.5,13,0,14],"texture":"#4"}}},{"from":[6.65,28.15223,6.77217],"to":[7.65,29.15223,7.77217],"rotation":{"angle":-22.5,"axis":"x","origin":[6.5,28.65223,7.52217]},"faces":{"north":{"uv":[14,0,14.5,0.5],"texture":"#4"},"east":{"uv":[0.5,14,1,14.5],"texture":"#4"},"south":{"uv":[1,14,1.5,14.5],"texture":"#4"},"west":{"uv":[1.5,14,2,14.5],"texture":"#4"},"up":{"uv":[14.5,2,14,1.5],"texture":"#4"}}},{"from":[8.35,27.15223,5.77217],"to":[9.35,28.15223,7.77217],"rotation":{"angle":-22.5,"axis":"x","origin":[9.5,28.65223,7.52217]},"faces":{"north":{"uv":[3.5,14,4,14.5],"texture":"#4"},"east":{"uv":[13,0,14,0.5],"texture":"#4"},"south":{"uv":[14,3.5,14.5,4],"texture":"#4"},"west":{"uv":[0.5,13,1.5,13.5],"texture":"#4"},"up":{"uv":[13.5,1.5,13,0.5],"texture":"#4"},"down":{"uv":[2,13,1.5,14],"texture":"#4"}}},{"from":[8.35,28.15223,6.77217],"to":[9.35,29.15223,7.77217],"rotation":{"angle":-22.5,"axis":"x","origin":[9.5,28.65223,7.52217]},"faces":{"north":{"uv":[2,14,2.5,14.5],"texture":"#4"},"east":{"uv":[2.5,14,3,14.5],"texture":"#4"},"south":{"uv":[14,2.5,14.5,3],"texture":"#4"},"west":{"uv":[3,14,3.5,14.5],"texture":"#4"},"up":{"uv":[14.5,3.5,14,3],"texture":"#4"}}},{"from":[7,25.25,2.25],"to":[9,26.25,3.75],"rotation":{"angle":0,"axis":"y","origin":[7,25.75,2.75]},"faces":{"north":{"uv":[13,1.5,14,2],"texture":"#4"},"east":{"uv":[13,12,13.75,12.5],"texture":"#4"},"south":{"uv":[2,13,3,13.5],"texture":"#4"},"west":{"uv":[12.5,13,13.25,13.5],"texture":"#4"},"up":{"uv":[10.5,11.75,9.5,11],"texture":"#4"},"down":{"uv":[12,10,11,10.75],"texture":"#4"}}},{"from":[6.5,24.25,6.65],"to":[6.53,27.25,8.65],"rotation":{"angle":-22.5,"axis":"y","origin":[6.5,22.25,6.75]},"faces":{"east":{"uv":[2.5,9,1.5,10.5],"texture":"#4"},"west":{"uv":[1.5,9,2.5,10.5],"texture":"#4"}}},{"from":[9.5,24.25,6.65],"to":[9.53,27.25,8.65],"rotation":{"angle":22.5,"axis":"y","origin":[9.5,22.25,6.75]},"faces":{"east":{"uv":[9,4.5,10,6],"texture":"#4"},"west":{"uv":[10,4.5,9,6],"texture":"#4"}}},{"from":[6.75,24.07874,6.36784],"to":[9.25,26.57874,9.86784],"rotation":{"angle":22.5,"axis":"x","origin":[7.75,26.07874,7.61784]},"faces":{"east":{"uv":[3.5,2,5.25,3.25],"texture":"#4"},"south":{"uv":[6,6,7.25,7.25],"texture":"#4"},"west":{"uv":[3.5,3.5,5.25,4.75],"texture":"#4"},"up":{"uv":[2.75,5.75,1.5,4],"texture":"#4"},"down":{"uv":[1.25,4.5,0,6.25],"texture":"#4"}}},{"from":[7.985,26.6168,7.1765],"to":[8.015,27.6168,9.6765],"rotation":{"angle":22.5,"axis":"x","origin":[8.985,25.6168,7.4265]},"faces":{"east":{"uv":[8.75,11.5,7.5,12],"texture":"#4"},"west":{"uv":[7.5,11.5,8.75,12],"texture":"#4"}}},{"from":[7.985,24.64931,10.12534],"to":[8.015,25.64931,12.62534],"rotation":{"angle":45,"axis":"x","origin":[7.985,25.14931,11.12534]},"faces":{"east":{"uv":[12.75,9.5,11.5,10],"texture":"#4"},"west":{"uv":[11.5,9.5,12.75,10],"texture":"#4"}}},{"from":[6.7535,22.48332,8.49146],"to":[9.2465,24.80832,11.49146],"rotation":{"angle":45,"axis":"x","origin":[8.0035,23.55832,10.24146]},"faces":{"east":{"uv":[3,5,4.5,6.25],"texture":"#4"},"south":{"uv":[0,6.5,1.25,7.75],"texture":"#4"},"west":{"uv":[4.5,5,6,6.25],"texture":"#4"},"up":{"uv":[6.75,3,5.5,1.5],"texture":"#4"},"down":{"uv":[6.75,3,5.5,4.5],"texture":"#4"}}},{"from":[6.7585,20.71317,10.62407],"to":[9.2415,23.21317,12.78407],"rotation":{"angle":-22.5,"axis":"x","origin":[8.005,21.46317,11.52407]},"faces":{"north":{"uv":[6.5,0,7.75,1.25],"texture":"#4"},"east":{"uv":[3,6.5,4.25,7.75],"texture":"#4"},"south":{"uv":[4.5,6.5,5.75,7.75],"texture":"#4"},"west":{"uv":[7,1.5,8.25,2.75],"texture":"#4"},"down":{"uv":[8.25,3,7,4.25],"texture":"#4"}}},{"from":[7.985,20.90452,12.73601],"to":[8.015,23.40452,13.73601],"rotation":{"angle":-22.5,"axis":"x","origin":[9.2315,21.65452,11.98601]},"faces":{"east":{"uv":[9.5,11.5,9,12.75],"texture":"#4"},"west":{"uv":[9,11.5,9.5,12.75],"texture":"#4"}}},{"from":[6.7635,18.74862,10.96594],"to":[9.2365,21.24862,12.96594],"rotation":{"angle":0,"axis":"x","origin":[8.005,19.99862,11.71594]},"faces":{"north":{"uv":[1.5,7.5,2.75,8.75],"texture":"#4"},"east":{"uv":[7.5,4.5,8.75,5.75],"texture":"#4"},"south":{"uv":[6,7.5,7.25,8.75],"texture":"#4"},"west":{"uv":[7.5,6,8.75,7.25],"texture":"#4"},"down":{"uv":[8.75,7.5,7.5,8.75],"texture":"#4"}}},{"from":[7.985,18.74862,12.96594],"to":[8.015,21.24862,13.96594],"rotation":{"angle":0,"axis":"x","origin":[9.2265,19.99862,11.71594]},"faces":{"east":{"uv":[12,11,11.5,12.25],"texture":"#4"},"west":{"uv":[11.5,11,12,12.25],"texture":"#4"}}},{"from":[6.7685,16.59376,11.88078],"to":[9.2315,19.09376,13.73078],"rotation":{"angle":22.5,"axis":"x","origin":[8.01,20.84376,12.48078]},"faces":{"north":{"uv":[0,8,1.25,9.25],"texture":"#4"},"east":{"uv":[8,0,9.25,1.25],"texture":"#4"},"south":{"uv":[3,8,4.25,9.25],"texture":"#4"},"west":{"uv":[4.5,8,5.75,9.25],"texture":"#4"},"down":{"uv":[9.75,1.5,8.5,2.75],"texture":"#4"}}},{"from":[7.985,16.59376,13.73078],"to":[8.015,19.09376,14.73078],"rotation":{"angle":22.5,"axis":"x","origin":[9.2265,20.84376,12.48078]},"faces":{"east":{"uv":[12.5,0,12,1.25],"texture":"#4"},"west":{"uv":[12,0,12.5,1.25],"texture":"#4"}}},{"from":[6.89615,15.42376,9.55307],"to":[9.10385,17.67376,11.25307],"rotation":{"angle":45,"axis":"x","origin":[8.009,16.17376,10.15307]},"faces":{"north":{"uv":[10,2,11,3],"texture":"#4"},"east":{"uv":[10,4.5,11,5.5],"texture":"#4"},"south":{"uv":[10,5.5,11,6.5],"texture":"#4"},"west":{"uv":[10,6.5,11,7.5],"texture":"#4"},"down":{"uv":[8,10,7,11],"texture":"#4"}}},{"from":[7.985,15.42376,11.25307],"to":[8.015,17.67376,12.25307],"rotation":{"angle":45,"axis":"x","origin":[9.09785,16.17376,10.15307]},"faces":{"east":{"uv":[13.5,2,13,3],"texture":"#4"},"west":{"uv":[13,2,13.5,3],"texture":"#4"}}},{"from":[7.01059,13.91855,9.81763],"to":[8.98942,15.79355,11.31763],"rotation":{"angle":22.5,"axis":"x","origin":[8.01215,17.36105,10.30513]},"faces":{"north":{"uv":[8,10,9,11],"texture":"#4"},"east":{"uv":[9,10,10,11],"texture":"#4"},"south":{"uv":[10,10,11,11],"texture":"#4"},"west":{"uv":[0,10.5,1,11.5],"texture":"#4"},"down":{"uv":[11.5,0,10.5,1],"texture":"#4"}}},{"from":[7.11317,12.74556,8.57731],"to":[8.88683,14.41806,9.89981],"rotation":{"angle":0,"axis":"x","origin":[8.00364,13.65681,8.96356]},"faces":{"north":{"uv":[1,10.5,2,11.5],"texture":"#4"},"east":{"uv":[2,10.5,3,11.5],"texture":"#4"},"south":{"uv":[3,10.5,4,11.5],"texture":"#4"},"west":{"uv":[10.5,3,11.5,4],"texture":"#4"},"down":{"uv":[5,10.5,4,11.5],"texture":"#4"}}},{"from":[7.20513,11.48159,8.82873],"to":[8.79487,12.92184,9.99398],"rotation":{"angle":-22.5,"axis":"x","origin":[8.00328,12.30172,9.14886]},"faces":{"north":{"uv":[12,7.5,12.75,8.25],"texture":"#4"},"east":{"uv":[12,8.5,12.75,9.25],"texture":"#4"},"south":{"uv":[9.5,12,10.25,12.75],"texture":"#4"},"west":{"uv":[12,10,12.75,10.75],"texture":"#4"},"down":{"uv":[12.75,11,12,11.75],"texture":"#4"}}},{"from":[8,7.7042,11.26364],"to":[8,12.7042,15.26364],"rotation":{"angle":-45,"axis":"x","origin":[8,7.7042,12.26364]},"faces":{"east":{"uv":[2,0,0,2.5],"texture":"#4"},"west":{"uv":[0,0,2,2.5],"texture":"#4"}}}],"gui_light":"front","display":{"thirdperson_righthand":{"translation":[0,-5.25,1]},"thirdperson_lefthand":{"translation":[0,-5.25,1]},"firstperson_righthand":{"rotation":[-10,0,0],"translation":[2,-4.75,0.75]},"firstperson_lefthand":{"rotation":[-10,0,0],"translation":[2,-4.75,0.75]},"ground":{"rotation":[-45,0,0],"translation":[0,5,0],"scale":[0.7,0.7,0.7]},"gui":{"rotation":[-90,45,90],"translation":[3.25,-2.75,0],"scale":[0.7,0.7,0.7]},"head":{"rotation":[0,-90,0]},"fixed":{"rotation":[0,-90,0],"translation":[0,-5.75,-1.75],"scale":[2,2,2]}}}