{"credit":"Made by PolygonMC","texture_size":[24,24],"textures":{"1":"lunardragonset:tail"},"elements":[{"from":[7,-2.55047,4.13256],"to":[9,-0.55047,6.63257],"rotation":{"angle":45,"axis":"x","origin":[7,-2.55047,4.13256]},"faces":{"north":{"uv":[2.66667,6,5.33333,8.66667],"texture":"#1","tintindex":0},"east":{"uv":[0,3.33333,3.33333,6],"texture":"#1","tintindex":0},"south":{"uv":[5.33333,6,8,8.66667],"texture":"#1","tintindex":0},"west":{"uv":[3.33333,3.33333,6.66667,6],"texture":"#1","tintindex":0},"up":{"uv":[6.66667,3.33333,4,0],"texture":"#1","tintindex":0},"down":{"uv":[2.66667,6,0,9.33333],"texture":"#1","tintindex":0}}},{"from":[7.9875,-0.55047,4.13256],"to":[8.0125,0.19953,6.63257],"rotation":{"angle":45,"axis":"x","origin":[7.9875,-2.55047,4.13256]},"faces":{"east":{"uv":[10,9.33333,6.66667,10.33333],"texture":"#1","tintindex":0},"west":{"uv":[6.66667,9.33333,10,10.33333],"texture":"#1","tintindex":0}}},{"from":[7.99,-1.98023,6.34268],"to":[8.01,-1.23023,7.84268],"rotation":{"angle":22.5,"axis":"x","origin":[7.99,-3.98023,4.34268]},"faces":{"east":{"uv":[12,6,10,7],"texture":"#1","tintindex":0},"west":{"uv":[10,6,12,7],"texture":"#1","tintindex":0}}},{"from":[7.9975,-3.59506,8.32933],"to":[8.0025,-2.84506,9.32933],"rotation":{"angle":0,"axis":"x","origin":[7.9975,-3.09506,8.45433]},"faces":{"east":{"uv":[8,4,6.66667,5],"texture":"#1","tintindex":0},"west":{"uv":[6.66667,4,8,5],"texture":"#1","tintindex":0}}},{"from":[7.2,-4.74324,5.93955],"to":[8.8,-3.14324,7.93955],"rotation":{"angle":22.5,"axis":"x","origin":[8,-4.31824,7.31455]},"faces":{"east":{"uv":[6.66667,0,9.33333,2],"texture":"#1","tintindex":0},"south":{"uv":[2.66667,8.66667,4.66667,10.66667],"texture":"#1","tintindex":0},"west":{"uv":[6.66667,2,9.33333,4],"texture":"#1","tintindex":0},"up":{"uv":[10,6.66667,8,4],"texture":"#1","tintindex":0},"down":{"uv":[10,6.66667,8,9.33333],"texture":"#1","tintindex":0}}},{"from":[7.36,-4.87506,7.72933],"to":[8.64,-3.59506,9.32933],"rotation":{"angle":0,"axis":"x","origin":[8,-4.31007,8.52933]},"faces":{"east":{"uv":[4.66667,8.66667,6.66667,10.33333],"texture":"#1","tintindex":0},"south":{"uv":[10,4,11.66667,5.66667],"texture":"#1","tintindex":0},"west":{"uv":[0,9.33333,2,11],"texture":"#1","tintindex":0},"up":{"uv":[11,2,9.33333,0],"texture":"#1","tintindex":0},"down":{"uv":[11,2,9.33333,4],"texture":"#1","tintindex":0}}},{"from":[7.9925,-5.49502,8.77644],"to":[8.0075,-2.99502,11.77645],"rotation":{"angle":0,"axis":"y","origin":[7.9925,-6.99502,3.27645]},"faces":{"east":{"uv":[16,0,12,3.33333],"texture":"#1","tintindex":0},"west":{"uv":[12,0,16,3.33333],"texture":"#1","tintindex":0}}}],"gui_light":"front","display":{"thirdperson_righthand":{"rotation":[-173,0,-180],"translation":[0,2.25,-1.5]},"thirdperson_lefthand":{"rotation":[64.25,0,0],"translation":[-5.25,-11.75,4.75]},"firstperson_righthand":{"rotation":[32.5,0,0],"translation":[0,4,-0.25]},"firstperson_lefthand":{"translation":[0,3.25,-0.25],"scale":[0,0,0]},"ground":{"translation":[0,5,0]},"gui":{"rotation":[0,55,0],"translation":[0.75,25,0],"scale":[2.17,2.17,2.17]},"head":{"translation":[0,-80,12.75],"scale":[4,4,4]},"fixed":{"rotation":[0,180,0],"translation":[0,-1.25,-8.5],"scale":[2,2,2]}}}