{"credit":"Made by PolygonMC","texture_size":[24,24],"textures":{"0":"lunardragonset:wings","1":"lunardragonset:animations/animations_3","particle":"lunardragonset:wings"},"elements":[{"from":[7.60592,-15.75,7.52866],"to":[16.10592,-8.25,7.54366],"rotation":{"angle":-22.5,"axis":"y","origin":[8,-12,9.13333]},"faces":{"north":{"uv":[0,0,11.33333,10],"texture":"#0","tintindex":0},"south":{"uv":[11.33333,0,0,10],"texture":"#0","tintindex":0}}},{"from":[-0.10592,-15.75,7.52866],"to":[8.39408,-8.25,7.54366],"rotation":{"angle":22.5,"axis":"y","origin":[8,-12,9.13333]},"faces":{"north":{"uv":[11.33333,0,0,10],"texture":"#0","tintindex":0},"south":{"uv":[0,0,11.33333,10],"texture":"#0","tintindex":0}}},{"from":[8.34985,-13.25,8.8867],"to":[16.34985,-10.25,8.8867],"rotation":{"angle":-22.5,"axis":"y","origin":[11.84985,-16.75,9.2617]},"faces":{"north":{"uv":[0,16,6,0],"rotation":270,"texture":"#1","tintindex":0},"east":{"uv":[0,6,0,0],"rotation":180,"texture":"#1","tintindex":0},"west":{"uv":[0,0,0,6],"texture":"#1","tintindex":0},"up":{"uv":[0,0,0,16],"rotation":90,"texture":"#1","tintindex":0},"down":{"uv":[0,0,0,16],"rotation":90,"texture":"#1","tintindex":0}}},{"from":[8.34985,-13.25,9.2617],"to":[16.34985,-10.25,9.2617],"rotation":{"angle":-22.5,"axis":"y","origin":[11.84985,-16.75,9.2617]},"faces":{"south":{"uv":[0,0,6,16],"rotation":270,"texture":"#1","tintindex":0}}},{"from":[-0.34985,-13.25,9.2617],"to":[7.65016,-10.25,9.2617],"rotation":{"angle":22.5,"axis":"y","origin":[4.15016,-16.75,9.2617]},"faces":{"south":{"uv":[0,16,6,0],"rotation":270,"texture":"#1","tintindex":0}}},{"from":[-0.34985,-13.25,8.8867],"to":[7.65016,-10.25,8.8867],"rotation":{"angle":22.5,"axis":"y","origin":[4.15016,-16.75,9.2617]},"faces":{"north":{"uv":[0,0,6,16],"rotation":270,"texture":"#1","tintindex":0},"east":{"uv":[0,0,0,6],"texture":"#1","tintindex":0},"west":{"uv":[0,6,0,0],"rotation":180,"texture":"#1","tintindex":0},"up":{"uv":[0,16,0,0],"rotation":90,"texture":"#1","tintindex":0},"down":{"uv":[0,16,0,0],"rotation":90,"texture":"#1","tintindex":0}}}],"gui_light":"front","display":{"thirdperson_righthand":{"rotation":[-131.75,0,-180],"translation":[0,0.5,-0.25],"scale":[0.5,0.5,0.5]},"thirdperson_lefthand":{"rotation":[65.5,0,0],"translation":[-5.5,-6.5,10],"scale":[1.5,1.5,1.5]},"firstperson_righthand":{"rotation":[160,0,180],"translation":[0,1.5,1.25],"scale":[0.70313,0.70313,0.70313]},"firstperson_lefthand":{"rotation":[160,0,180],"translation":[0,1.5,1.25],"scale":[0,0,0]},"ground":{"rotation":[-45,0,0],"translation":[0,5,0],"scale":[0.7,0.7,0.7]},"gui":{"rotation":[0,180,0],"translation":[0,24.5,0],"scale":[1.14,1.14,1.14]},"head":{"translation":[0,-24,5.5],"scale":[4,4,4]},"fixed":{"rotation":[0,180,0],"translation":[0,0,-1.75],"scale":[2,2,2]}}}