{"credit":"MadewithBlockbench","texture_size":[64,64],"textures":{"2":"forestset:forestset/forest_dagger","particle":"forestset:forestset/forest_dagger"},"elements":[{"from":[7.5,0,7.5],"to":[8.5,1,8.5],"rotation":{"angle":-45,"axis":"x","origin":[8,0.5,8]},"faces":{"north":{"uv":[4,3,4.25,3.25],"texture":"#2"},"east":{"uv":[2.75,4.25,3,4.5],"texture":"#2"},"south":{"uv":[3.25,4.25,3.5,4.5],"texture":"#2"},"west":{"uv":[4.25,3.5,4.5,3.75],"texture":"#2"},"up":{"uv":[4,4.5,3.75,4.25],"texture":"#2"},"down":{"uv":[4.5,4,4.25,4.25],"texture":"#2"}}},{"from":[7.6,0.8,7.6],"to":[8.4,1.6,8.4],"rotation":{"angle":0,"axis":"y","origin":[7.5,0,7.5]},"faces":{"north":{"uv":[3.75,4.75,3.9375,4.9375],"texture":"#2"},"east":{"uv":[4.75,4.25,4.9375,4.4375],"texture":"#2"},"south":{"uv":[4.75,4.75,4.9375,4.9375],"texture":"#2"},"west":{"uv":[1,5,1.1875,5.1875],"texture":"#2"},"up":{"uv":[1.6875,5.1875,1.5,5],"texture":"#2"},"down":{"uv":[5.1875,1.5,5,1.6875],"texture":"#2"}}},{"from":[7.6,3.4,7.6],"to":[8.4,4.2,8.4],"rotation":{"angle":0,"axis":"y","origin":[7.5,0,7.5]},"faces":{"north":{"uv":[2,5,2.1875,5.1875],"texture":"#2"},"east":{"uv":[5,2,5.1875,2.1875],"texture":"#2"},"south":{"uv":[5,2.5,5.1875,2.6875],"texture":"#2"},"west":{"uv":[5,3,5.1875,3.1875],"texture":"#2"},"up":{"uv":[0.1875,5.4375,0,5.25],"texture":"#2"},"down":{"uv":[5.4375,0,5.25,0.1875],"texture":"#2"}}},{"from":[7.7,1.6,7.7],"to":[8.3,3.4,8.3],"rotation":{"angle":0,"axis":"y","origin":[7.5,-0.2,7.5]},"faces":{"north":{"uv":[4.5,2,4.625,2.4375],"texture":"#2"},"east":{"uv":[4.5,2.75,4.625,3.1875],"texture":"#2"},"south":{"uv":[4.25,4.5,4.375,4.9375],"texture":"#2"},"west":{"uv":[4.75,0,4.875,0.4375],"texture":"#2"},"up":{"uv":[5.625,3.125,5.5,3],"texture":"#2"},"down":{"uv":[5.375,5.5,5.25,5.625],"texture":"#2"}}},{"from":[7.528,3.81,7.41],"to":[8.472,4.99,8.59],"rotation":{"angle":-45,"axis":"x","origin":[8,4.4,8]},"faces":{"north":{"uv":[4,1.5,4.25,1.8125],"texture":"#2"},"east":{"uv":[4,0,4.3125,0.3125],"texture":"#2"},"south":{"uv":[4,2.25,4.25,2.5625],"texture":"#2"},"west":{"uv":[4,0.75,4.3125,1.0625],"texture":"#2"},"up":{"uv":[2,4.5625,1.75,4.25],"texture":"#2"},"down":{"uv":[2.5,4.25,2.25,4.5625],"texture":"#2"}}},{"from":[8,-1.5,7.25],"to":[8,0.5,8.75],"rotation":{"angle":0,"axis":"y","origin":[8,-1.5,6.75]},"faces":{"north":{"uv":[5.75,3.5,5.75,4],"texture":"#2"},"east":{"uv":[2,3.5,2.375,4],"texture":"#2"},"south":{"uv":[3.75,5.75,3.75,6.25],"texture":"#2"},"west":{"uv":[2.75,3.5,3.125,4],"texture":"#2"},"up":{"uv":[4,6.125,4,5.75],"texture":"#2"},"down":{"uv":[4.25,5.75,4.25,6.125],"texture":"#2"}}},{"from":[8,3.18934,4.00723],"to":[8,6.18934,7.00723],"rotation":{"angle":-22.5,"axis":"x","origin":[8,4.08934,5.00723]},"faces":{"north":{"uv":[5.75,4.25,5.75,5],"texture":"#2"},"east":{"uv":[2,2.5,2.75,3.25],"texture":"#2"},"south":{"uv":[4.5,5.75,4.5,6.5],"texture":"#2"},"west":{"uv":[3,0,3.75,0.75],"texture":"#2"},"up":{"uv":[4.75,6.5,4.75,5.75],"texture":"#2"},"down":{"uv":[5,5.75,5,6.5],"texture":"#2"}}},{"from":[7.775,5.71066,5.92145],"to":[8.225,6.71066,6.42145],"rotation":{"angle":0,"axis":"x","origin":[8.025,6.71066,6.17145]},"faces":{"north":{"uv":[4.25,5.25,4.375,5.5],"texture":"#2"},"east":{"uv":[5.25,4.5,5.375,4.75],"texture":"#2"},"south":{"uv":[4.75,5.25,4.875,5.5],"texture":"#2"},"west":{"uv":[5.25,5,5.375,5.25],"texture":"#2"},"up":{"uv":[0.125,5.875,0,5.75],"texture":"#2"},"down":{"uv":[5.875,0,5.75,0.125],"texture":"#2"}}},{"from":[7.75,4.15,6.275],"to":[8.25,6.15,7.275],"rotation":{"angle":-45,"axis":"x","origin":[7.75,5.15,6.775]},"faces":{"north":{"uv":[0,4.5,0.125,5],"texture":"#2"},"east":{"uv":[0.75,3.75,1,4.25],"texture":"#2"},"south":{"uv":[0.5,4.5,0.625,5],"texture":"#2"},"west":{"uv":[1.25,3.75,1.5,4.25],"texture":"#2"},"up":{"uv":[5.375,1.25,5.25,1],"texture":"#2"},"down":{"uv":[5.375,3.5,5.25,3.75],"texture":"#2"}}},{"from":[7.75,4.15,8.725],"to":[8.25,6.15,9.725],"rotation":{"angle":45,"axis":"x","origin":[7.75,5.15,9.225]},"faces":{"north":{"uv":[0.625,4.5,0.5,5],"texture":"#2"},"east":{"uv":[1,3.75,0.75,4.25],"texture":"#2"},"south":{"uv":[0.125,4.5,0,5],"texture":"#2"},"west":{"uv":[1.5,3.75,1.25,4.25],"texture":"#2"},"up":{"uv":[5.375,1,5.25,1.25],"texture":"#2"},"down":{"uv":[5.375,3.75,5.25,3.5],"texture":"#2"}}},{"from":[7.775,5.71066,9.57855],"to":[8.225,6.71066,10.07855],"rotation":{"angle":0,"axis":"x","origin":[8.025,6.71066,9.82855]},"faces":{"north":{"uv":[4.875,5.25,4.75,5.5],"texture":"#2"},"east":{"uv":[5.375,4.5,5.25,4.75],"texture":"#2"},"south":{"uv":[4.375,5.25,4.25,5.5],"texture":"#2"},"west":{"uv":[5.375,5,5.25,5.25],"texture":"#2"},"up":{"uv":[0.125,5.75,0,5.875],"texture":"#2"},"down":{"uv":[5.875,0.125,5.75,0],"texture":"#2"}}},{"from":[8,3.18934,8.99277],"to":[8,6.18934,11.99277],"rotation":{"angle":22.5,"axis":"x","origin":[8,4.08934,10.99277]},"faces":{"north":{"uv":[4.5,5.75,4.5,6.5],"texture":"#2"},"east":{"uv":[2.75,2.5,2,3.25],"texture":"#2"},"south":{"uv":[5.75,4.25,5.75,5],"texture":"#2"},"west":{"uv":[3.75,0,3,0.75],"texture":"#2"},"up":{"uv":[4.75,5.75,4.75,6.5],"texture":"#2"},"down":{"uv":[5,6.5,5,5.75],"texture":"#2"}}},{"from":[7.75,4.05,7.43934],"to":[8.25,5.55,8.93934],"rotation":{"angle":-45,"axis":"x","origin":[7.75,5.05,6.93934]},"faces":{"north":{"uv":[4.75,0.75,4.875,1.125],"texture":"#2"},"east":{"uv":[3.5,3.5,3.875,3.875],"texture":"#2"},"south":{"uv":[2.75,4.75,2.875,5.125],"texture":"#2"},"west":{"uv":[0,3.75,0.375,4.125],"texture":"#2"},"up":{"uv":[3.375,5.125,3.25,4.75],"texture":"#2"},"down":{"uv":[4.875,3.5,4.75,3.875],"texture":"#2"}}},{"from":[7.75,7.22426,7.45],"to":[8.25,8.32426,8.55],"rotation":{"angle":-45,"axis":"x","origin":[8,7.77426,8]},"faces":{"north":{"uv":[1,5.5,1.125,5.75],"texture":"#2"},"east":{"uv":[1,4.5,1.25,4.75],"texture":"#2"},"south":{"uv":[1.5,5.5,1.625,5.75],"texture":"#2"},"west":{"uv":[4.5,1.5,4.75,1.75],"texture":"#2"},"up":{"uv":[5.625,1.75,5.5,1.5],"texture":"#2"},"down":{"uv":[2.125,5.5,2,5.75],"texture":"#2"}}},{"from":[7.75,14.15,7.43934],"to":[8.25,14.95,8.23934],"rotation":{"angle":-45,"axis":"x","origin":[7.75,15.15,6.93934]},"faces":{"north":{"uv":[5.5,2,5.625,2.1875],"texture":"#2"},"east":{"uv":[0.5,5.25,0.6875,5.4375],"texture":"#2"},"south":{"uv":[2.5,5.5,2.625,5.6875],"texture":"#2"},"west":{"uv":[5.25,0.5,5.4375,0.6875],"texture":"#2"},"up":{"uv":[5.625,2.6875,5.5,2.5],"texture":"#2"},"down":{"uv":[3.125,5.5,3,5.6875],"texture":"#2"}}},{"from":[7.8,6.30355,7.5],"to":[8.2,15.30355,8.5],"rotation":{"angle":0,"axis":"x","origin":[8.05,5.80355,8]},"faces":{"north":{"uv":[3,1,3.125,3.25],"texture":"#2"},"east":{"uv":[2,0,2.25,2.25],"texture":"#2"},"south":{"uv":[3.5,1,3.625,3.25],"texture":"#2"},"west":{"uv":[2.5,0,2.75,2.25],"texture":"#2"},"up":{"uv":[3.875,5.5,3.75,5.25],"texture":"#2"},"down":{"uv":[5.375,4,5.25,4.25],"texture":"#2"}}},{"from":[8,4.5,6.5],"to":[8,18.5,9.5],"rotation":{"angle":0,"axis":"y","origin":[8,2.5,5.5]},"faces":{"north":{"uv":[3.5,5.5,3.5,9],"texture":"#2"},"east":{"uv":[0,0,0.75,3.5],"texture":"#2"},"south":{"uv":[0.5,5.75,0.5,9.25],"texture":"#2"},"west":{"uv":[0,0,0.75,3.5],"texture":"#2"},"up":{"uv":[5.75,1.25,5.75,0.5],"texture":"#2"},"down":{"uv":[0.75,5.75,0.75,6.5],"texture":"#2"}}}],"gui_light":"front","display":{"thirdperson_righthand":{"translation":[0,3.75,1.5]},"thirdperson_lefthand":{"translation":[0,3.75,1.5]},"firstperson_righthand":{"rotation":[-15,0,0],"translation":[3.25,3.25,0]},"firstperson_lefthand":{"rotation":[-15,0,0],"translation":[3.25,3.25,0]},"ground":{"translation":[0,0.75,0],"scale":[0.5,0.5,0.5]},"gui":{"rotation":[90,-135,90],"translation":[0,0.25,-0.75],"scale":[0.8,0.8,0.8]},"head":{"scale":[0,0,0]},"fixed":{"rotation":[90,-45,90],"translation":[1.25,-1.25,-2.25],"scale":[2.25508,2.25508,2.25508]}}}