{"credit":"Made with Blockbench","texture_size":[64,64],"textures":{"0":"forestset:forestset/forest_shield","particle":"forestset:forestset/forest_shield"},"elements":[{"from":[6.14,-1.10527,7.2597],"to":[11.1,3.85473,8.4997],"rotation":{"angle":-45,"axis":"z","origin":[8,1.99473,7.8797]},"faces":{"north":{"uv":[2.5,3.5,3.5,4.5],"texture":"#0"},"east":{"uv":[1.5,5.75,1.75,6.75],"texture":"#0"},"south":{"uv":[3.5,0,4.75,1.25],"texture":"#0"},"west":{"uv":[4.5,5.75,4.75,6.75],"texture":"#0"},"up":{"uv":[7,0.25,6,0],"texture":"#0"},"down":{"uv":[7,0.5,6,0.75],"texture":"#0"}}},{"from":[4.9,7.57473,7.2597],"to":[11.1,13.77473,8.4997],"rotation":{"angle":-45,"axis":"z","origin":[8,10.67473,7.8797]},"faces":{"north":{"uv":[2.5,2,3.75,3.25],"texture":"#0"},"east":{"uv":[5,5,5.25,6.25],"texture":"#0"},"south":{"uv":[3.5,0,4.75,1.25],"texture":"#0"},"west":{"uv":[5.5,5,5.75,6.25],"texture":"#0"},"up":{"uv":[1.25,6,0,5.75],"texture":"#0"},"down":{"uv":[4.25,5.75,3,6],"texture":"#0"}}},{"from":[4.528,1.12673,7.3217],"to":[11.472,9.80673,8.4377],"rotation":{"angle":0,"axis":"z","origin":[8,7.94673,7.8177]},"faces":{"north":{"uv":[0,0,1.375,1.75],"texture":"#0"},"east":{"uv":[2,4,2.25,5.75],"texture":"#0"},"south":{"uv":[1.75,0,3.125,1.75],"texture":"#0"},"west":{"uv":[2.5,4.75,2.75,6.5],"texture":"#0"},"up":{"uv":[6.375,4.25,5,4],"texture":"#0"},"down":{"uv":[6.375,4.5,5,4.75],"texture":"#0"}}},{"from":[6.388,8.29261,6.525],"to":[9.612,11.51661,7.331],"rotation":{"angle":-45,"axis":"z","origin":[8,9.90461,6.928]},"faces":{"north":{"uv":[3,4.75,3.625,5.375],"texture":"#0"},"east":{"uv":[6.5,1,6.6875,1.625],"texture":"#0"},"south":{"uv":[4,4.75,4.625,5.375],"texture":"#0"},"west":{"uv":[6.5,2,6.6875,2.625],"texture":"#0"},"up":{"uv":[7.125,3.1875,6.5,3],"texture":"#0"},"down":{"uv":[7.125,3.5,6.5,3.6875],"texture":"#0"}}},{"from":[8.66771,9.12152,6.8474],"to":[11.89171,15.56952,6.8474],"rotation":{"angle":0,"axis":"z","origin":[10.27971,12.18432,6.928]},"faces":{"north":{"uv":[0,4,0.625,5.3125],"texture":"#0"},"east":{"uv":[1.25,7.5,1.25,8.8125],"texture":"#0"},"south":{"uv":[0.625,4,0,5.3125],"texture":"#0"},"west":{"uv":[7.5,1.25,7.5,2.5625],"texture":"#0"},"up":{"uv":[2.125,7.5,1.5,7.5],"texture":"#0"},"down":{"uv":[3.625,7.5,3,7.5],"texture":"#0"}}},{"from":[4.10829,9.12152,6.8474],"to":[7.33229,15.56952,6.8474],"rotation":{"angle":0,"axis":"z","origin":[5.72029,12.18432,6.928]},"faces":{"north":{"uv":[0.625,4,0,5.3125],"texture":"#0"},"east":{"uv":[7.5,1.25,7.5,2.5625],"texture":"#0"},"south":{"uv":[0,4,0.625,5.3125],"texture":"#0"},"west":{"uv":[1.25,7.5,1.25,8.8125],"texture":"#0"},"up":{"uv":[1.5,7.5,2.125,7.5],"texture":"#0"},"down":{"uv":[3,7.5,3.625,7.5],"texture":"#0"}}},{"from":[10.11851,8.51392,7.0086],"to":[14.95451,16.57392,7.0086],"rotation":{"angle":-22.5,"axis":"z","origin":[14.30971,13.02752,6.8474]},"faces":{"north":{"uv":[0,2,1,3.625],"texture":"#0"},"east":{"uv":[4,7.5,4,9.125],"texture":"#0"},"south":{"uv":[1,2,0,3.625],"texture":"#0"},"west":{"uv":[4.25,7.5,4.25,9.125],"texture":"#0"},"up":{"uv":[8.5,3,7.5,3],"texture":"#0"},"down":{"uv":[8.5,3.25,7.5,3.25],"texture":"#0"}}},{"from":[1.04549,8.51392,7.0086],"to":[5.88149,16.57392,7.0086],"rotation":{"angle":22.5,"axis":"z","origin":[1.69029,13.02752,6.8474]},"faces":{"north":{"uv":[1,2,0,3.625],"texture":"#0"},"east":{"uv":[4.25,7.5,4.25,9.125],"texture":"#0"},"south":{"uv":[0,2,1,3.625],"texture":"#0"},"west":{"uv":[4,7.5,4,9.125],"texture":"#0"},"up":{"uv":[7.5,3,8.5,3],"texture":"#0"},"down":{"uv":[7.5,3.25,8.5,3.25],"texture":"#0"}}},{"from":[6.388,9.90461,6.6862],"to":[9.612,13.12861,7.331],"rotation":{"angle":-45,"axis":"z","origin":[8,11.51661,6.928]},"faces":{"north":{"uv":[5,0,5.625,0.625],"texture":"#0"},"east":{"uv":[5.75,6.5,5.875,7.125],"texture":"#0"},"south":{"uv":[5,1,5.625,1.625],"texture":"#0"},"west":{"uv":[6.5,5.75,6.625,6.375],"texture":"#0"},"up":{"uv":[7.375,4.125,6.75,4],"texture":"#0"},"down":{"uv":[7.375,4.5,6.75,4.625],"texture":"#0"}}},{"from":[6.388,6.73285,6.6862],"to":[9.612,9.95685,7.331],"rotation":{"angle":45,"axis":"z","origin":[8,8.34485,6.928]},"faces":{"north":{"uv":[5,0.625,5.625,0],"texture":"#0"},"east":{"uv":[5.75,7.125,5.875,6.5],"texture":"#0"},"south":{"uv":[5,1.625,5.625,1],"texture":"#0"},"west":{"uv":[6.5,6.375,6.625,5.75],"texture":"#0"},"up":{"uv":[7.375,4.625,6.75,4.5],"texture":"#0"},"down":{"uv":[7.375,4,6.75,4.125],"texture":"#0"}}},{"from":[6.388,3.95261,6.8474],"to":[9.984,7.54861,6.8474],"rotation":{"angle":-45,"axis":"z","origin":[8,5.93661,7.0892]},"faces":{"north":{"uv":[4,1.5,4.75,2.25],"texture":"#0"},"east":{"uv":[5.5,7.25,5.5,8],"texture":"#0"},"south":{"uv":[4.75,2.25,4,1.5],"rotation":90,"texture":"#0"},"west":{"uv":[6.75,7.25,6.75,8],"texture":"#0"},"up":{"uv":[8,5.5,7.25,5.5],"texture":"#0"},"down":{"uv":[7.75,7.25,7,7.25],"texture":"#0"}}},{"from":[7.6776,8.61501,6.7668],"to":[9.2896,10.22701,6.7668],"rotation":{"angle":-45,"axis":"z","origin":[8,6.68061,7.0892]},"faces":{"north":{"uv":[5,6.5,5.3125,6.8125],"texture":"#0"},"east":{"uv":[0,7.5,0,7.8125],"texture":"#0"},"south":{"uv":[5.3125,6.5,5,6.8125],"texture":"#0"},"west":{"uv":[0.25,7.5,0.25,7.8125],"texture":"#0"},"up":{"uv":[0.8125,7.5,0.5,7.5],"texture":"#0"},"down":{"uv":[7.8125,1,7.5,1],"texture":"#0"}}},{"from":[6.7104,8.61501,6.7668],"to":[8.3224,10.22701,6.7668],"rotation":{"angle":45,"axis":"z","origin":[8,6.68061,7.0892]},"faces":{"north":{"uv":[5.3125,6.5,5,6.8125],"texture":"#0"},"east":{"uv":[0.25,7.5,0.25,7.8125],"texture":"#0"},"south":{"uv":[5,6.5,5.3125,6.8125],"texture":"#0"},"west":{"uv":[0,7.5,0,7.8125],"texture":"#0"},"up":{"uv":[0.5,7.5,0.8125,7.5],"texture":"#0"},"down":{"uv":[7.5,1,7.8125,1],"texture":"#0"}}},{"from":[7.38,9.43473,8.3757],"to":[8.62,10.67473,9.6157],"rotation":{"angle":0,"axis":"y","origin":[7.38,8.19473,7.2597]},"faces":{"north":{"uv":[7,2,7.25,2.25],"texture":"#0"},"east":{"uv":[7,2.5,7.25,2.75],"texture":"#0"},"south":{"uv":[3,7,3.25,7.25],"texture":"#0"},"west":{"uv":[3.5,7,3.75,7.25],"texture":"#0"},"up":{"uv":[4.25,7.25,4,7],"texture":"#0"},"down":{"uv":[4.75,7,4.5,7.25],"texture":"#0"}}},{"from":[7.38,8.19473,9.6157],"to":[8.62,10.67473,10.8557],"rotation":{"angle":0,"axis":"y","origin":[7.38,8.19473,7.2597]},"faces":{"north":{"uv":[6,5,6.25,5.5],"texture":"#0"},"east":{"uv":[6,5.75,6.25,6.25],"texture":"#0"},"south":{"uv":[0,6.25,0.25,6.75],"texture":"#0"},"west":{"uv":[0.5,6.25,0.75,6.75],"texture":"#0"},"up":{"uv":[7.25,6,7,5.75],"texture":"#0"},"down":{"uv":[7.25,6.25,7,6.5],"texture":"#0"}}},{"from":[7.38,1.99473,9.6157],"to":[8.62,4.47473,10.8557],"rotation":{"angle":0,"axis":"y","origin":[7.38,4.47473,7.2597]},"faces":{"north":{"uv":[6,5.5,6.25,5],"texture":"#0"},"east":{"uv":[6,6.25,6.25,5.75],"texture":"#0"},"south":{"uv":[0,6.75,0.25,6.25],"texture":"#0"},"west":{"uv":[0.5,6.75,0.75,6.25],"texture":"#0"},"up":{"uv":[7.25,6.5,7,6.25],"texture":"#0"},"down":{"uv":[7.25,5.75,7,6],"texture":"#0"}}},{"from":[7.38,1.99473,8.3757],"to":[8.62,3.23473,9.6157],"rotation":{"angle":0,"axis":"y","origin":[7.38,4.47473,7.2597]},"faces":{"north":{"uv":[7,2.25,7.25,2],"texture":"#0"},"east":{"uv":[7,2.75,7.25,2.5],"texture":"#0"},"south":{"uv":[3,7.25,3.25,7],"texture":"#0"},"west":{"uv":[3.5,7.25,3.75,7],"texture":"#0"},"up":{"uv":[4.75,7.25,4.5,7],"texture":"#0"},"down":{"uv":[4.25,7,4,7.25],"texture":"#0"}}},{"from":[7.504,4.47473,9.7397],"to":[8.496,8.19473,10.7317],"rotation":{"angle":0,"axis":"y","origin":[7.38,8.19473,7.2597]},"faces":{"north":{"uv":[6,1,6.1875,1.75],"texture":"#0"},"east":{"uv":[2,6,2.1875,6.75],"texture":"#0"},"south":{"uv":[6,2,6.1875,2.75],"texture":"#0"},"west":{"uv":[6,3,6.1875,3.75],"texture":"#0"},"up":{"uv":[5.1875,7.4375,5,7.25],"texture":"#0"},"down":{"uv":[7.4375,5,7.25,5.1875],"texture":"#0"}}}],"gui_light":"front","display":{"thirdperson_righthand":{"rotation":[0,-90,0],"translation":[3.75,-0.5,1.5]},"thirdperson_lefthand":{"rotation":[0,-90,0],"translation":[3.75,-0.5,1.5]},"firstperson_righthand":{"translation":[-1.75,-1.25,3]},"firstperson_lefthand":{"translation":[-1.75,-1.25,3]},"ground":{"translation":[0,1.5,0],"scale":[0.5,0.5,0.5]},"gui":{"rotation":[0,-180,0],"translation":[0,0.75,0]},"head":{"scale":[0,0,0]},"fixed":{"translation":[0,1,-1],"scale":[1.98047,1.98047,1.98047]}}}