{"credit":"MadewithBlockbench","texture_size":[64,64],"textures":{"1":"forestset:forestset/forest_claymore"},"elements":[{"from":[7.5,0,7.5],"to":[8.5,1,8.5],"rotation":{"angle":-45,"axis":"x","origin":[8,0.5,8]},"faces":{"north":{"uv":[7.25,4.25,7.5,4.5],"texture":"#1"},"east":{"uv":[7.75,1,8,1.25],"texture":"#1"},"south":{"uv":[6,7.75,6.25,8],"texture":"#1"},"west":{"uv":[6.5,7.75,6.75,8],"texture":"#1"},"up":{"uv":[8,6.75,7.75,6.5],"texture":"#1"},"down":{"uv":[8,7,7.75,7.25],"texture":"#1"}}},{"from":[7.6,0.8,7.6],"to":[8.4,1.6,8.4],"rotation":{"angle":0,"axis":"y","origin":[7.5,0,7.5]},"faces":{"north":{"uv":[5.25,8.75,5.4375,8.9375],"texture":"#1"},"east":{"uv":[8.75,5.5,8.9375,5.6875],"texture":"#1"},"south":{"uv":[5.75,8.75,5.9375,8.9375],"texture":"#1"},"west":{"uv":[8.75,6,8.9375,6.1875],"texture":"#1"},"up":{"uv":[6.4375,8.9375,6.25,8.75],"texture":"#1"},"down":{"uv":[8.9375,6.5,8.75,6.6875],"texture":"#1"}}},{"from":[7.6,3.4,7.6],"to":[8.4,4.2,8.4],"rotation":{"angle":0,"axis":"y","origin":[7.5,0,7.5]},"faces":{"north":{"uv":[6.75,8.75,6.9375,8.9375],"texture":"#1"},"east":{"uv":[8.75,7,8.9375,7.1875],"texture":"#1"},"south":{"uv":[7.25,8.75,7.4375,8.9375],"texture":"#1"},"west":{"uv":[8.75,7.5,8.9375,7.6875],"texture":"#1"},"up":{"uv":[7.9375,8.9375,7.75,8.75],"texture":"#1"},"down":{"uv":[8.4375,8.75,8.25,8.9375],"texture":"#1"}}},{"from":[7.7,1.6,7.7],"to":[8.3,3.4,8.3],"rotation":{"angle":0,"axis":"y","origin":[7.5,-0.2,7.5]},"faces":{"north":{"uv":[0,8.25,0.125,8.6875],"texture":"#1"},"east":{"uv":[8.25,0,8.375,0.4375],"texture":"#1"},"south":{"uv":[8.25,0.75,8.375,1.1875],"texture":"#1"},"west":{"uv":[8.25,2.25,8.375,2.6875],"texture":"#1"},"up":{"uv":[3.375,9.375,3.25,9.25],"texture":"#1"},"down":{"uv":[9.375,3.25,9.25,3.375],"texture":"#1"}}},{"from":[7.7,4.2,7.7],"to":[8.3,6,8.3],"rotation":{"angle":0,"axis":"y","origin":[7.5,-0.2,7.5]},"faces":{"north":{"uv":[8.25,3,8.375,3.4375],"texture":"#1"},"east":{"uv":[8.25,3.75,8.375,4.1875],"texture":"#1"},"south":{"uv":[8.25,4.5,8.375,4.9375],"texture":"#1"},"west":{"uv":[8.25,5.25,8.375,5.6875],"texture":"#1"},"up":{"uv":[3.875,9.375,3.75,9.25],"texture":"#1"},"down":{"uv":[9.375,3.75,9.25,3.875],"texture":"#1"}}},{"from":[7.6,5.9,7.5],"to":[8.4,6.9,8.5],"rotation":{"angle":-45,"axis":"x","origin":[8,6.4,8]},"faces":{"north":{"uv":[6,8.25,6.1875,8.5],"texture":"#1"},"east":{"uv":[7.75,7.5,8,7.75],"texture":"#1"},"south":{"uv":[8.25,6,8.4375,6.25],"texture":"#1"},"west":{"uv":[0.5,8,0.75,8.25],"texture":"#1"},"up":{"uv":[6.6875,8.5,6.5,8.25],"texture":"#1"},"down":{"uv":[8.4375,6.5,8.25,6.75],"texture":"#1"}}},{"from":[7.6,6.60711,8.20711],"to":[8.4,7.35711,11.50711],"rotation":{"angle":-45,"axis":"x","origin":[8,7.10711,8.70711]},"faces":{"north":{"uv":[8.75,8.75,8.9375,8.9375],"texture":"#1"},"east":{"uv":[6.5,4.75,7.3125,4.9375],"texture":"#1"},"south":{"uv":[0,9,0.1875,9.1875],"texture":"#1"},"west":{"uv":[6.5,5.25,7.3125,5.4375],"texture":"#1"},"up":{"uv":[6.4375,7.3125,6.25,6.5],"texture":"#1"},"down":{"uv":[5.6875,6.75,5.5,7.5625],"texture":"#1"}}},{"from":[7.6,14.03346,10.04056],"to":[8.4,17.33346,10.54056],"rotation":{"angle":0,"axis":"x","origin":[8,18.68346,10.29056]},"faces":{"north":{"uv":[6.75,6.5,6.9375,7.3125],"texture":"#1"},"east":{"uv":[7.25,3,7.375,3.8125],"texture":"#1"},"south":{"uv":[0,7,0.1875,7.8125],"texture":"#1"},"west":{"uv":[7.25,5.75,7.375,6.5625],"texture":"#1"},"up":{"uv":[9.4375,2.375,9.25,2.25],"texture":"#1"},"down":{"uv":[2.9375,9.25,2.75,9.375],"texture":"#1"}}},{"from":[7.6,8.73346,10.04056],"to":[8.4,14.03346,11.04056],"rotation":{"angle":0,"axis":"x","origin":[8,10.38346,10.54056]},"faces":{"north":{"uv":[0.75,6.25,0.9375,7.5625],"texture":"#1"},"east":{"uv":[6,4,6.25,5.3125],"texture":"#1"},"south":{"uv":[1.25,6.25,1.4375,7.5625],"texture":"#1"},"west":{"uv":[5,6,5.25,7.3125],"texture":"#1"},"up":{"uv":[1.1875,9,1,8.75],"texture":"#1"},"down":{"uv":[8.9375,2.25,8.75,2.5],"texture":"#1"}}},{"from":[7.7,6.1,7.5],"to":[8.3,8.1,9.5],"rotation":{"angle":-45,"axis":"x","origin":[8,6.6,8]},"faces":{"north":{"uv":[1,8,1.125,8.5],"texture":"#1"},"east":{"uv":[5.5,6,6,6.5],"texture":"#1"},"south":{"uv":[8,1.5,8.125,2],"texture":"#1"},"west":{"uv":[0,6.25,0.5,6.75],"texture":"#1"},"up":{"uv":[2.875,8.5,2.75,8],"texture":"#1"},"down":{"uv":[3.375,8,3.25,8.5],"texture":"#1"}}},{"from":[7.8,6.85,7.5],"to":[8.2,9.85,10.5],"rotation":{"angle":-45,"axis":"x","origin":[8,7.35,8]},"faces":{"north":{"uv":[7.25,7,7.375,7.75],"texture":"#1"},"east":{"uv":[6,0,6.75,0.75],"texture":"#1"},"south":{"uv":[7.5,1.5,7.625,2.25],"texture":"#1"},"west":{"uv":[6,1,6.75,1.75],"texture":"#1"},"up":{"uv":[7.875,0.75,7.75,0],"texture":"#1"},"down":{"uv":[7.875,2.5,7.75,3.25],"texture":"#1"}}},{"from":[7.797,11.24669,7.7977],"to":[8.203,13.72669,10.2777],"rotation":{"angle":-45,"axis":"x","origin":[8,11.81669,8.3677]},"faces":{"north":{"uv":[7.75,3.5,7.875,4.125],"texture":"#1"},"east":{"uv":[6,2,6.625,2.625],"texture":"#1"},"south":{"uv":[7.75,4.5,7.875,5.125],"texture":"#1"},"west":{"uv":[6,3,6.625,3.625],"texture":"#1"},"up":{"uv":[5.125,8.375,5,7.75],"texture":"#1"},"down":{"uv":[7.875,5.5,7.75,6.125],"texture":"#1"}}},{"from":[7.797,26.24669,8.8477],"to":[8.203,27.72669,10.3277],"rotation":{"angle":-45,"axis":"x","origin":[8,26.81669,8.4177]},"faces":{"north":{"uv":[8.5,1.5,8.625,1.875],"texture":"#1"},"east":{"uv":[7,0,7.375,0.375],"texture":"#1"},"south":{"uv":[8.5,8,8.625,8.375],"texture":"#1"},"west":{"uv":[7,0.75,7.375,1.125],"texture":"#1"},"up":{"uv":[8.875,0.375,8.75,0],"texture":"#1"},"down":{"uv":[8.875,0.75,8.75,1.125],"texture":"#1"}}},{"from":[7.85,8.76421,7.12132],"to":[8.15,12.76421,10.12132],"rotation":{"angle":0,"axis":"x","origin":[7.95,10.26421,8.62132]},"faces":{"north":{"uv":[3.75,8,3.8125,9],"texture":"#1"},"east":{"uv":[5,3.5,5.75,4.5],"texture":"#1"},"south":{"uv":[4.25,8,4.3125,9],"texture":"#1"},"west":{"uv":[5,4.75,5.75,5.75],"texture":"#1"},"up":{"uv":[8.3125,7.75,8.25,7],"texture":"#1"},"down":{"uv":[0.5625,8.5,0.5,9.25],"texture":"#1"}}},{"from":[7.85,12.76421,8.12132],"to":[8.15,27.76421,10.12132],"rotation":{"angle":0,"axis":"x","origin":[7.95,14.26421,8.62132]},"faces":{"north":{"uv":[1.75,6.25,1.8125,10],"texture":"#1"},"east":{"uv":[4.25,0,4.75,3.75],"texture":"#1"},"south":{"uv":[2.25,6.25,2.3125,10],"texture":"#1"},"west":{"uv":[4.25,4,4.75,7.75],"texture":"#1"},"up":{"uv":[9.0625,2,9,1.5],"texture":"#1"},"down":{"uv":[9.0625,8,9,8.5],"texture":"#1"}}},{"from":[7.6,6.60711,6.49289],"to":[8.4,7.10711,7.79289],"rotation":{"angle":45,"axis":"x","origin":[8,7.10711,7.29289]},"faces":{"north":{"uv":[1,9.25,1.1875,9.375],"texture":"#1"},"east":{"uv":[2.75,8.75,3.0625,8.875],"texture":"#1"},"south":{"uv":[9.25,1,9.4375,1.125],"texture":"#1"},"west":{"uv":[8.75,2.75,9.0625,2.875],"texture":"#1"},"up":{"uv":[7.6875,8.3125,7.5,8],"texture":"#1"},"down":{"uv":[8.1875,8,8,8.3125],"texture":"#1"}}},{"from":[8,-1.5,7.25],"to":[8,0.5,8.75],"rotation":{"angle":0,"axis":"y","origin":[8,-1.5,6.75]},"faces":{"north":{"uv":[2.75,6.25,2.75,6.75],"texture":"#1"},"east":{"uv":[6.25,5.75,6.625,6.25],"texture":"#1"},"south":{"uv":[6,6.75,6,7.25],"texture":"#1"},"west":{"uv":[6.5,4,6.875,4.5],"texture":"#1"},"up":{"uv":[0.5,7.375,0.5,7],"texture":"#1"},"down":{"uv":[2.75,7,2.75,7.375],"texture":"#1"}}},{"from":[7.725,6.33149,6.04442],"to":[8.275,8.33149,7.04442],"rotation":{"angle":22.5,"axis":"x","origin":[8,7.83149,6.34442]},"faces":{"north":{"uv":[5.5,8,5.625,8.5],"texture":"#1"},"east":{"uv":[7,1.5,7.25,2],"texture":"#1"},"south":{"uv":[7,8,7.125,8.5],"texture":"#1"},"west":{"uv":[7,2.25,7.25,2.75],"texture":"#1"},"up":{"uv":[9.375,0.25,9.25,0],"texture":"#1"},"down":{"uv":[9.375,0.5,9.25,0.75],"texture":"#1"}}},{"from":[7.75,5.17779,5.91711],"to":[8.25,6.47779,6.41711],"rotation":{"angle":0,"axis":"x","origin":[8,5.17779,6.01711]},"faces":{"north":{"uv":[8.75,3.25,8.875,3.5625],"texture":"#1"},"east":{"uv":[8.75,4,8.875,4.3125],"texture":"#1"},"south":{"uv":[4.75,8.75,4.875,9.0625],"texture":"#1"},"west":{"uv":[8.75,4.75,8.875,5.0625],"texture":"#1"},"up":{"uv":[4.375,9.375,4.25,9.25],"texture":"#1"},"down":{"uv":[9.375,4.25,9.25,4.375],"texture":"#1"}}},{"from":[8,2.3,3.8],"to":[8,8.3,6.8],"rotation":{"angle":0,"axis":"y","origin":[7,0,0]},"faces":{"north":{"uv":[1.5,8,1.5,9.5],"texture":"#1"},"east":{"uv":[5,0,5.75,1.5],"texture":"#1"},"south":{"uv":[9.25,4.75,9.25,6.25],"texture":"#1"},"west":{"uv":[5,1.75,5.75,3.25],"texture":"#1"},"up":{"uv":[7,3.75,7,3],"texture":"#1"},"down":{"uv":[5.25,9.25,5.25,10],"texture":"#1"}}},{"from":[8,8.3,4.8],"to":[8,32,9.8],"rotation":{"angle":0,"axis":"y","origin":[7,0,0]},"faces":{"north":{"uv":[5.5,9.25,5.5,15.1875],"texture":"#1"},"east":{"uv":[0,0,1.25,5.9375],"texture":"#1"},"south":{"uv":[5.75,9.25,5.75,15.1875],"texture":"#1"},"west":{"uv":[1.25,0,0,5.9375],"texture":"#1"},"up":{"uv":[6,10.5,6,9.25],"texture":"#1"},"down":{"uv":[6.25,9.25,6.25,10.5],"texture":"#1"}}},{"from":[8,5.3,9.8],"to":[8,20,13.8],"rotation":{"angle":0,"axis":"y","origin":[7,0,0]},"faces":{"north":{"uv":[6.5,9.25,6.5,12.9375],"texture":"#1"},"east":{"uv":[3,0,4,3.6875],"texture":"#1"},"south":{"uv":[6.75,9.25,6.75,12.9375],"texture":"#1"},"west":{"uv":[3,4,4,7.6875],"texture":"#1"},"up":{"uv":[9.25,7.5,9.25,6.5],"texture":"#1"},"down":{"uv":[7,9.25,7,10.25],"texture":"#1"}}}],"gui_light":"front","display":{"thirdperson_righthand":{"translation":[0,2.25,1.5]},"thirdperson_lefthand":{"translation":[0,2.25,1.5]},"firstperson_righthand":{"rotation":[-15,0,0],"translation":[2.25,1,0]},"firstperson_lefthand":{"rotation":[-15,0,0],"translation":[2.25,1,0]},"ground":{"translation":[0,0.75,0],"scale":[0.5,0.5,0.5]},"gui":{"rotation":[90,-135,90],"translation":[-4.25,-3.5,-0.75],"scale":[0.8,0.8,0.8]},"head":{"scale":[0,0,0]},"fixed":{"rotation":[90,-45,90],"translation":[12.25,-12.5,-2.25],"scale":[2.17695,2.17695,2.17695]}}}