{"credit":"MadewithBlockbench","texture_size":[64,64],"textures":{"2":"forestset:forestset/forest_sickle","particle":"forestset:forestset/forest_sickle"},"elements":[{"from":[7.5,0,7.5],"to":[8.5,1,8.5],"rotation":{"angle":-45,"axis":"x","origin":[8,0.5,8]},"faces":{"north":{"uv":[6.75,1.5,7,1.75],"texture":"#2"},"east":{"uv":[6.75,2.75,7,3],"texture":"#2"},"south":{"uv":[6.75,3.25,7,3.5],"texture":"#2"},"west":{"uv":[6.75,3.75,7,4],"texture":"#2"},"up":{"uv":[6.25,7,6,6.75],"texture":"#2"},"down":{"uv":[6.75,6.75,6.5,7],"texture":"#2"}}},{"from":[7.6,0.8,7.6],"to":[8.4,1.6,8.4],"rotation":{"angle":0,"axis":"y","origin":[7.5,0,7.5]},"faces":{"north":{"uv":[7.25,1.5,7.4375,1.6875],"texture":"#2"},"east":{"uv":[5,7.25,5.1875,7.4375],"texture":"#2"},"south":{"uv":[5.5,7.25,5.6875,7.4375],"texture":"#2"},"west":{"uv":[6,7.25,6.1875,7.4375],"texture":"#2"},"up":{"uv":[6.6875,7.4375,6.5,7.25],"texture":"#2"},"down":{"uv":[7.6875,2,7.5,2.1875],"texture":"#2"}}},{"from":[7.6,19.4,7.6],"to":[8.4,20.2,8.4],"rotation":{"angle":0,"axis":"y","origin":[7.5,16,7.5]},"faces":{"north":{"uv":[3,7.5,3.1875,7.6875],"texture":"#2"},"east":{"uv":[3.5,7.5,3.6875,7.6875],"texture":"#2"},"south":{"uv":[4,7.5,4.1875,7.6875],"texture":"#2"},"west":{"uv":[7.5,4,7.6875,4.1875],"texture":"#2"},"up":{"uv":[4.6875,7.6875,4.5,7.5],"texture":"#2"},"down":{"uv":[7.6875,4.5,7.5,4.6875],"texture":"#2"}}},{"from":[7.6,16.8,7.6],"to":[8.4,17.6,8.4],"rotation":{"angle":0,"axis":"y","origin":[7.5,13.4,7.5]},"faces":{"north":{"uv":[7.5,5,7.6875,5.1875],"texture":"#2"},"east":{"uv":[7.5,5.5,7.6875,5.6875],"texture":"#2"},"south":{"uv":[7.5,6,7.6875,6.1875],"texture":"#2"},"west":{"uv":[7.5,6.5,7.6875,6.6875],"texture":"#2"},"up":{"uv":[7.6875,7.1875,7.5,7],"texture":"#2"},"down":{"uv":[7.6875,7.5,7.5,7.6875],"texture":"#2"}}},{"from":[7.6,12.4,7.6],"to":[8.4,13.2,8.4],"rotation":{"angle":0,"axis":"y","origin":[7.5,9,7.5]},"faces":{"north":{"uv":[7.75,0,7.9375,0.1875],"texture":"#2"},"east":{"uv":[7.75,0.5,7.9375,0.6875],"texture":"#2"},"south":{"uv":[7.75,1,7.9375,1.1875],"texture":"#2"},"west":{"uv":[7.75,1.5,7.9375,1.6875],"texture":"#2"},"up":{"uv":[7.9375,2.6875,7.75,2.5],"texture":"#2"},"down":{"uv":[7.9375,3,7.75,3.1875],"texture":"#2"}}},{"from":[7.7,1.6,7.7],"to":[8.3,12.4,8.3],"rotation":{"angle":0,"axis":"y","origin":[7.5,-0.2,7.5]},"faces":{"north":{"uv":[1,5,1.125,7.6875],"texture":"#2"},"east":{"uv":[1.5,5,1.625,7.6875],"texture":"#2"},"south":{"uv":[2,5,2.125,7.6875],"texture":"#2"},"west":{"uv":[2.5,5,2.625,7.6875],"texture":"#2"},"up":{"uv":[1.125,8.125,1,8],"texture":"#2"},"down":{"uv":[1.625,8,1.5,8.125],"texture":"#2"}}},{"from":[7.5,13.2,7.5],"to":[8.5,16.8,8.5],"rotation":{"angle":0,"axis":"y","origin":[7.5,4.3,7.5]},"faces":{"north":{"uv":[4,5,4.25,5.875],"texture":"#2"},"east":{"uv":[4.5,5,4.75,5.875],"texture":"#2"},"south":{"uv":[5,5,5.25,5.875],"texture":"#2"},"west":{"uv":[5.5,0,5.75,0.875],"texture":"#2"},"up":{"uv":[7.25,2.25,7,2],"texture":"#2"},"down":{"uv":[3.25,7,3,7.25],"texture":"#2"}}},{"from":[7.7,17.6,7.7],"to":[8.3,19.4,8.3],"rotation":{"angle":0,"axis":"y","origin":[7.5,4.8,7.5]},"faces":{"north":{"uv":[7,4.75,7.125,5.1875],"texture":"#2"},"east":{"uv":[7,5.5,7.125,5.9375],"texture":"#2"},"south":{"uv":[7,6.25,7.125,6.6875],"texture":"#2"},"west":{"uv":[7,7,7.125,7.4375],"texture":"#2"},"up":{"uv":[2.125,8.125,2,8],"texture":"#2"},"down":{"uv":[8.125,2,8,2.125],"texture":"#2"}}},{"from":[7.7,20.6,7.7],"to":[8.3,24.4,8.3],"rotation":{"angle":0,"axis":"y","origin":[7.5,4.8,7.5]},"faces":{"north":{"uv":[6,5,6.125,5.9375],"texture":"#2"},"east":{"uv":[6.25,0.75,6.375,1.6875],"texture":"#2"},"south":{"uv":[4,6.25,4.125,7.1875],"texture":"#2"},"west":{"uv":[4.5,6.25,4.625,7.1875],"texture":"#2"},"up":{"uv":[2.625,8.125,2.5,8],"texture":"#2"},"down":{"uv":[3.125,8,3,8.125],"texture":"#2"}}},{"from":[7.75,23.7,-1.1],"to":[8.25,24.3,10.7],"rotation":{"angle":0,"axis":"x","origin":[7.95,24,5.8]},"faces":{"north":{"uv":[3.5,8,3.625,8.125],"texture":"#2"},"east":{"uv":[0,4.5,2.9375,4.625],"texture":"#2"},"south":{"uv":[4,8,4.125,8.125],"texture":"#2"},"west":{"uv":[3.25,4.5,6.1875,4.625],"texture":"#2"},"up":{"uv":[0.125,7.9375,0,5],"texture":"#2"},"down":{"uv":[0.625,5,0.5,7.9375],"texture":"#2"}}},{"from":[7.7625,20.6766,-2.39914],"to":[8.2375,21.2766,0.40086],"rotation":{"angle":-45,"axis":"x","origin":[7.9875,20.9766,-3.99914]},"faces":{"north":{"uv":[8,4,8.125,4.125],"texture":"#2"},"east":{"uv":[6,6.25,6.6875,6.375],"texture":"#2"},"south":{"uv":[4.5,8,4.625,8.125],"texture":"#2"},"west":{"uv":[3,6.5,3.6875,6.625],"texture":"#2"},"up":{"uv":[5.125,6.9375,5,6.25],"texture":"#2"},"down":{"uv":[6.625,4.25,6.5,4.9375],"texture":"#2"}}},{"from":[7.528,19.81,7.41],"to":[8.472,20.99,8.59],"rotation":{"angle":-45,"axis":"x","origin":[8,20.4,8]},"faces":{"north":{"uv":[6.5,5.25,6.75,5.5625],"texture":"#2"},"east":{"uv":[6,3.5,6.3125,3.8125],"texture":"#2"},"south":{"uv":[5.5,6.5,5.75,6.8125],"texture":"#2"},"west":{"uv":[6.25,2,6.5625,2.3125],"texture":"#2"},"up":{"uv":[7,0.3125,6.75,0],"texture":"#2"},"down":{"uv":[7,0.75,6.75,1.0625],"texture":"#2"}}},{"from":[8,-1.5,7.25],"to":[8,0.5,8.75],"rotation":{"angle":0,"axis":"y","origin":[8,-1.5,6.75]},"faces":{"north":{"uv":[0,8.25,0,8.75],"texture":"#2"},"east":{"uv":[5.5,1.25,5.875,1.75],"texture":"#2"},"south":{"uv":[8.25,0,8.25,0.5],"texture":"#2"},"west":{"uv":[5.5,2,5.875,2.5],"texture":"#2"},"up":{"uv":[0.25,8.625,0.25,8.25],"texture":"#2"},"down":{"uv":[0.5,8.25,0.5,8.625],"texture":"#2"}}},{"from":[7.775,22.975,7.43934],"to":[8.225,24.475,8.93934],"rotation":{"angle":-45,"axis":"x","origin":[7.725,23.975,6.93934]},"faces":{"north":{"uv":[7.25,0,7.375,0.375],"texture":"#2"},"east":{"uv":[6,0,6.375,0.375],"texture":"#2"},"south":{"uv":[7.25,0.75,7.375,1.125],"texture":"#2"},"west":{"uv":[6,2.75,6.375,3.125],"texture":"#2"},"up":{"uv":[7.375,2.875,7.25,2.5],"texture":"#2"},"down":{"uv":[7.375,3.25,7.25,3.625],"texture":"#2"}}},{"from":[7.775,29.92426,7.45],"to":[8.225,31.02426,8.55],"rotation":{"angle":-45,"axis":"x","origin":[7.975,30.47426,8]},"faces":{"north":{"uv":[7.75,3.5,7.875,3.75],"texture":"#2"},"east":{"uv":[3.5,7,3.75,7.25],"texture":"#2"},"south":{"uv":[5,7.75,5.125,8],"texture":"#2"},"west":{"uv":[7,4.25,7.25,4.5],"texture":"#2"},"up":{"uv":[5.625,8,5.5,7.75],"texture":"#2"},"down":{"uv":[6.125,7.75,6,8],"texture":"#2"}}},{"from":[7.8,25.2,7.5],"to":[8.2,30.2,8.5],"rotation":{"angle":0,"axis":"y","origin":[7.8,25.7,8]},"faces":{"north":{"uv":[5.5,2.75,5.625,4],"texture":"#2"},"east":{"uv":[3,5,3.25,6.25],"texture":"#2"},"south":{"uv":[5.5,5,5.625,6.25],"texture":"#2"},"west":{"uv":[3.5,5,3.75,6.25],"texture":"#2"},"up":{"uv":[6.625,8,6.5,7.75],"texture":"#2"},"down":{"uv":[7.125,7.75,7,8],"texture":"#2"}}},{"from":[8,17,-6],"to":[8,25,15],"rotation":{"angle":0,"axis":"y","origin":[7,0,0]},"faces":{"north":{"uv":[8,4.5,8,6.5],"texture":"#2"},"east":{"uv":[0,0,5.25,2],"texture":"#2"},"south":{"uv":[8,6.75,8,8.75],"texture":"#2"},"west":{"uv":[0,2.25,5.25,4.25],"texture":"#2"},"up":{"uv":[7.5,13.25,7.5,8],"texture":"#2"},"down":{"uv":[7.75,8,7.75,13.25],"texture":"#2"}}}],"gui_light":"front","display":{"thirdperson_righthand":{"translation":[0,-3.5,1.5]},"thirdperson_lefthand":{"translation":[0,-3.5,1.5]},"firstperson_righthand":{"rotation":[-14,1,0],"translation":[3.75,-4.25,1]},"firstperson_lefthand":{"rotation":[-14,1,0],"translation":[3.75,-4.25,1]},"ground":{"translation":[0,0.75,0],"scale":[0.5,0.5,0.5]},"gui":{"rotation":[90,-135,90],"translation":[-4.75,-4,-0.75],"scale":[0.8,0.8,0.8]},"head":{"scale":[0,0,0]},"fixed":{"rotation":[90,-45,90],"translation":[8,-9.5,-1.5],"scale":[1.71602,1.71602,1.71602]}}}