{"credit":"MadewithBlockbench","texture_size":[64,64],"textures":{"0":"forestset:forestset/forest_bow","particle":"forestset:forestset/forest_bow"},"elements":[{"from":[7.592,4.53789,6.52212],"to":[8.408,5.89789,7.33812],"rotation":{"angle":45,"axis":"x","origin":[8,5.21789,6.93012]},"faces":{"north":{"uv":[6.75,7,7.0625,7.5],"texture":"#0"},"east":{"uv":[7.25,0,7.5625,0.5],"texture":"#0"},"south":{"uv":[7.25,0.75,7.5625,1.25],"texture":"#0"},"west":{"uv":[7.25,1.5,7.5625,2],"texture":"#0"},"up":{"uv":[7.8125,7.3125,7.5,7],"texture":"#0"},"down":{"uv":[8.0625,2.25,7.75,2.5625],"texture":"#0"}}},{"from":[7.5036,5.4636,6.5752],"to":[8.4964,5.9804,8.2208],"rotation":{"angle":22.5,"axis":"x","origin":[8,5.96,7.568]},"faces":{"north":{"uv":[7.75,3.75,8.125,3.9375],"texture":"#0"},"east":{"uv":[7.25,4.25,7.875,4.4375],"texture":"#0"},"south":{"uv":[5,7.75,5.375,7.9375],"texture":"#0"},"west":{"uv":[0,7.5,0.625,7.6875],"texture":"#0"},"up":{"uv":[4.125,7.375,3.75,6.75],"texture":"#0"},"down":{"uv":[5.375,6.75,5,7.375],"texture":"#0"}}},{"from":[7.45736,1.77065,6.76267],"to":[8.54264,5.64665,7.53787],"rotation":{"angle":-22.5,"axis":"x","origin":[7.6124,2.54585,6.83067]},"faces":{"north":{"uv":[5,5,5.375,6.4375],"texture":"#0"},"east":{"uv":[0.75,5.75,1.0625,7.1875],"texture":"#0"},"south":{"uv":[0,5.75,0.375,7.1875],"texture":"#0"},"west":{"uv":[1.5,5.75,1.8125,7.1875],"texture":"#0"},"up":{"uv":[1.375,7.8125,1,7.5],"texture":"#0"},"down":{"uv":[6.125,7.5,5.75,7.8125],"texture":"#0"}}},{"from":[7.66,0.316,7.704],"to":[8.34,3.716,8.384],"rotation":{"angle":-45,"axis":"x","origin":[7.66,1.54,7.704]},"faces":{"north":{"uv":[4.5,5.75,4.75,7],"texture":"#0"},"east":{"uv":[5.75,6,6,7.25],"texture":"#0"},"south":{"uv":[6.25,6,6.5,7.25],"texture":"#0"},"west":{"uv":[2.25,6.75,2.5,8],"texture":"#0"},"up":{"uv":[8,6.25,7.75,6],"texture":"#0"},"down":{"uv":[6.75,7.75,6.5,8],"texture":"#0"}}},{"from":[7.728,-0.19241,8.01325],"to":[8.272,0.48759,10.05325],"rotation":{"angle":22.5,"axis":"x","origin":[8,-1.00841,10.73325]},"faces":{"north":{"uv":[5.75,8.25,5.9375,8.5],"texture":"#0"},"east":{"uv":[6.75,6,7.5,6.25],"texture":"#0"},"south":{"uv":[8.25,6,8.4375,6.25],"texture":"#0"},"west":{"uv":[6.75,6.5,7.5,6.75],"texture":"#0"},"up":{"uv":[7.4375,3,7.25,2.25],"texture":"#0"},"down":{"uv":[7.4375,3.25,7.25,4],"texture":"#0"}}},{"from":[7.66,5.688,7.228],"to":[8.34,6.368,7.908],"rotation":{"angle":0,"axis":"y","origin":[7.66,7.728,7.228]},"faces":{"north":{"uv":[7.75,6.5,8,6.75],"texture":"#0"},"east":{"uv":[7,7.75,7.25,8],"texture":"#0"},"south":{"uv":[7.5,7.75,7.75,8],"texture":"#0"},"west":{"uv":[0,8,0.25,8.25],"texture":"#0"},"up":{"uv":[8.25,0.25,8,0],"texture":"#0"},"down":{"uv":[0.75,8,0.5,8.25],"texture":"#0"}}},{"from":[7.66,7.66,7.228],"to":[8.34,8.34,7.908],"rotation":{"angle":0,"axis":"y","origin":[7.66,6.708,7.228]},"faces":{"north":{"uv":[8,0.5,8.25,0.75],"texture":"#0"},"east":{"uv":[8,1,8.25,1.25],"texture":"#0"},"south":{"uv":[8,1.5,8.25,1.75],"texture":"#0"},"west":{"uv":[4.25,8,4.5,8.25],"texture":"#0"},"up":{"uv":[8.25,8,8,7.75],"texture":"#0"},"down":{"uv":[1.25,8.25,1,8.5],"texture":"#0"}}},{"from":[7.728,6.334,7.296],"to":[8.272,7.694,7.84],"rotation":{"angle":0,"axis":"y","origin":[7.66,7.626,7.228]},"faces":{"north":{"uv":[4.5,7.25,4.6875,7.75],"texture":"#0"},"east":{"uv":[1.75,7.5,1.9375,8],"texture":"#0"},"south":{"uv":[7.75,3,7.9375,3.5],"texture":"#0"},"west":{"uv":[3.75,7.75,3.9375,8.25],"texture":"#0"},"up":{"uv":[6.4375,8.4375,6.25,8.25],"texture":"#0"},"down":{"uv":[8.4375,6.5,8.25,6.6875],"texture":"#0"}}},{"from":[7.66,-0.058,10.305],"to":[8.34,0.622,10.985],"rotation":{"angle":-22.5,"axis":"x","origin":[8,0.18,10.288]},"faces":{"north":{"uv":[1.5,8.25,1.75,8.5],"texture":"#0"},"east":{"uv":[2,8.25,2.25,8.5],"texture":"#0"},"south":{"uv":[8.25,3,8.5,3.25],"texture":"#0"},"west":{"uv":[8.25,4.25,8.5,4.5],"texture":"#0"},"up":{"uv":[5,8.5,4.75,8.25],"texture":"#0"},"down":{"uv":[5.5,8.25,5.25,8.5],"texture":"#0"}}},{"from":[8,2.9,0.632],"to":[8,5.62,6.072],"rotation":{"angle":22.5,"axis":"x","origin":[8,4.124,4.304]},"faces":{"north":{"uv":[2.5,8.25,2.5,9.25],"texture":"#0"},"east":{"uv":[5,0,7,1],"texture":"#0"},"south":{"uv":[7.25,8.25,7.25,9.25],"texture":"#0"},"west":{"uv":[5,1.25,7,2.25],"texture":"#0"},"up":{"uv":[7.5,10.25,7.5,8.25],"texture":"#0"},"down":{"uv":[7.75,8.25,7.75,10.25],"texture":"#0"}}},{"from":[8,-2.36155,7.21753],"to":[8,0.35845,12.65753],"rotation":{"angle":45,"axis":"x","origin":[8,-0.86555,9.59753]},"faces":{"north":{"uv":[8,8.25,8,9.25],"texture":"#0"},"east":{"uv":[5,2.5,7,3.5],"texture":"#0"},"south":{"uv":[8.25,8.25,8.25,9.25],"texture":"#0"},"west":{"uv":[5,3.75,7,4.75],"texture":"#0"},"up":{"uv":[0,10.5,0,8.5],"texture":"#0"},"down":{"uv":[8.5,0,8.5,2],"texture":"#0"}}},{"from":[7.5036,10.0196,6.5752],"to":[8.4964,10.5364,8.2208],"rotation":{"angle":-22.5,"axis":"x","origin":[8,10.04,7.568]},"faces":{"north":{"uv":[7.75,3.9375,8.125,3.75],"texture":"#0"},"east":{"uv":[7.25,4.4375,7.875,4.25],"texture":"#0"},"south":{"uv":[5,7.9375,5.375,7.75],"texture":"#0"},"west":{"uv":[0,7.6875,0.625,7.5],"texture":"#0"},"up":{"uv":[5.375,7.375,5,6.75],"texture":"#0"},"down":{"uv":[4.125,6.75,3.75,7.375],"texture":"#0"}}},{"from":[7.592,10.10211,6.52212],"to":[8.408,11.46211,7.33812],"rotation":{"angle":-45,"axis":"x","origin":[8,10.78211,6.93012]},"faces":{"north":{"uv":[6.75,7.5,7.0625,7],"texture":"#0"},"east":{"uv":[7.25,0.5,7.5625,0],"texture":"#0"},"south":{"uv":[7.25,1.25,7.5625,0.75],"texture":"#0"},"west":{"uv":[7.25,2,7.5625,1.5],"texture":"#0"},"up":{"uv":[8.0625,2.5625,7.75,2.25],"texture":"#0"},"down":{"uv":[7.8125,7,7.5,7.3125],"texture":"#0"}}},{"from":[7.45736,10.35335,6.76267],"to":[8.54264,14.22935,7.53787],"rotation":{"angle":22.5,"axis":"x","origin":[7.6124,13.45415,6.83067]},"faces":{"north":{"uv":[5,6.4375,5.375,5],"texture":"#0"},"east":{"uv":[0.75,7.1875,1.0625,5.75],"texture":"#0"},"south":{"uv":[0,7.1875,0.375,5.75],"texture":"#0"},"west":{"uv":[1.5,7.1875,1.8125,5.75],"texture":"#0"},"up":{"uv":[6.125,7.8125,5.75,7.5],"texture":"#0"},"down":{"uv":[1.375,7.5,1,7.8125],"texture":"#0"}}},{"from":[7.66,12.284,7.704],"to":[8.34,15.684,8.384],"rotation":{"angle":45,"axis":"x","origin":[7.66,14.46,7.704]},"faces":{"north":{"uv":[4.5,7,4.75,5.75],"texture":"#0"},"east":{"uv":[5.75,7.25,6,6],"texture":"#0"},"south":{"uv":[6.25,7.25,6.5,6],"texture":"#0"},"west":{"uv":[2.25,8,2.5,6.75],"texture":"#0"},"up":{"uv":[6.75,8,6.5,7.75],"texture":"#0"},"down":{"uv":[8,6,7.75,6.25],"texture":"#0"}}},{"from":[7.66,9.632,7.228],"to":[8.34,10.312,7.908],"rotation":{"angle":0,"axis":"y","origin":[7.66,8.272,7.228]},"faces":{"north":{"uv":[7.75,6.75,8,6.5],"texture":"#0"},"east":{"uv":[7,8,7.25,7.75],"texture":"#0"},"south":{"uv":[7.5,8,7.75,7.75],"texture":"#0"},"west":{"uv":[0,8.25,0.25,8],"texture":"#0"},"up":{"uv":[0.75,8.25,0.5,8],"texture":"#0"},"down":{"uv":[8.25,0,8,0.25],"texture":"#0"}}},{"from":[7.728,15.51241,8.01325],"to":[8.272,16.19241,10.05325],"rotation":{"angle":-22.5,"axis":"x","origin":[8,17.00841,10.73325]},"faces":{"north":{"uv":[5.75,8.5,5.9375,8.25],"texture":"#0"},"east":{"uv":[6.75,6.25,7.5,6],"texture":"#0"},"south":{"uv":[8.25,6.25,8.4375,6],"texture":"#0"},"west":{"uv":[6.75,6.75,7.5,6.5],"texture":"#0"},"up":{"uv":[7.4375,4,7.25,3.25],"texture":"#0"},"down":{"uv":[7.4375,2.25,7.25,3],"texture":"#0"}}},{"from":[7.66,15.378,10.305],"to":[8.34,16.058,10.985],"rotation":{"angle":22.5,"axis":"x","origin":[8,15.82,10.288]},"faces":{"north":{"uv":[1.5,8.5,1.75,8.25],"texture":"#0"},"east":{"uv":[2,8.5,2.25,8.25],"texture":"#0"},"south":{"uv":[8.25,3.25,8.5,3],"texture":"#0"},"west":{"uv":[8.25,4.5,8.5,4.25],"texture":"#0"},"up":{"uv":[5.5,8.5,5.25,8.25],"texture":"#0"},"down":{"uv":[5,8.25,4.75,8.5],"texture":"#0"}}},{"from":[8,10.38,0.632],"to":[8,13.1,6.072],"rotation":{"angle":-22.5,"axis":"x","origin":[8,11.876,4.304]},"faces":{"north":{"uv":[2.5,9.25,2.5,8.25],"texture":"#0"},"east":{"uv":[5,1,7,0],"texture":"#0"},"south":{"uv":[7.25,9.25,7.25,8.25],"texture":"#0"},"west":{"uv":[5,2.25,7,1.25],"texture":"#0"},"up":{"uv":[7.75,10.25,7.75,8.25],"texture":"#0"},"down":{"uv":[7.5,8.25,7.5,10.25],"texture":"#0"}}},{"from":[8,15.64155,7.21753],"to":[8,18.36155,12.65753],"rotation":{"angle":-45,"axis":"x","origin":[8,16.86555,9.59753]},"faces":{"north":{"uv":[8,9.25,8,8.25],"texture":"#0"},"east":{"uv":[5,3.5,7,2.5],"texture":"#0"},"south":{"uv":[8.25,9.25,8.25,8.25],"texture":"#0"},"west":{"uv":[5,4.75,7,3.75],"texture":"#0"},"up":{"uv":[8.5,2,8.5,0],"texture":"#0"},"down":{"uv":[0,8.5,0,10.5],"texture":"#0"}}},{"from":[7.728,8.306,7.296],"to":[8.272,9.666,7.84],"rotation":{"angle":0,"axis":"y","origin":[7.66,8.374,7.228]},"faces":{"north":{"uv":[4.5,7.75,4.6875,7.25],"texture":"#0"},"east":{"uv":[1.75,8,1.9375,7.5],"texture":"#0"},"south":{"uv":[7.75,3.5,7.9375,3],"texture":"#0"},"west":{"uv":[3.75,8.25,3.9375,7.75],"texture":"#0"},"up":{"uv":[8.4375,6.6875,8.25,6.5],"texture":"#0"},"down":{"uv":[6.4375,8.25,6.25,8.4375],"texture":"#0"}}},{"from":[8,0.52,10.492],"to":[8,15.48,16.612],"rotation":{"angle":0,"axis":"y","origin":[8,2.56,2.128]},"faces":{"north":{"uv":[0.25,8.5,0.25,14],"texture":"#0"},"east":{"uv":[0,0,2.25,5.5],"texture":"#0"},"south":{"uv":[0.5,8.5,0.5,14],"texture":"#0"},"west":{"uv":[2.5,0,4.75,5.5],"texture":"#0"},"up":{"uv":[0.75,10.75,0.75,8.5],"texture":"#0"},"down":{"uv":[3.75,8.5,3.75,10.75],"texture":"#0"}}}],"gui_light":"front","display":{"thirdperson_righthand":{"translation":[0,-2,1.75]},"thirdperson_lefthand":{"translation":[0,-2,1.75]},"firstperson_righthand":{"rotation":[9.75,0,0],"translation":[1.25,3.25,0]},"firstperson_lefthand":{"rotation":[9.75,0,0],"translation":[1.25,3.25,0]},"ground":{"translation":[0,2,0],"scale":[0.5,0.5,0.5]},"gui":{"rotation":[90,-45,90],"translation":[1.25,1.25,-0.75]},"head":{"scale":[0,0,0]},"fixed":{"rotation":[90,-45,90],"translation":[3.25,2.5,-2.25],"scale":[2.32344,2.32344,2.32344]}}}