{"credit":"HelloWorld Team","textures":{"0":"skills_dragon_red:dragon_jump/dragon_jump_3","particle":"skills_dragon_red:dragon_jump/dragon_jump_3"},"elements":[{"from":[-12,2,-12],"to":[28,2,28],"rotation":{"angle":0,"axis":"y","origin":[8,2,8]},"faces":{"north":{"uv":[0,16,16,0],"rotation":180,"texture":"#0"},"east":{"uv":[0,16,16,0],"rotation":180,"texture":"#0"},"south":{"uv":[0,16,16,0],"rotation":180,"texture":"#0"},"west":{"uv":[0,16,16,0],"rotation":180,"texture":"#0"},"up":{"uv":[0,16,16,0],"rotation":180,"texture":"#0"},"down":{"uv":[0,0,16,16],"rotation":180,"texture":"#0"}}}],"display":{"head":{"translation":[0,-17.5,-2.75],"scale":[4,4,4]}}}