{"credit":"MythicMMC Team","textures":{"0":"forest_skills:s3_forest_buff/s3_forest_buff_1","particle":"forest_skills:s3_forest_buff/s3_forest_buff_1"},"elements":[{"from":[-1,-15.16421,-4.55635],"to":[17,6.83579,-4.55635],"rotation":{"angle":-22.5,"axis":"x","origin":[8,-2.91421,-7.55635]},"faces":{"north":{"uv":[0.125,8,5.75,16],"texture":"#0"},"east":{"uv":[0,0,0,16],"texture":"#missing"},"south":{"uv":[5.75,8,0.125,16],"texture":"#0"},"west":{"uv":[0,0,0,16],"texture":"#missing"},"up":{"uv":[0,0,16,0],"texture":"#missing"},"down":{"uv":[0,0,16,0],"texture":"#missing"}}},{"from":[-1,-15.16421,20.55635],"to":[17,6.83579,20.55635],"rotation":{"angle":22.5,"axis":"x","origin":[8,-2.91421,23.55635]},"faces":{"north":{"uv":[0.125,8,5.75,16],"texture":"#0"},"east":{"uv":[0,0,0,16],"texture":"#missing"},"south":{"uv":[5.75,8,0.125,16],"texture":"#0"},"west":{"uv":[0,0,0,16],"texture":"#missing"},"up":{"uv":[0,0,16,0],"texture":"#missing"},"down":{"uv":[0,0,16,0],"texture":"#missing"}}},{"from":[0.44365,-13.11827,-1],"to":[0.44365,8.88173,17],"rotation":{"angle":22.5,"axis":"z","origin":[0.26687,-13.60876,8]},"faces":{"north":{"uv":[0,0,0,16],"texture":"#missing"},"east":{"uv":[0.125,8,5.75,16],"texture":"#0"},"south":{"uv":[0,0,0,16],"texture":"#missing"},"west":{"uv":[5.75,8,0.125,16],"texture":"#0"},"up":{"uv":[0,0,16,0],"rotation":90,"texture":"#missing"},"down":{"uv":[0,0,16,0],"rotation":270,"texture":"#missing"}}},{"from":[15.55635,-13.11827,-1],"to":[15.55635,8.88173,17],"rotation":{"angle":-22.5,"axis":"z","origin":[15.73313,-13.60876,8]},"faces":{"north":{"uv":[0,0,0,16],"texture":"#missing"},"east":{"uv":[0.125,8,5.75,16],"texture":"#0"},"south":{"uv":[0,0,0,16],"texture":"#missing"},"west":{"uv":[5.75,8,0.125,16],"texture":"#0"},"up":{"uv":[0,0,16,0],"rotation":90,"texture":"#missing"},"down":{"uv":[0,0,16,0],"rotation":270,"texture":"#missing"}}},{"from":[8,-13,-6],"to":[8,32,22],"rotation":{"angle":0,"axis":"y","origin":[8,3,8]},"faces":{"north":{"uv":[0,0,0,16],"texture":"#missing"},"east":{"uv":[9.875,1.25,12.5,6],"texture":"#0"},"south":{"uv":[0,0,0,16],"texture":"#missing"},"west":{"uv":[12.5,1.25,9.875,6],"texture":"#0"},"up":{"uv":[0,0,0,14],"texture":"#missing"},"down":{"uv":[0,0,0,14],"texture":"#missing"}}},{"from":[-4,-13,8],"to":[20,32,8],"rotation":{"angle":0,"axis":"y","origin":[8,3,8]},"faces":{"north":{"uv":[12.5,6,9.875,1.25],"texture":"#0"},"east":{"uv":[0,0,0,16],"texture":"#missing"},"south":{"uv":[9.875,6,12.5,1.25],"texture":"#0"},"west":{"uv":[0,0,0,16],"texture":"#missing"},"up":{"uv":[0,0,0,14],"rotation":90,"texture":"#missing"},"down":{"uv":[0,0,0,14],"rotation":270,"texture":"#missing"}}},{"from":[-7,-12,-7],"to":[23,-12,23],"rotation":{"angle":0,"axis":"y","origin":[14,0,14]},"faces":{"north":{"uv":[0,0,16,0],"texture":"#missing"},"east":{"uv":[0,0,16,0],"texture":"#missing"},"south":{"uv":[0,0,16,0],"texture":"#missing"},"west":{"uv":[0,0,16,0],"texture":"#missing"},"up":{"uv":[11.5,11.375,14.375,14.375],"texture":"#0"},"down":{"uv":[14.375,11.375,11.5,14.375],"texture":"#0"}}},{"from":[-7,32,-7],"to":[23,32,23],"rotation":{"angle":0,"axis":"z","origin":[8,24,8]},"faces":{"north":{"uv":[0,0,16,0],"texture":"#missing"},"east":{"uv":[0,0,16,0],"texture":"#missing"},"south":{"uv":[0,0,16,0],"texture":"#missing"},"west":{"uv":[0,0,16,0],"texture":"#missing"},"up":{"uv":[2.25,2.375,5.75,5.75],"texture":"#0"},"down":{"uv":[5.75,2.375,2.25,5.75],"texture":"#0"}}}],"display":{"thirdperson_righthand":{"rotation":[90,0,0],"translation":[-6,-2,73],"scale":[4,4,4]},"head":{"rotation":[0,-45,0],"translation":[0,-14.75,0],"scale":[1.44,1.44,1.44]}}}