{"credit":"Made by samus2002","texture_size":[64,64],"textures":{"0":"pet_8:rpg_pet_3_texture/pet_necromancer","particle":"pet_8:rpg_pet_3_texture/pet_necromancer"},"elements":[{"from":[3,3,3],"to":[13,13,13],"rotation":{"angle":0,"axis":"y","origin":[11.5,5.5,11.5]},"faces":{"north":{"uv":[0,0,2.5,2.5],"texture":"#0"},"east":{"uv":[0,2.75,2.5,5.25],"texture":"#0"},"south":{"uv":[2.75,0,5.25,2.5],"texture":"#0"},"west":{"uv":[2.75,2.75,5.25,5.25],"texture":"#0"},"up":{"uv":[2.5,8,0,5.5],"texture":"#0"},"down":{"uv":[8,0,5.5,2.5],"texture":"#0"}}},{"from":[3,-1.88887,13.50499],"to":[13,3.11113,13.50499],"rotation":{"angle":-22.5,"axis":"x","origin":[8,2.89137,8]},"faces":{"north":{"uv":[7.75,10.25,5.25,11.5],"texture":"#0"},"east":{"uv":[13.25,13.25,13.25,14.5],"texture":"#0"},"south":{"uv":[5.25,10.25,7.75,11.5],"texture":"#0"},"west":{"uv":[0,13.5,0,14.75],"texture":"#0"},"up":{"uv":[15.5,5.5,13,5.5],"texture":"#0"},"down":{"uv":[15.5,7.5,13,7.5],"texture":"#0"}}},{"from":[13.50499,-1.88887,3],"to":[13.50499,3.11113,13],"rotation":{"angle":22.5,"axis":"z","origin":[8,2.89137,8]},"faces":{"north":{"uv":[5,13,5,14.25],"texture":"#0"},"east":{"uv":[2.5,8.25,0,9.5],"texture":"#0"},"south":{"uv":[5.25,13,5.25,14.25],"texture":"#0"},"west":{"uv":[0,8.25,2.5,9.5],"texture":"#0"},"up":{"uv":[7.5,15.5,7.5,13],"texture":"#0"},"down":{"uv":[12,13.25,12,15.75],"texture":"#0"}}},{"from":[2.49501,-1.88887,3],"to":[2.49501,3.11113,13],"rotation":{"angle":-22.5,"axis":"z","origin":[8,2.89137,8]},"faces":{"north":{"uv":[5,13,5,14.25],"texture":"#0"},"east":{"uv":[2.5,8.25,0,9.5],"texture":"#0"},"south":{"uv":[5.25,13,5.25,14.25],"texture":"#0"},"west":{"uv":[0,8.25,2.5,9.5],"texture":"#0"},"up":{"uv":[7.5,15.5,7.5,13],"texture":"#0"},"down":{"uv":[12,13.25,12,15.75],"texture":"#0"}}},{"from":[3.5,3.5,3.5],"to":[12.5,12.5,12.5],"rotation":{"angle":0,"axis":"y","origin":[11.5,5.5,11.5]},"faces":{"north":{"uv":[2.75,5.5,5,7.75],"texture":"#0"},"east":{"uv":[5.5,2.75,7.75,5],"texture":"#0"},"south":{"uv":[7.75,5.25,10,7.5],"texture":"#0"},"west":{"uv":[7.75,5.25,10,7.5],"texture":"#0"},"up":{"uv":[5,8,2.75,10.25],"texture":"#0"},"down":{"uv":[5,8,2.75,10.25],"texture":"#0"}}}],"gui_light":"front","display":{"gui":{"rotation":[0,180,0],"translation":[0,0.5,0]}}}