{"credit":"Made by samus2002","texture_size":[64,64],"textures":{"0":"pet_8:rpg_pet_3_texture/pet_shadowmancer","particle":"pet_8:rpg_pet_3_texture/pet_shadowmancer"},"elements":[{"from":[3.5,3.5,3.5],"to":[12.5,12.5,12.5],"rotation":{"angle":0,"axis":"y","origin":[11.5,5.5,11.5]},"faces":{"north":{"uv":[2.75,0,5,2.25],"texture":"#0"},"east":{"uv":[2.75,2.5,5,4.75],"texture":"#0"},"south":{"uv":[2.75,5,5,7.25],"texture":"#0"},"west":{"uv":[5.25,0,7.5,2.25],"texture":"#0"},"up":{"uv":[7.5,4.75,5.25,2.5],"texture":"#0"},"down":{"uv":[7.5,4.75,5.25,2.5],"texture":"#0"}}},{"from":[3,8.5,3],"to":[13,13.5,13],"rotation":{"angle":0,"axis":"y","origin":[11,5.5,11.5]},"faces":{"north":{"uv":[0,5.5,2.5,6.75],"texture":"#0"},"east":{"uv":[0,7,2.5,8.25],"texture":"#0"},"south":{"uv":[2.75,7.5,5.25,8.75],"texture":"#0"},"west":{"uv":[5.5,7.5,8,8.75],"texture":"#0"},"up":{"uv":[2.5,2.5,0,0],"texture":"#0"},"down":{"uv":[2.5,2.75,0,5.25],"texture":"#0"}}},{"from":[1,13.5,7],"to":[5,16.5,10],"rotation":{"angle":-45,"axis":"z","origin":[0,14,8]},"faces":{"north":{"uv":[5.25,10.25,6.25,11],"texture":"#0"},"east":{"uv":[11.25,13,12,13.75],"texture":"#0"},"south":{"uv":[6.5,10.25,7.5,11],"texture":"#0"},"west":{"uv":[13.25,12,14,12.75],"texture":"#0"},"up":{"uv":[11.25,8.25,10.25,7.5],"texture":"#0"},"down":{"uv":[8.75,10.25,7.75,11],"texture":"#0"}}},{"from":[1,13.8,7.025],"to":[3,18.8,9.025],"rotation":{"angle":-22.5,"axis":"z","origin":[0,14,8]},"faces":{"north":{"uv":[10.75,11.5,11.25,12.75],"texture":"#0"},"east":{"uv":[11.5,11.5,12,12.75],"texture":"#0"},"south":{"uv":[11.75,0,12.25,1.25],"texture":"#0"},"west":{"uv":[11.75,1.5,12.25,2.75],"texture":"#0"},"up":{"uv":[14.5,5.5,14,5],"texture":"#0"},"down":{"uv":[14.5,5.75,14,6.25],"texture":"#0"}}},{"from":[13,13.8,7.025],"to":[15,18.8,9.025],"rotation":{"angle":22.5,"axis":"z","origin":[16,14,8]},"faces":{"north":{"uv":[11.25,11.5,10.75,12.75],"texture":"#0"},"east":{"uv":[12.25,1.5,11.75,2.75],"texture":"#0"},"south":{"uv":[12.25,0,11.75,1.25],"texture":"#0"},"west":{"uv":[12,11.5,11.5,12.75],"texture":"#0"},"up":{"uv":[14,5.5,14.5,5],"texture":"#0"},"down":{"uv":[14,5.75,14.5,6.25],"texture":"#0"}}},{"from":[11,13.5,7],"to":[15,16.5,10],"rotation":{"angle":45,"axis":"z","origin":[16,14,8]},"faces":{"north":{"uv":[6.25,10.25,5.25,11],"texture":"#0"},"east":{"uv":[14,12,13.25,12.75],"texture":"#0"},"south":{"uv":[7.5,10.25,6.5,11],"texture":"#0"},"west":{"uv":[12,13,11.25,13.75],"texture":"#0"},"up":{"uv":[10.25,8.25,11.25,7.5],"texture":"#0"},"down":{"uv":[7.75,10.25,8.75,11],"texture":"#0"}}},{"from":[7,13.25214,1.93534],"to":[9,18.25214,3.93534],"rotation":{"angle":22.5,"axis":"x","origin":[8.2375,14.56506,3.5125]},"faces":{"north":{"uv":[12.25,1.5,11.75,2.75],"texture":"#0"},"east":{"uv":[12.25,0,11.75,1.25],"texture":"#0"},"south":{"uv":[12,11.5,11.5,12.75],"texture":"#0"},"west":{"uv":[11.25,11.5,10.75,12.75],"texture":"#0"},"up":{"uv":[14,5.5,14.5,5],"rotation":270,"texture":"#0"},"down":{"uv":[14,5.75,14.5,6.25],"rotation":90,"texture":"#0"}}},{"from":[6.5,12.02753,2.56697],"to":[9.5,15.02753,6.56697],"rotation":{"angle":45,"axis":"x","origin":[7.7625,14.56506,3.5125]},"faces":{"north":{"uv":[14,12,13.25,12.75],"texture":"#0"},"east":{"uv":[7.5,10.25,6.5,11],"texture":"#0"},"south":{"uv":[12,13,11.25,13.75],"texture":"#0"},"west":{"uv":[6.25,10.25,5.25,11],"texture":"#0"},"up":{"uv":[10.25,8.25,11.25,7.5],"rotation":270,"texture":"#0"},"down":{"uv":[7.75,10.25,8.75,11],"rotation":90,"texture":"#0"}}},{"from":[3,4.5,3],"to":[5,8.5,13],"rotation":{"angle":0,"axis":"y","origin":[11,5.5,11.5]},"faces":{"north":{"uv":[7.25,13.5,7.75,14.5],"texture":"#0"},"east":{"uv":[7.75,0,10.25,1],"texture":"#0"},"south":{"uv":[8,13.5,8.5,14.5],"texture":"#0"},"west":{"uv":[7.75,1.25,10.25,2.25],"texture":"#0"},"up":{"uv":[8.75,10,8.25,7.5],"texture":"#0"},"down":{"uv":[0.5,8.5,0,11],"texture":"#0"}}},{"from":[5,4.5,12],"to":[11,8.5,13],"rotation":{"angle":0,"axis":"y","origin":[11,5.5,11.5]},"faces":{"north":{"uv":[7.75,5,9.25,6],"texture":"#0"},"east":{"uv":[6.25,13.75,6.5,14.75],"texture":"#0"},"south":{"uv":[7.75,6.25,9.25,7.25],"texture":"#0"},"west":{"uv":[6.75,13.75,7,14.75],"texture":"#0"},"up":{"uv":[3.5,14,2,13.75],"texture":"#0"},"down":{"uv":[5.25,13.75,3.75,14],"texture":"#0"}}},{"from":[11,4.5,3],"to":[13,8.5,13],"rotation":{"angle":0,"axis":"y","origin":[5,5.5,11.5]},"faces":{"north":{"uv":[8.75,13.5,9.25,14.5],"texture":"#0"},"east":{"uv":[7.75,2.5,10.25,3.5],"texture":"#0"},"south":{"uv":[9.5,13.5,10,14.5],"texture":"#0"},"west":{"uv":[7.75,3.75,10.25,4.75],"texture":"#0"},"up":{"uv":[1.25,11,0.75,8.5],"texture":"#0"},"down":{"uv":[2,8.5,1.5,11],"texture":"#0"}}},{"from":[7,6.5,3],"to":[9,8.5,8],"rotation":{"angle":0,"axis":"y","origin":[1,5.5,11.5]},"faces":{"north":{"uv":[12.25,13.5,12.75,14],"texture":"#0"},"east":{"uv":[11.5,5,12.75,5.5],"texture":"#0"},"south":{"uv":[5.5,13.75,6,14.25],"texture":"#0"},"west":{"uv":[11.5,5.75,12.75,6.25],"texture":"#0"},"up":{"uv":[12,7.75,11.5,6.5],"texture":"#0"},"down":{"uv":[12,8,11.5,9.25],"texture":"#0"}}}],"gui_light":"front","display":{"gui":{"rotation":[0,180,0],"translation":[0,-2.75,0],"scale":[0.9,0.9,0.9]}}}