{"credit":"Made by samus2002","texture_size":[64,64],"textures":{"0":"pet_8:rpg_pet_3_texture/pet_bard","particle":"pet_8:rpg_pet_3_texture/pet_bard"},"elements":[{"from":[3.5,3.5,3.5],"to":[12.5,12.5,12.5],"rotation":{"angle":0,"axis":"y","origin":[11.5,5.5,11.5]},"faces":{"north":{"uv":[1.5,0,2.625,1.125],"texture":"#0"},"east":{"uv":[1.5,1.25,2.625,2.375],"texture":"#0"},"south":{"uv":[1.5,2.5,2.625,3.625],"texture":"#0"},"west":{"uv":[2.75,0,3.875,1.125],"texture":"#0"},"up":{"uv":[3.875,2.375,2.75,1.25],"texture":"#0"},"down":{"uv":[3.875,2.5,2.75,3.625],"texture":"#0"}}},{"from":[3,3,3],"to":[7,7,13],"rotation":{"angle":0,"axis":"y","origin":[11.5,5.5,11.5]},"faces":{"north":{"uv":[4.625,5.5,5.125,6],"texture":"#0"},"east":{"uv":[4,2.875,5.25,3.375],"texture":"#0"},"south":{"uv":[0,5.625,0.5,6.125],"texture":"#0"},"west":{"uv":[4,2.875,5.25,3.375],"texture":"#0"},"up":{"uv":[4.5,4.75,4,3.5],"texture":"#0"},"down":{"uv":[0.5,4.25,0,5.5],"texture":"#0"}}},{"from":[9,3,3],"to":[13,7,13],"rotation":{"angle":0,"axis":"y","origin":[4.5,5.5,11.5]},"faces":{"north":{"uv":[5.125,5.5,4.625,6],"texture":"#0"},"east":{"uv":[5.25,2.875,4,3.375],"texture":"#0"},"south":{"uv":[0.5,5.625,0,6.125],"texture":"#0"},"west":{"uv":[5.25,2.875,4,3.375],"texture":"#0"},"up":{"uv":[4,4.75,4.5,3.5],"texture":"#0"},"down":{"uv":[0,4.25,0.5,5.5],"texture":"#0"}}},{"from":[2.5,9.5,2.625],"to":[13.5,14.5,13.625],"rotation":{"angle":0,"axis":"y","origin":[12.5,5.5,12.625]},"faces":{"north":{"uv":[2.5,3.75,3.875,4.375],"texture":"#0"},"east":{"uv":[4,0,5.375,0.625],"texture":"#0"},"south":{"uv":[4,0.75,5.375,1.375],"texture":"#0"},"west":{"uv":[4,1.5,5.375,2.125],"texture":"#0"},"up":{"uv":[1.375,1.375,0,0],"texture":"#0"},"down":{"uv":[1.375,1.5,0,2.875],"texture":"#0"}}},{"from":[6.5,14.5,6.625],"to":[9.5,15.5,9.625],"rotation":{"angle":0,"axis":"y","origin":[8.5,5.5,12.625]},"faces":{"north":{"uv":[3.5,6.875,3.875,7],"texture":"#0"},"east":{"uv":[4,6.875,4.375,7],"texture":"#0"},"south":{"uv":[6.875,4.25,7.25,4.375],"texture":"#0"},"west":{"uv":[6.875,4.5,7.25,4.625],"texture":"#0"},"up":{"uv":[5.625,7,5.25,6.625],"texture":"#0"},"down":{"uv":[6.125,6.625,5.75,7],"texture":"#0"}}},{"from":[10.5,14.5,4.625],"to":[15.5,20.5,4.625],"rotation":{"angle":-22.5,"axis":"z","origin":[11,17,4.625]},"faces":{"north":{"uv":[3.875,4.875,4.5,5.625],"texture":"#0"},"east":{"uv":[0.75,7,0.75,7.75],"texture":"#0"},"south":{"uv":[4.5,4.875,3.875,5.625],"texture":"#0"},"west":{"uv":[0.875,7,0.875,7.75],"texture":"#0"},"up":{"uv":[7.5,5.5,6.875,5.5],"texture":"#0"},"down":{"uv":[1.625,7,1,7],"texture":"#0"}}}],"gui_light":"front","display":{"gui":{"rotation":[0,180,0],"translation":[0,-2.5,0],"scale":[0.9,0.9,0.9]}}}