{"credit":"Made by samus2002","texture_size":[64,64],"textures":{"0":"pet_8:rpg_pet_3_texture/pet_summoner","particle":"pet_8:rpg_pet_3_texture/pet_summoner"},"elements":[{"from":[3.5,3.5,3.5],"to":[12.5,12.5,12.5],"rotation":{"angle":0,"axis":"y","origin":[11.5,5.5,11.5]},"faces":{"north":{"uv":[3,1.375,4.125,2.5],"texture":"#0"},"east":{"uv":[0,3.875,1.125,5],"texture":"#0"},"south":{"uv":[1.25,4.125,2.375,5.25],"texture":"#0"},"west":{"uv":[2.5,4.125,3.625,5.25],"texture":"#0"},"up":{"uv":[5.25,3.75,4.125,2.625],"texture":"#0"},"down":{"uv":[5.25,3.75,4.125,2.625],"texture":"#0"}}},{"from":[3,3,3],"to":[13,13,13],"rotation":{"angle":0,"axis":"y","origin":[11,5.5,11.5]},"faces":{"north":{"uv":[1.625,0,2.875,1.25],"texture":"#0"},"east":{"uv":[1.625,1.375,2.875,2.625],"texture":"#0"},"south":{"uv":[0,2.5,1.25,3.75],"texture":"#0"},"west":{"uv":[1.375,2.75,2.625,4],"texture":"#0"},"up":{"uv":[4,4,2.75,2.75],"texture":"#0"},"down":{"uv":[4.25,0,3,1.25],"texture":"#0"}}}],"gui_light":"front","display":{"gui":{"rotation":[0,180,0],"translation":[0,-0.25,0]}}}