{"credit":"MythicMMC Team","textures":{"0":"forest_skills:s3_forest_buff_re/s3_forest_buff_re_2","1":"forest_skills:s3_forest_buff_re1/s3_forest_buff_re1_2","particle":"forest_skills:s3_forest_buff_re/s3_forest_buff_re_2"},"elements":[{"from":[-16,1,-16],"to":[32,1,32],"faces":{"north":{"uv":[0,0,16,0],"texture":"#missing"},"east":{"uv":[0,0,16,0],"texture":"#missing"},"south":{"uv":[0,0,16,0],"texture":"#missing"},"west":{"uv":[0,0,16,0],"texture":"#missing"},"up":{"uv":[0,0,16,16],"texture":"#0"},"down":{"uv":[0,0,16,16],"texture":"#0"}}},{"from":[-8,2,-8],"to":[24,2,24],"faces":{"north":{"uv":[0,0,16,0],"texture":"#missing"},"east":{"uv":[0,0,16,0],"texture":"#missing"},"south":{"uv":[0,0,16,0],"texture":"#missing"},"west":{"uv":[0,0,16,0],"texture":"#missing"},"up":{"uv":[0,0,16,16],"texture":"#0"},"down":{"uv":[0,0,16,16],"texture":"#0"}}},{"from":[-16,1,-16],"to":[32,1,32],"rotation":{"angle":-45,"axis":"y","origin":[8,1,8]},"faces":{"north":{"uv":[0,0,16,0],"texture":"#missing"},"east":{"uv":[0,0,16,0],"texture":"#missing"},"south":{"uv":[0,0,16,0],"texture":"#missing"},"west":{"uv":[0,0,16,0],"texture":"#missing"},"up":{"uv":[0,0,16,16],"texture":"#1"},"down":{"uv":[0,16,16,0],"texture":"#1"}}},{"from":[-14,1.9,-14],"to":[30,1.9,30],"rotation":{"angle":22.5,"axis":"y","origin":[8,1,8]},"faces":{"north":{"uv":[0,0,16,0],"texture":"#missing"},"east":{"uv":[0,0,16,0],"texture":"#missing"},"south":{"uv":[0,0,16,0],"texture":"#missing"},"west":{"uv":[0,0,16,0],"texture":"#missing"},"up":{"uv":[0,0,16,16],"texture":"#1"},"down":{"uv":[0,16,16,0],"texture":"#1"}}}],"display":{"thirdperson_righthand":{"rotation":[90,0,0],"translation":[-6,-2,18.5],"scale":[4,4,4]},"head":{"rotation":[180,0,0],"translation":[0,-60,0],"scale":[1.86,3.55,1.86]}}}