{"credit":"by w11shes","textures":{"0":"elitecreatures:elven_elf_weapon/bow","particle":"elitecreatures:elven_elf_weapon/bow"},"elements":[{"from":[8,-6,8.3],"to":[8.05,22,9.3],"faces":{"east":{"uv":[0,0,0.5,14],"texture":"#0"},"west":{"uv":[0,0,0.5,14],"texture":"#0"}}},{"from":[7.02,13,5],"to":[8.98,18,7],"rotation":{"angle":-45,"axis":"x","origin":[0,13,7]},"faces":{"north":{"uv":[5.5,9,6.5,11.5],"texture":"#0"},"east":{"uv":[9,5.5,10,8],"texture":"#0"},"south":{"uv":[6.5,9,7.5,11.5],"texture":"#0"},"west":{"uv":[10,5.5,9,8],"texture":"#0"}}},{"from":[6,14.5,1],"to":[10,19.5,6],"faces":{"north":{"uv":[0.5,2.5,2.5,5],"texture":"#0"},"east":{"uv":[0.5,0,3,2.5],"texture":"#0"},"south":{"uv":[2.5,2.5,4.5,5],"texture":"#0"},"west":{"uv":[3,0,0.5,2.5],"texture":"#0"},"up":{"uv":[5,2.5,3,0],"texture":"#0"},"down":{"uv":[6.5,2.5,4.5,5],"texture":"#0"}}},{"from":[6.5,16.5,2],"to":[9.5,19.5,7],"rotation":{"angle":-45,"axis":"x","origin":[0,19.5,2]},"faces":{"east":{"uv":[7.5,4,10,5.5],"texture":"#0"},"south":{"uv":[9,9.5,10.5,11],"texture":"#0"},"west":{"uv":[10,4,7.5,5.5],"texture":"#0"},"up":{"uv":[9,8,7.5,5.5],"texture":"#0"},"down":{"uv":[9,8,7.5,10.5],"texture":"#0"}}},{"from":[6.98,15.5,2],"to":[9.02,17.5,9],"rotation":{"angle":-45,"axis":"x","origin":[0,19.5,1]},"faces":{"east":{"uv":[8.6,2,12,3],"texture":"#0"},"west":{"uv":[12,2,8.6,3],"texture":"#0"},"up":{"uv":[4.5,12.5,3.5,9.1],"texture":"#0"},"down":{"uv":[5.5,9.1,4.5,12.5],"texture":"#0"}}},{"from":[7,22.32843,7.48528],"to":[9,24.32843,9.48528],"faces":{"north":{"uv":[6.5,4,7.5,5],"texture":"#0"},"east":{"uv":[2,10,3,11],"texture":"#0"},"south":{"uv":[10,4,11,5],"texture":"#0"},"west":{"uv":[3,10,2,11],"texture":"#0"}}},{"from":[6,24.3,6.175],"to":[10,28.3,10.175],"rotation":{"angle":-45,"axis":"x","origin":[0,26.55,8.675]},"faces":{"north":{"uv":[5.5,5,7.5,7],"texture":"#0"},"east":{"uv":[6.5,2,8.5,4],"texture":"#0"},"south":{"uv":[7,0,9,2],"texture":"#0"},"west":{"uv":[8.5,2,6.5,4],"texture":"#0"},"up":{"uv":[5.5,9,3.5,7],"texture":"#0"},"down":{"uv":[7.5,7,5.5,9],"texture":"#0"}}},{"from":[6,14.48,-1.825],"to":[8.825,16.48,1],"rotation":{"angle":-45,"axis":"y","origin":[6,0,1]},"faces":{"north":{"uv":[0.5,10,2,11],"texture":"#0"},"west":{"uv":[2,10,0.5,11],"texture":"#0"},"up":{"uv":[10.5,1.5,9,0],"texture":"#0"},"down":{"uv":[10.5,8,9,9.5],"texture":"#0"}}},{"from":[7,3,5],"to":[9,13,7],"faces":{"north":{"uv":[0.5,5,1.5,10],"texture":"#0"},"east":{"uv":[1.5,5,2.5,10],"texture":"#0"},"south":{"uv":[2.5,5,3.5,10],"texture":"#0"},"west":{"uv":[2.5,5,1.5,10],"texture":"#0"}}},{"from":[6,11,4],"to":[10,13,8],"faces":{"north":{"uv":[8.5,3,10.5,4],"texture":"#0"},"east":{"uv":[8.5,3,10.5,4],"texture":"#0"},"south":{"uv":[8.5,3,10.5,4],"texture":"#0"},"west":{"uv":[8.5,3,10.5,4],"texture":"#0"},"up":{"uv":[7,2,5,0],"texture":"#0"},"down":{"uv":[5.5,5,3.5,7],"texture":"#0"}}},{"from":[6,-0.48,-1.825],"to":[8.825,1.52,1],"rotation":{"angle":-45,"axis":"y","origin":[6,0,1]},"faces":{"north":{"uv":[0.5,11,2,10],"texture":"#0"},"west":{"uv":[2,11,0.5,10],"texture":"#0"},"up":{"uv":[10.5,9.5,9,8],"texture":"#0"},"down":{"uv":[10.5,0,9,1.5],"texture":"#0"}}},{"from":[6,-3.5,1],"to":[10,1.5,6],"faces":{"north":{"uv":[0.5,5,2.5,2.5],"texture":"#0"},"east":{"uv":[0.5,2.5,3,0],"texture":"#0"},"south":{"uv":[2.5,5,4.5,2.5],"texture":"#0"},"west":{"uv":[3,2.5,0.5,0],"texture":"#0"},"up":{"uv":[6.5,5,4.5,2.5],"texture":"#0"},"down":{"uv":[5,0,3,2.5],"texture":"#0"}}},{"from":[7.02,-2,5],"to":[8.98,3,7],"rotation":{"angle":45,"axis":"x","origin":[0,3,7]},"faces":{"north":{"uv":[5.5,9,6.5,11.5],"texture":"#0"},"east":{"uv":[9,5.5,10,8],"texture":"#0"},"south":{"uv":[6.5,9,7.5,11.5],"texture":"#0"},"west":{"uv":[10,5.5,9,8],"texture":"#0"}}},{"from":[6.5,-3.5,2],"to":[9.5,-0.5,7],"rotation":{"angle":45,"axis":"x","origin":[0,-3.5,2]},"faces":{"east":{"uv":[7.5,5.5,10,4],"texture":"#0"},"south":{"uv":[9,11,10.5,9.5],"texture":"#0"},"west":{"uv":[10,5.5,7.5,4],"texture":"#0"},"up":{"uv":[9,10.5,7.5,8],"texture":"#0"},"down":{"uv":[9,5.5,7.5,8],"texture":"#0"}}},{"from":[6.98,-1.5,2],"to":[9.02,0.5,9],"rotation":{"angle":45,"axis":"x","origin":[0,-3.5,1]},"faces":{"east":{"uv":[8.6,3,12,2],"texture":"#0"},"west":{"uv":[12,3,8.6,2],"texture":"#0"},"up":{"uv":[5.5,12.5,4.5,9.1],"texture":"#0"},"down":{"uv":[4.5,9.1,3.5,12.5],"texture":"#0"}}},{"from":[7,-8.32843,7.48528],"to":[9,-6.32843,9.48528],"rotation":{"angle":0,"axis":"x","origin":[0,-3.5,1]},"faces":{"north":{"uv":[6.5,5,7.5,4],"texture":"#0"},"east":{"uv":[2,11,3,10],"texture":"#0"},"south":{"uv":[10,5,11,4],"texture":"#0"},"west":{"uv":[3,11,2,10],"texture":"#0"}}},{"from":[6,-12.3,6.175],"to":[10,-8.3,10.175],"rotation":{"angle":45,"axis":"x","origin":[0,-10.55,8.675]},"faces":{"north":{"uv":[5.5,7,7.5,5],"texture":"#0"},"east":{"uv":[6.5,4,8.5,2],"texture":"#0"},"south":{"uv":[7,2,9,0],"texture":"#0"},"west":{"uv":[8.5,4,6.5,2],"texture":"#0"},"up":{"uv":[7.5,9,5.5,7],"texture":"#0"},"down":{"uv":[5.5,7,3.5,9],"texture":"#0"}}},{"from":[6,3,4],"to":[10,5,8],"faces":{"north":{"uv":[8.5,3,10.5,4],"texture":"#0"},"east":{"uv":[8.5,3,10.5,4],"texture":"#0"},"south":{"uv":[8.5,3,10.5,4],"texture":"#0"},"west":{"uv":[8.5,3,10.5,4],"texture":"#0"},"up":{"uv":[7,2,5,0],"texture":"#0"},"down":{"uv":[5.5,5,3.5,7],"texture":"#0"}}}],"gui_light":"front","display":{"thirdperson_righthand":{"translation":[-1,-2,2],"scale":[0.6,0.6,0.6]},"thirdperson_lefthand":{"translation":[-1,-2,1.75],"scale":[0.6,0.6,0.6]},"firstperson_righthand":{"rotation":[10.75,0,0],"translation":[0,5.25,0],"scale":[0.6,0.6,0.6]},"firstperson_lefthand":{"rotation":[10.75,0,0],"translation":[0,5.25,0],"scale":[0.6,0.6,0.6]},"ground":{"rotation":[11.56,-44.14,62.03],"translation":[0,3,0],"scale":[0.41836,0.41836,0.41836]},"gui":{"rotation":[-90,135,-90],"translation":[-0.25,0.5,-1.5],"scale":[0.47695,0.47695,0.47695]},"head":{"rotation":[90,27.25,90],"translation":[0,15.5,0],"scale":[0.6,0.6,0.6]},"fixed":{"rotation":[-90,-45,-90],"translation":[1,-0.5,-1.25],"scale":[1.01797,1.01797,1.01797]}}}