{"credit":"by w11shes","textures":{"1":"elitecreatures:elven_elf_weapon/elven_particle","particle":"elitecreatures:elven_elf_weapon/elven_staff"},"elements":[{"from":[7,-5,7],"to":[9,10,9],"faces":{"north":{"uv":[2,0,3,7.5],"texture":"#particle"},"east":{"uv":[2,0,3,7.5],"texture":"#particle"},"south":{"uv":[2,0,3,7.5],"texture":"#particle"},"west":{"uv":[2,0,3,7.5],"texture":"#particle"}}},{"from":[6,-16,6],"to":[10,-12,10],"rotation":{"angle":45,"axis":"z","origin":[8,-14,0]},"faces":{"north":{"uv":[4.5,3,6.5,5],"texture":"#particle"},"east":{"uv":[5,0,7,2],"texture":"#particle"},"south":{"uv":[6.5,3,4.5,5],"texture":"#particle"},"west":{"uv":[4.5,5,6.5,7],"texture":"#particle"},"up":{"uv":[2,8.5,0,6.5],"texture":"#particle"},"down":{"uv":[8.5,2,6.5,4],"texture":"#particle"}}},{"from":[6.5,20.5,6.5],"to":[9.5,23.5,9.5],"rotation":{"angle":45,"axis":"z","origin":[8,22,0]},"faces":{"north":{"uv":[14.5,0,16,1.5],"texture":"#particle"},"east":{"uv":[14.5,0,16,1.5],"texture":"#particle"},"south":{"uv":[14.5,0,16,1.5],"texture":"#particle"},"west":{"uv":[14.5,0,16,1.5],"texture":"#particle"},"up":{"uv":[14.5,0,16,1.5],"texture":"#particle"},"down":{"uv":[14.5,0,16,1.5],"texture":"#particle"}}},{"from":[10.25,24.25,10.25],"to":[5.75,19.75,5.75],"shade":false,"rotation":{"angle":45,"axis":"z","origin":[8,22,0]},"faces":{"north":{"uv":[13,0,14.5,1.5],"texture":"#particle"},"east":{"uv":[13,0,14.5,1.5],"texture":"#particle"},"south":{"uv":[13,0,14.5,1.5],"texture":"#particle"},"west":{"uv":[13,0,14.5,1.5],"texture":"#particle"},"up":{"uv":[13,0,14.5,1.5],"texture":"#particle"},"down":{"uv":[13,0,14.5,1.5],"texture":"#particle"}}},{"from":[11,25,11],"to":[5,19,5],"shade":false,"rotation":{"angle":45,"axis":"z","origin":[8,22,0]},"faces":{"north":{"uv":[11.5,0,13,1.5],"texture":"#particle"},"east":{"uv":[11.5,0,13,1.5],"texture":"#particle"},"south":{"uv":[11.5,0,13,1.5],"texture":"#particle"},"west":{"uv":[11.5,0,13,1.5],"texture":"#particle"},"up":{"uv":[11.5,0,13,1.5],"texture":"#particle"},"down":{"uv":[11.5,0,13,1.5],"texture":"#particle"}}},{"from":[6,-7,6],"to":[10,-5,10],"faces":{"north":{"uv":[8.5,2,10.5,3],"texture":"#particle"},"east":{"uv":[8.5,2,10.5,3],"texture":"#particle"},"south":{"uv":[8.5,2,10.5,3],"texture":"#particle"},"west":{"uv":[8.5,2,10.5,3],"texture":"#particle"},"up":{"uv":[8.5,6,6.5,4],"texture":"#particle"},"down":{"uv":[8.5,6,6.5,8],"texture":"#particle"}}},{"from":[6,6,6],"to":[10,8,10],"rotation":{"angle":0,"axis":"y","origin":[0,13,0]},"faces":{"north":{"uv":[8.5,3,10.5,4],"texture":"#particle"},"east":{"uv":[8.5,3,10.5,4],"texture":"#particle"},"south":{"uv":[8.5,3,10.5,4],"texture":"#particle"},"west":{"uv":[8.5,3,10.5,4],"texture":"#particle"},"up":{"uv":[7,10,5,8],"texture":"#particle"},"down":{"uv":[9,8,7,10],"texture":"#particle"}}},{"from":[6.5,-13,6.5],"to":[9.5,-7,9.5],"faces":{"north":{"uv":[3,3,4.5,6],"texture":"#particle"},"east":{"uv":[3,3,4.5,6],"texture":"#particle"},"south":{"uv":[3,3,4.5,6],"texture":"#particle"},"west":{"uv":[3,3,4.5,6],"texture":"#particle"}}},{"from":[6,12,6],"to":[10,18,10],"rotation":{"angle":45,"axis":"y","origin":[8,14,8]},"faces":{"north":{"uv":[3,0,5,3],"texture":"#particle"},"east":{"uv":[3,0,5,3],"texture":"#particle"},"south":{"uv":[3,0,5,3],"texture":"#particle"},"west":{"uv":[3,0,5,3],"texture":"#particle"},"up":{"uv":[9,2,7,0],"texture":"#particle"},"down":{"uv":[5,7,3,9],"texture":"#particle"}}},{"from":[8,13,2],"to":[8,26,6],"rotation":{"angle":45,"axis":"y","origin":[8,14,8]},"faces":{"east":{"uv":[0,0,2,6.5],"texture":"#particle"},"west":{"uv":[2,0,0,6.5],"texture":"#particle"}}},{"from":[8,13,2],"to":[8,26,6],"rotation":{"angle":-45,"axis":"y","origin":[8,14,8]},"faces":{"east":{"uv":[0,0,2,6.5],"texture":"#particle"},"west":{"uv":[2,0,0,6.5],"texture":"#particle"}}},{"from":[8,13,10],"to":[8,26,14],"rotation":{"angle":45,"axis":"y","origin":[8,14,8]},"faces":{"east":{"uv":[2,0,0,6.5],"texture":"#particle"},"west":{"uv":[0,0,2,6.5],"texture":"#particle"}}},{"from":[8,13,10],"to":[8,26,14],"rotation":{"angle":-45,"axis":"y","origin":[8,14,8]},"faces":{"east":{"uv":[2,0,0,6.5],"texture":"#particle"},"west":{"uv":[0,0,2,6.5],"texture":"#particle"}}},{"from":[7,9.8,3.75],"to":[9,12.8,6.75],"rotation":{"angle":-22.5,"axis":"x","origin":[7,12.8,6.75]},"faces":{"north":{"uv":[2,7.5,3,9],"texture":"#particle"},"east":{"uv":[1.5,8.5,0,10],"texture":"#particle"},"west":{"uv":[0,8.5,1.5,10],"texture":"#particle"},"up":{"uv":[9.5,5.5,8.5,4],"texture":"#particle"},"down":{"uv":[9.5,5.5,8.5,7],"texture":"#particle"}}},{"from":[7,9.8,9.25],"to":[9,12.8,12.25],"rotation":{"angle":22.5,"axis":"x","origin":[7,12.8,9.25]},"faces":{"east":{"uv":[0,8.5,1.5,10],"texture":"#particle"},"south":{"uv":[3,7.5,2,9],"texture":"#particle"},"west":{"uv":[1.5,8.5,0,10],"texture":"#particle"},"up":{"uv":[9.5,4,8.5,5.5],"texture":"#particle"},"down":{"uv":[9.5,7,8.5,5.5],"texture":"#particle"}}},{"from":[9.25,9.8,7],"to":[12.25,12.8,9],"rotation":{"angle":-22.5,"axis":"z","origin":[9.25,12.8,7]},"faces":{"north":{"uv":[0,8.5,1.5,10],"texture":"#particle"},"east":{"uv":[2,7.5,3,9],"texture":"#particle"},"south":{"uv":[1.5,8.5,0,10],"texture":"#particle"},"up":{"uv":[9.5,5.5,8.5,4],"rotation":90,"texture":"#particle"},"down":{"uv":[9.5,5.5,8.5,7],"rotation":270,"texture":"#particle"}}},{"from":[3.75,9.8,7],"to":[6.75,12.8,9],"rotation":{"angle":22.5,"axis":"z","origin":[6.75,12.8,7]},"faces":{"north":{"uv":[1.5,8.5,0,10],"texture":"#particle"},"south":{"uv":[0,8.5,1.5,10],"texture":"#particle"},"west":{"uv":[3,7.5,2,9],"texture":"#particle"},"up":{"uv":[9.5,4,8.5,5.5],"rotation":90,"texture":"#particle"},"down":{"uv":[9.5,7,8.5,5.5],"rotation":270,"texture":"#particle"}}},{"from":[3.1,17.1,7.6],"to":[3.9,17.9,8.4],"shade":false,"faces":{"north":{"uv":[0,14,2,16],"texture":"#1"},"east":{"uv":[0,14,2,16],"texture":"#1"},"south":{"uv":[0,14,2,16],"texture":"#1"},"west":{"uv":[0,14,2,16],"texture":"#1"},"up":{"uv":[0,14,2,16],"texture":"#1"},"down":{"uv":[0,14,2,16],"texture":"#1"}}},{"from":[4.25,18.25,8.75],"to":[2.75,16.75,7.25],"shade":false,"faces":{"north":{"uv":[2,14,4,16],"texture":"#1"},"east":{"uv":[2,14,4,16],"texture":"#1"},"south":{"uv":[2,14,4,16],"texture":"#1"},"west":{"uv":[2,14,4,16],"texture":"#1"},"up":{"uv":[2,14,4,16],"texture":"#1"},"down":{"uv":[2,14,4,16],"texture":"#1"}}},{"from":[3.05,18.05,7.55],"to":[3.95,18.95,8.45],"shade":false,"faces":{"north":{"uv":[0,12,2,14],"texture":"#1"},"east":{"uv":[0,12,2,14],"texture":"#1"},"south":{"uv":[0,12,2,14],"texture":"#1"},"west":{"uv":[0,12,2,14],"texture":"#1"},"up":{"uv":[0,12,2,14],"texture":"#1"},"down":{"uv":[0,12,2,14],"texture":"#1"}}},{"from":[4.25,19.25,8.75],"to":[2.75,17.75,7.25],"shade":false,"faces":{"north":{"uv":[2,12,4,14],"texture":"#1"},"east":{"uv":[2,12,4,14],"texture":"#1"},"south":{"uv":[2,12,4,14],"texture":"#1"},"west":{"uv":[2,12,4,14],"texture":"#1"},"up":{"uv":[2,12,4,14],"texture":"#1"},"down":{"uv":[2,12,4,14],"texture":"#1"}}},{"from":[3,19,7.5],"to":[4,20,8.5],"shade":false,"faces":{"north":{"uv":[0,10,2,12],"texture":"#1"},"east":{"uv":[0,10,2,12],"texture":"#1"},"south":{"uv":[0,10,2,12],"texture":"#1"},"west":{"uv":[0,10,2,12],"texture":"#1"},"up":{"uv":[0,10,2,12],"texture":"#1"},"down":{"uv":[0,10,2,12],"texture":"#1"}}},{"from":[4.25,20.25,8.75],"to":[2.75,18.75,7.25],"shade":false,"faces":{"north":{"uv":[2,10,4,12],"texture":"#1"},"east":{"uv":[2,10,4,12],"texture":"#1"},"south":{"uv":[2,10,4,12],"texture":"#1"},"west":{"uv":[2,10,4,12],"texture":"#1"},"up":{"uv":[2,10,4,12],"texture":"#1"},"down":{"uv":[2,10,4,12],"texture":"#1"}}},{"from":[3,20,7.5],"to":[4,21,8.5],"shade":false,"faces":{"north":{"uv":[0,8,2,10],"texture":"#1"},"east":{"uv":[0,8,2,10],"texture":"#1"},"south":{"uv":[0,8,2,10],"texture":"#1"},"west":{"uv":[0,8,2,10],"texture":"#1"},"up":{"uv":[0,8,2,10],"texture":"#1"},"down":{"uv":[0,8,2,10],"texture":"#1"}}},{"from":[4.25,21.25,8.75],"to":[2.75,19.75,7.25],"shade":false,"faces":{"north":{"uv":[2,8,4,10],"texture":"#1"},"east":{"uv":[2,8,4,10],"texture":"#1"},"south":{"uv":[2,8,4,10],"texture":"#1"},"west":{"uv":[2,8,4,10],"texture":"#1"},"up":{"uv":[2,8,4,10],"texture":"#1"},"down":{"uv":[2,8,4,10],"texture":"#1"}}},{"from":[3,21,7.5],"to":[4,22,8.5],"shade":false,"faces":{"north":{"uv":[0,6,2,8],"texture":"#1"},"east":{"uv":[0,6,2,8],"texture":"#1"},"south":{"uv":[0,6,2,8],"texture":"#1"},"west":{"uv":[0,6,2,8],"texture":"#1"},"up":{"uv":[0,6,2,8],"texture":"#1"},"down":{"uv":[0,6,2,8],"texture":"#1"}}},{"from":[4.25,22.25,8.75],"to":[2.75,20.75,7.25],"shade":false,"faces":{"north":{"uv":[2,6,4,8],"texture":"#1"},"east":{"uv":[2,6,4,8],"texture":"#1"},"south":{"uv":[2,6,4,8],"texture":"#1"},"west":{"uv":[2,6,4,8],"texture":"#1"},"up":{"uv":[2,6,4,8],"texture":"#1"},"down":{"uv":[2,6,4,8],"texture":"#1"}}},{"from":[3.05,22.05,7.55],"to":[3.95,22.95,8.45],"shade":false,"faces":{"north":{"uv":[0,4,2,6],"texture":"#1"},"east":{"uv":[0,4,2,6],"texture":"#1"},"south":{"uv":[0,4,2,6],"texture":"#1"},"west":{"uv":[0,4,2,6],"texture":"#1"},"up":{"uv":[0,4,2,6],"texture":"#1"},"down":{"uv":[0,4,2,6],"texture":"#1"}}},{"from":[4.25,23.25,8.75],"to":[2.75,21.75,7.25],"shade":false,"faces":{"north":{"uv":[2,4,4,6],"texture":"#1"},"east":{"uv":[2,4,4,6],"texture":"#1"},"south":{"uv":[2,4,4,6],"texture":"#1"},"west":{"uv":[2,4,4,6],"texture":"#1"},"up":{"uv":[2,4,4,6],"texture":"#1"},"down":{"uv":[2,4,4,6],"texture":"#1"}}},{"from":[3.1,23.1,7.6],"to":[3.9,23.9,8.4],"shade":false,"faces":{"north":{"uv":[0,2,2,4],"texture":"#1"},"east":{"uv":[0,2,2,4],"texture":"#1"},"south":{"uv":[0,2,2,4],"texture":"#1"},"west":{"uv":[0,2,2,4],"texture":"#1"},"up":{"uv":[0,2,2,4],"texture":"#1"},"down":{"uv":[0,2,2,4],"texture":"#1"}}},{"from":[4.25,24.25,8.75],"to":[2.75,22.75,7.25],"shade":false,"faces":{"north":{"uv":[2,2,4,4],"texture":"#1"},"east":{"uv":[2,2,4,4],"texture":"#1"},"south":{"uv":[2,2,4,4],"texture":"#1"},"west":{"uv":[2,2,4,4],"texture":"#1"},"up":{"uv":[2,2,4,4],"texture":"#1"},"down":{"uv":[2,2,4,4],"texture":"#1"}}},{"from":[7.6,17.1,3.1],"to":[8.4,17.9,3.9],"shade":false,"faces":{"north":{"uv":[4,14,6,16],"texture":"#1"},"east":{"uv":[4,14,6,16],"texture":"#1"},"south":{"uv":[4,14,6,16],"texture":"#1"},"west":{"uv":[4,14,6,16],"texture":"#1"},"up":{"uv":[4,14,6,16],"texture":"#1"},"down":{"uv":[4,14,6,16],"texture":"#1"}}},{"from":[8.75,18.25,4.25],"to":[7.25,16.75,2.75],"shade":false,"faces":{"north":{"uv":[6,14,8,16],"texture":"#1"},"east":{"uv":[6,14,8,16],"texture":"#1"},"south":{"uv":[6,14,8,16],"texture":"#1"},"west":{"uv":[6,14,8,16],"texture":"#1"},"up":{"uv":[6,14,8,16],"texture":"#1"},"down":{"uv":[6,14,8,16],"texture":"#1"}}},{"from":[7.55,18.05,3.05],"to":[8.45,18.95,3.95],"shade":false,"faces":{"north":{"uv":[4,12,6,14],"texture":"#1"},"east":{"uv":[4,12,6,14],"texture":"#1"},"south":{"uv":[4,12,6,14],"texture":"#1"},"west":{"uv":[4,12,6,14],"texture":"#1"},"up":{"uv":[4,12,6,14],"texture":"#1"},"down":{"uv":[4,12,6,14],"texture":"#1"}}},{"from":[8.75,19.25,4.25],"to":[7.25,17.75,2.75],"shade":false,"faces":{"north":{"uv":[6,12,8,14],"texture":"#1"},"east":{"uv":[6,12,8,14],"texture":"#1"},"south":{"uv":[6,12,8,14],"texture":"#1"},"west":{"uv":[6,12,8,14],"texture":"#1"},"up":{"uv":[6,12,8,14],"texture":"#1"},"down":{"uv":[6,12,8,14],"texture":"#1"}}},{"from":[7.5,19,3],"to":[8.5,20,4],"shade":false,"faces":{"north":{"uv":[4,10,6,12],"texture":"#1"},"east":{"uv":[4,10,6,12],"texture":"#1"},"south":{"uv":[4,10,6,12],"texture":"#1"},"west":{"uv":[4,10,6,12],"texture":"#1"},"up":{"uv":[4,10,6,12],"texture":"#1"},"down":{"uv":[4,10,6,12],"texture":"#1"}}},{"from":[8.75,20.25,4.25],"to":[7.25,18.75,2.75],"shade":false,"faces":{"north":{"uv":[6,10,8,12],"texture":"#1"},"east":{"uv":[6,10,8,12],"texture":"#1"},"south":{"uv":[6,10,8,12],"texture":"#1"},"west":{"uv":[6,10,8,12],"texture":"#1"},"up":{"uv":[6,10,8,12],"texture":"#1"},"down":{"uv":[6,10,8,12],"texture":"#1"}}},{"from":[7.5,20,3],"to":[8.5,21,4],"shade":false,"faces":{"north":{"uv":[4,8,6,10],"texture":"#1"},"east":{"uv":[4,8,6,10],"texture":"#1"},"south":{"uv":[4,8,6,10],"texture":"#1"},"west":{"uv":[4,8,6,10],"texture":"#1"},"up":{"uv":[4,8,6,10],"texture":"#1"},"down":{"uv":[4,8,6,10],"texture":"#1"}}},{"from":[8.75,21.25,4.25],"to":[7.25,19.75,2.75],"shade":false,"faces":{"north":{"uv":[6,8,8,10],"texture":"#1"},"east":{"uv":[6,8,8,10],"texture":"#1"},"south":{"uv":[6,8,8,10],"texture":"#1"},"west":{"uv":[6,8,8,10],"texture":"#1"},"up":{"uv":[6,8,8,10],"texture":"#1"},"down":{"uv":[6,8,8,10],"texture":"#1"}}},{"from":[7.5,21,3],"to":[8.5,22,4],"shade":false,"faces":{"north":{"uv":[4,6,6,8],"texture":"#1"},"east":{"uv":[4,6,6,8],"texture":"#1"},"south":{"uv":[4,6,6,8],"texture":"#1"},"west":{"uv":[4,6,6,8],"texture":"#1"},"up":{"uv":[4,6,6,8],"texture":"#1"},"down":{"uv":[4,6,6,8],"texture":"#1"}}},{"from":[8.75,22.25,4.25],"to":[7.25,20.75,2.75],"shade":false,"faces":{"north":{"uv":[6,6,8,8],"texture":"#1"},"east":{"uv":[6,6,8,8],"texture":"#1"},"south":{"uv":[6,6,8,8],"texture":"#1"},"west":{"uv":[6,6,8,8],"texture":"#1"},"up":{"uv":[6,6,8,8],"texture":"#1"},"down":{"uv":[6,6,8,8],"texture":"#1"}}},{"from":[7.55,22.05,3.05],"to":[8.45,22.95,3.95],"shade":false,"faces":{"north":{"uv":[4,4,6,6],"texture":"#1"},"east":{"uv":[4,4,6,6],"texture":"#1"},"south":{"uv":[4,4,6,6],"texture":"#1"},"west":{"uv":[4,4,6,6],"texture":"#1"},"up":{"uv":[4,4,6,6],"texture":"#1"},"down":{"uv":[4,4,6,6],"texture":"#1"}}},{"from":[8.75,23.25,4.25],"to":[7.25,21.75,2.75],"shade":false,"faces":{"north":{"uv":[6,4,8,6],"texture":"#1"},"east":{"uv":[6,4,8,6],"texture":"#1"},"south":{"uv":[6,4,8,6],"texture":"#1"},"west":{"uv":[6,4,8,6],"texture":"#1"},"up":{"uv":[6,4,8,6],"texture":"#1"},"down":{"uv":[6,4,8,6],"texture":"#1"}}},{"from":[7.6,23.1,3.1],"to":[8.4,23.9,3.9],"shade":false,"faces":{"north":{"uv":[4,2,6,4],"texture":"#1"},"east":{"uv":[4,2,6,4],"texture":"#1"},"south":{"uv":[4,2,6,4],"texture":"#1"},"west":{"uv":[4,2,6,4],"texture":"#1"},"up":{"uv":[4,2,6,4],"texture":"#1"},"down":{"uv":[4,2,6,4],"texture":"#1"}}},{"from":[8.75,24.25,4.25],"to":[7.25,22.75,2.75],"shade":false,"faces":{"north":{"uv":[6,2,8,4],"texture":"#1"},"east":{"uv":[6,2,8,4],"texture":"#1"},"south":{"uv":[6,2,8,4],"texture":"#1"},"west":{"uv":[6,2,8,4],"texture":"#1"},"up":{"uv":[6,2,8,4],"texture":"#1"},"down":{"uv":[6,2,8,4],"texture":"#1"}}},{"from":[12.1,16.1,7.6],"to":[12.9,16.9,8.4],"shade":false,"faces":{"north":{"uv":[0,14,2,16],"texture":"#1"},"east":{"uv":[0,14,2,16],"texture":"#1"},"south":{"uv":[0,14,2,16],"texture":"#1"},"west":{"uv":[0,14,2,16],"texture":"#1"},"up":{"uv":[0,14,2,16],"texture":"#1"},"down":{"uv":[0,14,2,16],"texture":"#1"}}},{"from":[13.25,17.25,8.75],"to":[11.75,15.75,7.25],"shade":false,"faces":{"north":{"uv":[2,14,4,16],"texture":"#1"},"east":{"uv":[2,14,4,16],"texture":"#1"},"south":{"uv":[2,14,4,16],"texture":"#1"},"west":{"uv":[2,14,4,16],"texture":"#1"},"up":{"uv":[2,14,4,16],"texture":"#1"},"down":{"uv":[2,14,4,16],"texture":"#1"}}},{"from":[12.05,17.05,7.55],"to":[12.95,17.95,8.45],"shade":false,"faces":{"north":{"uv":[0,12,2,14],"texture":"#1"},"east":{"uv":[0,12,2,14],"texture":"#1"},"south":{"uv":[0,12,2,14],"texture":"#1"},"west":{"uv":[0,12,2,14],"texture":"#1"},"up":{"uv":[0,12,2,14],"texture":"#1"},"down":{"uv":[0,12,2,14],"texture":"#1"}}},{"from":[13.25,18.25,8.75],"to":[11.75,16.75,7.25],"shade":false,"faces":{"north":{"uv":[2,12,4,14],"texture":"#1"},"east":{"uv":[2,12,4,14],"texture":"#1"},"south":{"uv":[2,12,4,14],"texture":"#1"},"west":{"uv":[2,12,4,14],"texture":"#1"},"up":{"uv":[2,12,4,14],"texture":"#1"},"down":{"uv":[2,12,4,14],"texture":"#1"}}},{"from":[12,18,7.5],"to":[13,19,8.5],"shade":false,"faces":{"north":{"uv":[0,10,2,12],"texture":"#1"},"east":{"uv":[0,10,2,12],"texture":"#1"},"south":{"uv":[0,10,2,12],"texture":"#1"},"west":{"uv":[0,10,2,12],"texture":"#1"},"up":{"uv":[0,10,2,12],"texture":"#1"},"down":{"uv":[0,10,2,12],"texture":"#1"}}},{"from":[13.25,19.25,8.75],"to":[11.75,17.75,7.25],"shade":false,"faces":{"north":{"uv":[2,10,4,12],"texture":"#1"},"east":{"uv":[2,10,4,12],"texture":"#1"},"south":{"uv":[2,10,4,12],"texture":"#1"},"west":{"uv":[2,10,4,12],"texture":"#1"},"up":{"uv":[2,10,4,12],"texture":"#1"},"down":{"uv":[2,10,4,12],"texture":"#1"}}},{"from":[12,19,7.5],"to":[13,20,8.5],"shade":false,"faces":{"north":{"uv":[0,8,2,10],"texture":"#1"},"east":{"uv":[0,8,2,10],"texture":"#1"},"south":{"uv":[0,8,2,10],"texture":"#1"},"west":{"uv":[0,8,2,10],"texture":"#1"},"up":{"uv":[0,8,2,10],"texture":"#1"},"down":{"uv":[0,8,2,10],"texture":"#1"}}},{"from":[13.25,20.25,8.75],"to":[11.75,18.75,7.25],"shade":false,"faces":{"north":{"uv":[2,8,4,10],"texture":"#1"},"east":{"uv":[2,8,4,10],"texture":"#1"},"south":{"uv":[2,8,4,10],"texture":"#1"},"west":{"uv":[2,8,4,10],"texture":"#1"},"up":{"uv":[2,8,4,10],"texture":"#1"},"down":{"uv":[2,8,4,10],"texture":"#1"}}},{"from":[12,20,7.5],"to":[13,21,8.5],"shade":false,"faces":{"north":{"uv":[0,6,2,8],"texture":"#1"},"east":{"uv":[0,6,2,8],"texture":"#1"},"south":{"uv":[0,6,2,8],"texture":"#1"},"west":{"uv":[0,6,2,8],"texture":"#1"},"up":{"uv":[0,6,2,8],"texture":"#1"},"down":{"uv":[0,6,2,8],"texture":"#1"}}},{"from":[13.25,21.25,8.75],"to":[11.75,19.75,7.25],"shade":false,"faces":{"north":{"uv":[2,6,4,8],"texture":"#1"},"east":{"uv":[2,6,4,8],"texture":"#1"},"south":{"uv":[2,6,4,8],"texture":"#1"},"west":{"uv":[2,6,4,8],"texture":"#1"},"up":{"uv":[2,6,4,8],"texture":"#1"},"down":{"uv":[2,6,4,8],"texture":"#1"}}},{"from":[12.05,21.05,7.55],"to":[12.95,21.95,8.45],"shade":false,"faces":{"north":{"uv":[0,4,2,6],"texture":"#1"},"east":{"uv":[0,4,2,6],"texture":"#1"},"south":{"uv":[0,4,2,6],"texture":"#1"},"west":{"uv":[0,4,2,6],"texture":"#1"},"up":{"uv":[0,4,2,6],"texture":"#1"},"down":{"uv":[0,4,2,6],"texture":"#1"}}},{"from":[13.25,22.25,8.75],"to":[11.75,20.75,7.25],"shade":false,"faces":{"north":{"uv":[2,4,4,6],"texture":"#1"},"east":{"uv":[2,4,4,6],"texture":"#1"},"south":{"uv":[2,4,4,6],"texture":"#1"},"west":{"uv":[2,4,4,6],"texture":"#1"},"up":{"uv":[2,4,4,6],"texture":"#1"},"down":{"uv":[2,4,4,6],"texture":"#1"}}},{"from":[12.1,22.1,7.6],"to":[12.9,22.9,8.4],"shade":false,"faces":{"north":{"uv":[0,2,2,4],"texture":"#1"},"east":{"uv":[0,2,2,4],"texture":"#1"},"south":{"uv":[0,2,2,4],"texture":"#1"},"west":{"uv":[0,2,2,4],"texture":"#1"},"up":{"uv":[0,2,2,4],"texture":"#1"},"down":{"uv":[0,2,2,4],"texture":"#1"}}},{"from":[13.25,23.25,8.75],"to":[11.75,21.75,7.25],"shade":false,"faces":{"north":{"uv":[2,2,4,4],"texture":"#1"},"east":{"uv":[2,2,4,4],"texture":"#1"},"south":{"uv":[2,2,4,4],"texture":"#1"},"west":{"uv":[2,2,4,4],"texture":"#1"},"up":{"uv":[2,2,4,4],"texture":"#1"},"down":{"uv":[2,2,4,4],"texture":"#1"}}},{"from":[7.6,19.1,12.1],"to":[8.4,19.9,12.9],"shade":false,"faces":{"north":{"uv":[8,14,10,16],"texture":"#1"},"east":{"uv":[8,14,10,16],"texture":"#1"},"south":{"uv":[8,14,10,16],"texture":"#1"},"west":{"uv":[8,14,10,16],"texture":"#1"},"up":{"uv":[8,14,10,16],"texture":"#1"},"down":{"uv":[8,14,10,16],"texture":"#1"}}},{"from":[8.75,20.25,13.25],"to":[7.25,18.75,11.75],"shade":false,"faces":{"north":{"uv":[10,14,12,16],"texture":"#1"},"east":{"uv":[10,14,12,16],"texture":"#1"},"south":{"uv":[10,14,12,16],"texture":"#1"},"west":{"uv":[10,14,12,16],"texture":"#1"},"up":{"uv":[10,14,12,16],"texture":"#1"},"down":{"uv":[10,14,12,16],"texture":"#1"}}},{"from":[7.55,20.05,12.05],"to":[8.45,20.95,12.95],"shade":false,"faces":{"north":{"uv":[8,12,10,14],"texture":"#1"},"east":{"uv":[8,12,10,14],"texture":"#1"},"south":{"uv":[8,12,10,14],"texture":"#1"},"west":{"uv":[8,12,10,14],"texture":"#1"},"up":{"uv":[8,12,10,14],"texture":"#1"},"down":{"uv":[8,12,10,14],"texture":"#1"}}},{"from":[8.75,21.25,13.25],"to":[7.25,19.75,11.75],"shade":false,"faces":{"north":{"uv":[10,12,12,14],"texture":"#1"},"east":{"uv":[10,12,12,14],"texture":"#1"},"south":{"uv":[10,12,12,14],"texture":"#1"},"west":{"uv":[10,12,12,14],"texture":"#1"},"up":{"uv":[10,12,12,14],"texture":"#1"},"down":{"uv":[10,12,12,14],"texture":"#1"}}},{"from":[7.5,21,12],"to":[8.5,22,13],"shade":false,"faces":{"north":{"uv":[8,10,10,12],"texture":"#1"},"east":{"uv":[8,10,10,12],"texture":"#1"},"south":{"uv":[8,10,10,12],"texture":"#1"},"west":{"uv":[8,10,10,12],"texture":"#1"},"up":{"uv":[8,10,10,12],"texture":"#1"},"down":{"uv":[8,10,10,12],"texture":"#1"}}},{"from":[8.75,22.25,13.25],"to":[7.25,20.75,11.75],"shade":false,"faces":{"north":{"uv":[10,10,12,12],"texture":"#1"},"east":{"uv":[10,10,12,12],"texture":"#1"},"south":{"uv":[10,10,12,12],"texture":"#1"},"west":{"uv":[10,10,12,12],"texture":"#1"},"up":{"uv":[10,10,12,12],"texture":"#1"},"down":{"uv":[10,10,12,12],"texture":"#1"}}},{"from":[7.5,22,12],"to":[8.5,23,13],"shade":false,"faces":{"north":{"uv":[8,8,10,10],"texture":"#1"},"east":{"uv":[8,8,10,10],"texture":"#1"},"south":{"uv":[8,8,10,10],"texture":"#1"},"west":{"uv":[8,8,10,10],"texture":"#1"},"up":{"uv":[8,8,10,10],"texture":"#1"},"down":{"uv":[8,8,10,10],"texture":"#1"}}},{"from":[8.75,23.25,13.25],"to":[7.25,21.75,11.75],"shade":false,"faces":{"north":{"uv":[10,8,12,10],"texture":"#1"},"east":{"uv":[10,8,12,10],"texture":"#1"},"south":{"uv":[10,8,12,10],"texture":"#1"},"west":{"uv":[10,8,12,10],"texture":"#1"},"up":{"uv":[10,8,12,10],"texture":"#1"},"down":{"uv":[10,8,12,10],"texture":"#1"}}},{"from":[7.5,23,12],"to":[8.5,24,13],"shade":false,"faces":{"north":{"uv":[8,6,10,8],"texture":"#1"},"east":{"uv":[8,6,10,8],"texture":"#1"},"south":{"uv":[8,6,10,8],"texture":"#1"},"west":{"uv":[8,6,10,8],"texture":"#1"},"up":{"uv":[8,6,10,8],"texture":"#1"},"down":{"uv":[8,6,10,8],"texture":"#1"}}},{"from":[8.75,24.25,13.25],"to":[7.25,22.75,11.75],"shade":false,"faces":{"north":{"uv":[10,6,12,8],"texture":"#1"},"east":{"uv":[10,6,12,8],"texture":"#1"},"south":{"uv":[10,6,12,8],"texture":"#1"},"west":{"uv":[10,6,12,8],"texture":"#1"},"up":{"uv":[10,6,12,8],"texture":"#1"},"down":{"uv":[10,6,12,8],"texture":"#1"}}},{"from":[7.55,24.05,12.05],"to":[8.45,24.95,12.95],"shade":false,"faces":{"north":{"uv":[8,4,10,6],"texture":"#1"},"east":{"uv":[8,4,10,6],"texture":"#1"},"south":{"uv":[8,4,10,6],"texture":"#1"},"west":{"uv":[8,4,10,6],"texture":"#1"},"up":{"uv":[8,4,10,6],"texture":"#1"},"down":{"uv":[8,4,10,6],"texture":"#1"}}},{"from":[8.75,25.25,13.25],"to":[7.25,23.75,11.75],"shade":false,"faces":{"north":{"uv":[10,4,12,6],"texture":"#1"},"east":{"uv":[10,4,12,6],"texture":"#1"},"south":{"uv":[10,4,12,6],"texture":"#1"},"west":{"uv":[10,4,12,6],"texture":"#1"},"up":{"uv":[10,4,12,6],"texture":"#1"},"down":{"uv":[10,4,12,6],"texture":"#1"}}},{"from":[7.6,25.1,12.1],"to":[8.4,25.9,12.9],"shade":false,"faces":{"north":{"uv":[8,2,10,4],"texture":"#1"},"east":{"uv":[8,2,10,4],"texture":"#1"},"south":{"uv":[8,2,10,4],"texture":"#1"},"west":{"uv":[8,2,10,4],"texture":"#1"},"up":{"uv":[8,2,10,4],"texture":"#1"},"down":{"uv":[8,2,10,4],"texture":"#1"}}},{"from":[8.75,26.25,13.25],"to":[7.25,24.75,11.75],"shade":false,"faces":{"north":{"uv":[10,2,12,4],"texture":"#1"},"east":{"uv":[10,2,12,4],"texture":"#1"},"south":{"uv":[10,2,12,4],"texture":"#1"},"west":{"uv":[10,2,12,4],"texture":"#1"},"up":{"uv":[10,2,12,4],"texture":"#1"},"down":{"uv":[10,2,12,4],"texture":"#1"}}}],"gui_light":"front","display":{"thirdperson_righthand":{"translation":[0,3.75,1.75],"scale":[0.725,0.725,0.725]},"thirdperson_lefthand":{"translation":[0,3.75,1.75],"scale":[0.725,0.725,0.725]},"firstperson_righthand":{"rotation":[0.14,17.24,9.67],"translation":[7.75,0.75,-11]},"firstperson_lefthand":{"rotation":[0.14,17.24,9.67],"translation":[7.75,0.75,-11]},"ground":{"rotation":[0,0,84],"translation":[-3.75,0,0],"scale":[0.57422,0.57422,0.57422]},"gui":{"rotation":[-55,45,71],"translation":[-1,1,0],"scale":[0.46875,0.46875,0.46875]},"head":{"rotation":[90,137,90],"translation":[2,8.25,0],"scale":[0.76953,0.76953,0.76953]},"fixed":{"rotation":[0,90,0],"translation":[0,4.25,0],"scale":[1.2832,1.2832,1.2832]}}}