{"credit":"by w11shes","textures":{"0":"elitecreatures:elven_elf_weapon/elven_shield","particle":"elitecreatures:elven_elf_weapon/elven_shield"},"elements":[{"from":[2.675,1.5,6.825],"to":[7.675,7.5,9.825],"rotation":{"angle":0,"axis":"y","origin":[7.925,4.1,8.25]},"faces":{"north":{"uv":[0,6,1.25,7.5],"texture":"#0"},"south":{"uv":[1.25,6,0,7.5],"texture":"#0"},"west":{"uv":[4.5,7,5.25,8.5],"texture":"#0"},"up":{"uv":[1.75,8.75,1,7.5],"rotation":90,"texture":"#0"},"down":{"uv":[2.5,7.5,1.75,8.75],"rotation":270,"texture":"#0"}}},{"from":[7.675,6.5,9.825],"to":[3.675,2.5,6.825],"rotation":{"angle":0,"axis":"y","origin":[7.925,4.1,8.25]},"faces":{"east":{"uv":[4.5,8.25,5.25,7.25],"texture":"#0"},"up":{"uv":[2.5,7.75,1.75,8.75],"rotation":90,"texture":"#0"},"down":{"uv":[1.75,8.75,1,7.5],"rotation":270,"texture":"#0"}}},{"from":[7.645,-7.44942,9.28708],"to":[9.705,3.16308,19.89958],"rotation":{"angle":45,"axis":"x","origin":[7.925,4.1,8.25]},"faces":{"north":{"uv":[4,6,4.5,8.75],"texture":"#0"},"east":{"uv":[0,3.25,2.75,6],"texture":"#0"},"south":{"uv":[3.5,6,4,8.75],"texture":"#0"},"west":{"uv":[2.75,3.25,5.5,6],"texture":"#0"},"up":{"uv":[7.25,6.5,4.5,6],"rotation":90,"texture":"#0"},"down":{"uv":[7.25,6.5,4.5,7],"rotation":270,"texture":"#0"}}},{"from":[7.675,-3.5,2.825],"to":[9.675,9.5,13.825],"rotation":{"angle":0,"axis":"x","origin":[7.925,4.1,8.25]},"faces":{"north":{"uv":[3,6,3.5,9.25],"texture":"#0"},"east":{"uv":[0,0,2.75,3.25],"texture":"#0"},"south":{"uv":[2.5,6,3,9.25],"texture":"#0"},"west":{"uv":[2.75,0,5.5,3.25],"texture":"#0"}}},{"from":[7.635,3.76412,11.90842],"to":[9.695,9.76412,19.90842],"rotation":{"angle":-45,"axis":"x","origin":[7.925,4.1,8.25]},"faces":{"east":{"uv":[5.5,0,7.5,1.5],"texture":"#0"},"south":{"uv":[7.5,2,8,3.5],"texture":"#0"},"west":{"uv":[5.5,1.5,7.5,3],"texture":"#0"},"up":{"uv":[7.25,7.5,5.25,7],"rotation":90,"texture":"#0"},"down":{"uv":[9.25,6,7.25,6.5],"rotation":270,"texture":"#0"}}},{"from":[7.635,3.76412,-3.40842],"to":[9.695,9.76412,4.59158],"rotation":{"angle":45,"axis":"x","origin":[7.925,4.1,8.25]},"faces":{"north":{"uv":[6.75,7.5,7.25,9],"texture":"#0"},"east":{"uv":[5.5,3,7.5,4.5],"texture":"#0"},"west":{"uv":[5.5,4.5,7.5,6],"texture":"#0"},"up":{"uv":[9.5,1.5,7.5,1],"rotation":90,"texture":"#0"},"down":{"uv":[9.5,1.5,7.5,2],"rotation":270,"texture":"#0"}}},{"from":[9.675,7,5.825],"to":[11.675,13,10.825],"rotation":{"angle":0,"axis":"y","origin":[7.925,4.1,8.25]},"faces":{"north":{"uv":[5.25,7.5,5.75,9],"texture":"#0"},"east":{"uv":[1.25,6,2.5,7.5],"texture":"#0"},"south":{"uv":[7.5,3.5,8,5],"texture":"#0"}}},{"from":[8.675,8.67852,0.24202],"to":[11.655,12.20352,3.76702],"rotation":{"angle":45,"axis":"x","origin":[7.925,4.1,8.25]},"faces":{"north":{"uv":[7.5,5,8.25,6],"texture":"#0"},"east":{"uv":[7.25,6.5,8.25,7.5],"texture":"#0"},"west":{"uv":[0,7.5,1,8.5],"texture":"#0"},"up":{"uv":[6.75,8.25,5.75,7.5],"rotation":90,"texture":"#0"}}},{"from":[9.675,4.34034,8.58588],"to":[11.655,7.86534,12.11088],"rotation":{"angle":-45,"axis":"x","origin":[7.925,4.1,8.25]},"faces":{"north":{"uv":[7.25,7.5,7.75,8.5],"texture":"#0"},"east":{"uv":[7.5,0,8.5,1],"texture":"#0"},"down":{"uv":[8.75,7.5,7.75,8],"rotation":270,"texture":"#0"}}}],"gui_light":"front","display":{"thirdperson_righthand":{"translation":[3,0,1.5],"scale":[0.6,0.6,0.6]},"thirdperson_lefthand":{"rotation":[0,180,0],"translation":[3,0,1.5],"scale":[0.6,0.6,0.6]},"firstperson_righthand":{"rotation":[10,90,0],"translation":[1.75,0.5,-3]},"firstperson_lefthand":{"rotation":[10,-90,0],"translation":[1.75,0.5,-3]},"ground":{"rotation":[0,0,67],"translation":[-2.75,2,0],"scale":[0.61328,0.61328,0.61328]},"gui":{"rotation":[0,-90,0],"translation":[0.25,3.25,0],"scale":[0.55078,0.55078,0.55078]},"head":{"rotation":[-90,36,90],"translation":[-1.5,17.75,1.25],"scale":[0.85352,0.85352,0.85352]},"fixed":{"rotation":[-7,90,0],"translation":[0,6.5,-4.5],"scale":[1.25977,1.25977,1.25977]}}}