{"credit":"Made with Blockbench","textures":{"1":"elitecreatures:elven_elf_weapon/elven_layer_2_icon"},"elements":[{"name":"left_leg","from":[-0.4,0.5,8.5],"to":[4.6,13.5,13.5],"rotation":{"angle":22.5,"axis":"y","origin":[-4,0,3]},"faces":{"north":{"uv":[2,5,1,8],"texture":"#1"},"east":{"uv":[3,5,2,8],"texture":"#1"},"south":{"uv":[4,5,3,8],"texture":"#1"},"west":{"uv":[1,5,0,8],"texture":"#1"},"up":{"uv":[1,5,2,4],"texture":"#1"},"down":{"uv":[2,4,3,5],"texture":"#1"}}},{"name":"left_leg","from":[4.6,13.5,13.5],"to":[-0.4,0.5,8.5],"rotation":{"angle":22.5,"axis":"y","origin":[-4,0,3]},"faces":{"north":{"uv":[4,8,3,5],"texture":"#1"},"east":{"uv":[1,8,0,5],"texture":"#1"},"south":{"uv":[2,8,1,5],"texture":"#1"},"west":{"uv":[3,8,2,5],"texture":"#1"},"up":{"uv":[3,4,2,5],"texture":"#1"},"down":{"uv":[2,5,1,4],"texture":"#1"}}},{"name":"right_leg","from":[8.4,0.5,5.5],"to":[13.4,13.5,10.5],"faces":{"north":{"uv":[1,5,2,8],"texture":"#1"},"east":{"uv":[0,5,1,8],"texture":"#1"},"south":{"uv":[3,5,4,8],"texture":"#1"},"west":{"uv":[2,5,3,8],"texture":"#1"},"up":{"uv":[2,5,1,4],"texture":"#1"},"down":{"uv":[3,4,2,5],"texture":"#1"}}},{"name":"right_leg","from":[13.4,13.5,10.5],"to":[8.4,0.5,5.5],"faces":{"north":{"uv":[3,8,4,5],"texture":"#1"},"east":{"uv":[2,8,3,5],"texture":"#1"},"south":{"uv":[1,8,2,5],"texture":"#1"},"west":{"uv":[0,8,1,5],"texture":"#1"},"up":{"uv":[2,4,3,5],"texture":"#1"},"down":{"uv":[1,5,2,4],"texture":"#1"}}},{"name":"waist","from":[12.75,24.75,10.75],"to":[3.25,11.25,5.25],"faces":{"north":{"uv":[8,8,10,5],"texture":"#1"},"east":{"uv":[7,8,8,5],"texture":"#1"},"south":{"uv":[5,8,7,5],"texture":"#1"},"west":{"uv":[4,8,5,5],"texture":"#1"},"up":{"uv":[7,4,9,5],"texture":"#1"},"down":{"uv":[5,5,7,4],"texture":"#1"}}}],"gui_light":"front","display":{"gui":{"rotation":[12,152,0],"translation":[0.25,-2.75,0],"scale":[1.05664,1.05664,1.05664]}}}