{"credit":"by w11shes","textures":{"0":"elitecreatures:elven_elf_weapon/elven_scepter","1":"elitecreatures:elven_elf_weapon/elven_scepter_particle","particle":"elitecreatures:elven_elf_weapon/elven_scepter"},"elements":[{"from":[6.70711,-12.76149,20.354],"to":[10.70711,-8.76149,24.354],"rotation":{"angle":45,"axis":"x","origin":[8.70711,2.59251,8]},"faces":{"north":{"uv":[1,5,3,7],"texture":"#0"},"east":{"uv":[5,4.5,3,6.5],"texture":"#0"},"south":{"uv":[5,4.5,7,6.5],"texture":"#0"},"west":{"uv":[3,4.5,5,6.5],"texture":"#0"},"up":{"uv":[7.5,4,5.5,2],"rotation":270,"texture":"#0"},"down":{"uv":[5,6.5,3,8.5],"rotation":90,"texture":"#0"}}},{"from":[6.70711,6.44651,0.146],"to":[10.70711,11.44651,5.146],"rotation":{"angle":45,"axis":"x","origin":[8.70711,2.59251,8]},"faces":{"north":{"uv":[2.5,0,4.5,2.5],"texture":"#0"},"east":{"uv":[2.5,0,0,2.5],"texture":"#0"},"south":{"uv":[1,2.5,3,5],"texture":"#0"},"west":{"uv":[0,0,2.5,2.5],"texture":"#0"},"up":{"uv":[5.5,4.5,3,2.5],"rotation":270,"texture":"#0"},"down":{"uv":[7,0,4.5,2],"rotation":90,"texture":"#0"}}},{"from":[7.70711,7.44651,-3.854],"to":[9.70711,9.44651,0.146],"rotation":{"angle":45,"axis":"x","origin":[8.70711,2.59251,8]},"faces":{"north":{"uv":[5.5,9.5,6.5,10.5],"texture":"#0"},"east":{"uv":[11,4,9,5],"texture":"#0"},"west":{"uv":[9,4,11,5],"texture":"#0"},"up":{"uv":[11,6,9,5],"rotation":270,"texture":"#0"},"down":{"uv":[10,9,8,10],"rotation":90,"texture":"#0"}}},{"from":[7.70711,5.44651,-3.854],"to":[9.70711,7.44651,-1.854],"rotation":{"angle":45,"axis":"x","origin":[8.70711,2.59251,8]},"faces":{"north":{"uv":[6.5,9.5,7.5,10.5],"texture":"#0"},"east":{"uv":[10.5,6,9.5,7],"texture":"#0"},"south":{"uv":[9.5,7,10.5,8],"texture":"#0"},"west":{"uv":[9.5,6,10.5,7],"texture":"#0"},"down":{"uv":[10.5,8,9.5,9],"rotation":90,"texture":"#0"}}},{"from":[7.70711,17.44651,-4.854],"to":[9.70711,19.44651,-2.854],"rotation":{"angle":45,"axis":"x","origin":[8.70711,2.59251,8]},"faces":{"north":{"uv":[7.5,10,8.5,11],"texture":"#0"},"east":{"uv":[3,10,2,11],"texture":"#0"},"south":{"uv":[8.5,10,9.5,11],"texture":"#0"},"west":{"uv":[2,10,3,11],"texture":"#0"},"up":{"uv":[11,10,10,9],"rotation":270,"texture":"#0"}}},{"from":[7.70711,11.44651,2.146],"to":[9.70711,17.44651,4.146],"rotation":{"angle":45,"axis":"x","origin":[8.70711,2.59251,8]},"faces":{"north":{"uv":[8.5,6,9.5,9],"texture":"#0"},"east":{"uv":[1,8,0,11],"texture":"#0"},"south":{"uv":[1,9,2,12],"texture":"#0"},"west":{"uv":[0,8,1,11],"texture":"#0"},"up":{"uv":[3,10,2,9],"rotation":270,"texture":"#0"}}},{"from":[7.70711,15.44651,-4.854],"to":[9.70711,17.44651,2.146],"rotation":{"angle":45,"axis":"x","origin":[8.70711,2.59251,8]},"faces":{"north":{"uv":[4.5,9.5,5.5,10.5],"texture":"#0"},"east":{"uv":[11,2,7.5,3],"texture":"#0"},"west":{"uv":[7.5,2,11,3],"texture":"#0"},"up":{"uv":[11,4,7.5,3],"rotation":270,"texture":"#0"},"down":{"uv":[8,8.5,4.5,9.5],"rotation":90,"texture":"#0"}}},{"from":[7.20711,-16,7.20711],"to":[10.20711,-11,10.20711],"rotation":{"angle":0,"axis":"y","origin":[8.70711,2.59251,8]},"faces":{"north":{"uv":[7,6,8.5,8.5],"texture":"#0"},"east":{"uv":[7,6,8.5,8.5],"texture":"#0"},"south":{"uv":[7,6,8.5,8.5],"texture":"#0"},"west":{"uv":[7,6,8.5,8.5],"texture":"#0"}}},{"from":[7.20711,4,7.20711],"to":[10.20711,9,10.20711],"rotation":{"angle":0,"axis":"y","origin":[8.70711,2.59251,8]},"faces":{"north":{"uv":[3,8.5,4.5,11],"texture":"#0"},"east":{"uv":[3,8.5,4.5,11],"texture":"#0"},"south":{"uv":[3,8.5,4.5,11],"texture":"#0"},"west":{"uv":[3,8.5,4.5,11],"texture":"#0"}}},{"from":[6.70711,-11,6.70711],"to":[10.70711,-9,10.70711],"rotation":{"angle":0,"axis":"y","origin":[8.70711,2.59251,8]},"faces":{"north":{"uv":[9,0,11,1],"texture":"#0"},"east":{"uv":[9,0,11,1],"texture":"#0"},"south":{"uv":[9,0,11,1],"texture":"#0"},"west":{"uv":[9,0,11,1],"texture":"#0"},"up":{"uv":[7,8.5,5,6.5],"rotation":270,"texture":"#0"},"down":{"uv":[9,0,7,2],"rotation":90,"texture":"#0"}}},{"from":[7.70711,-9,7.70711],"to":[9.70711,2,9.70711],"rotation":{"angle":0,"axis":"y","origin":[8.70711,2.59251,8]},"faces":{"north":{"uv":[0,2.5,1,8],"texture":"#0"},"east":{"uv":[0,2.5,1,8],"texture":"#0"},"south":{"uv":[0,2.5,1,8],"texture":"#0"},"west":{"uv":[0,2.5,1,8],"texture":"#0"}}},{"from":[6.70711,2,6.70711],"to":[10.70711,4,10.70711],"rotation":{"angle":0,"axis":"y","origin":[8.70711,2.59251,8]},"faces":{"north":{"uv":[9,1,11,2],"texture":"#0"},"east":{"uv":[9,1,11,2],"texture":"#0"},"south":{"uv":[9,1,11,2],"texture":"#0"},"west":{"uv":[9,1,11,2],"texture":"#0"},"up":{"uv":[3,9,1,7],"rotation":270,"texture":"#0"},"down":{"uv":[9,4,7,6],"rotation":90,"texture":"#0"}}},{"from":[7.20711,11.07304,-3.89474],"to":[10.20711,14.07304,-0.89474],"rotation":{"angle":45,"axis":"x","origin":[8.70711,2.59251,8]},"faces":{"north":{"uv":[14.5,0,16,1.5],"texture":"#0"},"east":{"uv":[14.5,0,16,1.5],"texture":"#0"},"south":{"uv":[14.5,0,16,1.5],"texture":"#0"},"west":{"uv":[14.5,0,16,1.5],"texture":"#0"},"up":{"uv":[14.5,0,16,1.5],"rotation":270,"texture":"#0"},"down":{"uv":[14.5,0,16,1.5],"rotation":90,"texture":"#0"}}},{"from":[10.95711,14.82304,-0.14474],"to":[6.45711,10.32304,-4.64474],"shade":false,"rotation":{"angle":45,"axis":"x","origin":[8.70711,2.59251,8]},"faces":{"north":{"uv":[13,0,14.5,1.5],"texture":"#0"},"east":{"uv":[13,0,14.5,1.5],"texture":"#0"},"south":{"uv":[13,0,14.5,1.5],"texture":"#0"},"west":{"uv":[13,0,14.5,1.5],"texture":"#0"},"up":{"uv":[13,0,14.5,1.5],"rotation":270,"texture":"#0"},"down":{"uv":[13,0,14.5,1.5],"rotation":90,"texture":"#0"}}},{"from":[11.70711,15.57304,0.60526],"to":[5.70711,9.57304,-5.39474],"shade":false,"rotation":{"angle":45,"axis":"x","origin":[8.70711,2.59251,8]},"faces":{"north":{"uv":[11.5,0,13,1.5],"texture":"#0"},"east":{"uv":[11.5,0,13,1.5],"texture":"#0"},"south":{"uv":[11.5,0,13,1.5],"texture":"#0"},"west":{"uv":[11.5,0,13,1.5],"texture":"#0"},"up":{"uv":[11.5,0,13,1.5],"rotation":270,"texture":"#0"},"down":{"uv":[11.5,0,13,1.5],"rotation":90,"texture":"#0"}}},{"from":[10.20711,12.07304,1.10526],"to":[11.20711,13.07304,2.10526],"rotation":{"angle":45,"axis":"x","origin":[8.70711,2.59251,8]},"faces":{"north":{"uv":[0,14,2,16],"texture":"#1"},"east":{"uv":[0,14,2,16],"texture":"#1"},"south":{"uv":[0,14,2,16],"texture":"#1"},"west":{"uv":[0,14,2,16],"texture":"#1"},"up":{"uv":[0,14,2,16],"rotation":270,"texture":"#1"},"down":{"uv":[0,14,2,16],"rotation":90,"texture":"#1"}}},{"from":[11.45711,13.32304,2.35526],"to":[9.95711,11.82304,0.85526],"rotation":{"angle":45,"axis":"x","origin":[8.70711,2.59251,8]},"faces":{"north":{"uv":[2,14,4,16],"texture":"#1"},"east":{"uv":[2,14,4,16],"texture":"#1"},"south":{"uv":[2,14,4,16],"texture":"#1"},"west":{"uv":[2,14,4,16],"texture":"#1"},"up":{"uv":[2,14,4,16],"rotation":270,"texture":"#1"},"down":{"uv":[2,14,4,16],"rotation":90,"texture":"#1"}}},{"from":[11.85711,13.72304,2.75526],"to":[9.55711,11.42304,0.45526],"rotation":{"angle":45,"axis":"x","origin":[8.70711,2.59251,8]},"faces":{"north":{"uv":[4,14,6,16],"texture":"#1"},"east":{"uv":[4,14,6,16],"texture":"#1"},"south":{"uv":[4,14,6,16],"texture":"#1"},"west":{"uv":[4,14,6,16],"texture":"#1"},"up":{"uv":[4,14,6,16],"rotation":270,"texture":"#1"},"down":{"uv":[4,14,6,16],"rotation":90,"texture":"#1"}}},{"from":[9.20711,12.07304,1.10526],"to":[10.20711,13.07304,2.10526],"rotation":{"angle":45,"axis":"x","origin":[8.70711,2.59251,8]},"faces":{"north":{"uv":[0,12,2,14],"texture":"#1"},"east":{"uv":[0,12,2,14],"texture":"#1"},"south":{"uv":[0,12,2,14],"texture":"#1"},"west":{"uv":[0,12,2,14],"texture":"#1"},"up":{"uv":[0,12,2,14],"rotation":270,"texture":"#1"},"down":{"uv":[0,12,2,14],"rotation":90,"texture":"#1"}}},{"from":[10.45711,13.32304,2.35526],"to":[8.95711,11.82304,0.85526],"rotation":{"angle":45,"axis":"x","origin":[8.70711,2.59251,8]},"faces":{"north":{"uv":[2,12,4,14],"texture":"#1"},"east":{"uv":[2,12,4,14],"texture":"#1"},"south":{"uv":[2,12,4,14],"texture":"#1"},"west":{"uv":[2,12,4,14],"texture":"#1"},"up":{"uv":[2,12,4,14],"rotation":270,"texture":"#1"},"down":{"uv":[2,12,4,14],"rotation":90,"texture":"#1"}}},{"from":[10.85711,13.72304,2.75526],"to":[8.55711,11.42304,0.45526],"rotation":{"angle":45,"axis":"x","origin":[8.70711,2.59251,8]},"faces":{"north":{"uv":[4,12,6,14],"texture":"#1"},"east":{"uv":[4,12,6,14],"texture":"#1"},"south":{"uv":[4,12,6,14],"texture":"#1"},"west":{"uv":[4,12,6,14],"texture":"#1"},"up":{"uv":[4,12,6,14],"rotation":270,"texture":"#1"},"down":{"uv":[4,12,6,14],"rotation":90,"texture":"#1"}}},{"from":[8.20711,12.07304,1.10526],"to":[9.20711,13.07304,2.10526],"rotation":{"angle":45,"axis":"x","origin":[8.70711,2.59251,8]},"faces":{"north":{"uv":[0,10,2,12],"texture":"#1"},"east":{"uv":[0,10,2,12],"texture":"#1"},"south":{"uv":[0,10,2,12],"texture":"#1"},"west":{"uv":[0,10,2,12],"texture":"#1"},"up":{"uv":[0,10,2,12],"rotation":270,"texture":"#1"},"down":{"uv":[0,10,2,12],"rotation":90,"texture":"#1"}}},{"from":[9.45711,13.32304,2.35526],"to":[7.95711,11.82304,0.85526],"rotation":{"angle":45,"axis":"x","origin":[8.70711,2.59251,8]},"faces":{"north":{"uv":[2,10,4,12],"texture":"#1"},"east":{"uv":[2,10,4,12],"texture":"#1"},"south":{"uv":[2,10,4,12],"texture":"#1"},"west":{"uv":[2,10,4,12],"texture":"#1"},"up":{"uv":[2,10,4,12],"rotation":270,"texture":"#1"},"down":{"uv":[2,10,4,12],"rotation":90,"texture":"#1"}}},{"from":[9.85711,13.72304,2.75526],"to":[7.55711,11.42304,0.45526],"rotation":{"angle":45,"axis":"x","origin":[8.70711,2.59251,8]},"faces":{"north":{"uv":[4,10,6,12],"texture":"#1"},"east":{"uv":[4,10,6,12],"texture":"#1"},"south":{"uv":[4,10,6,12],"texture":"#1"},"west":{"uv":[4,10,6,12],"texture":"#1"},"up":{"uv":[4,10,6,12],"rotation":270,"texture":"#1"},"down":{"uv":[4,10,6,12],"rotation":90,"texture":"#1"}}},{"from":[7.20711,12.07304,1.10526],"to":[8.20711,13.07304,2.10526],"rotation":{"angle":45,"axis":"x","origin":[8.70711,2.59251,8]},"faces":{"north":{"uv":[0,8,2,10],"texture":"#1"},"east":{"uv":[0,8,2,10],"texture":"#1"},"south":{"uv":[0,8,2,10],"texture":"#1"},"west":{"uv":[0,8,2,10],"texture":"#1"},"up":{"uv":[0,8,2,10],"rotation":270,"texture":"#1"},"down":{"uv":[0,8,2,10],"rotation":90,"texture":"#1"}}},{"from":[8.45711,13.32304,2.35526],"to":[6.95711,11.82304,0.85526],"rotation":{"angle":45,"axis":"x","origin":[8.70711,2.59251,8]},"faces":{"north":{"uv":[2,8,4,10],"texture":"#1"},"east":{"uv":[2,8,4,10],"texture":"#1"},"south":{"uv":[2,8,4,10],"texture":"#1"},"west":{"uv":[2,8,4,10],"texture":"#1"},"up":{"uv":[2,8,4,10],"rotation":270,"texture":"#1"},"down":{"uv":[2,8,4,10],"rotation":90,"texture":"#1"}}},{"from":[8.85711,13.72304,2.75526],"to":[6.55711,11.42304,0.45526],"rotation":{"angle":45,"axis":"x","origin":[8.70711,2.59251,8]},"faces":{"north":{"uv":[4,8,6,10],"texture":"#1"},"east":{"uv":[4,8,6,10],"texture":"#1"},"south":{"uv":[4,8,6,10],"texture":"#1"},"west":{"uv":[4,8,6,10],"texture":"#1"},"up":{"uv":[4,8,6,10],"rotation":270,"texture":"#1"},"down":{"uv":[4,8,6,10],"rotation":90,"texture":"#1"}}},{"from":[6.20711,12.07304,1.10526],"to":[7.20711,13.07304,2.10526],"rotation":{"angle":45,"axis":"x","origin":[8.70711,2.59251,8]},"faces":{"north":{"uv":[0,6,2,8],"texture":"#1"},"east":{"uv":[0,6,2,8],"texture":"#1"},"south":{"uv":[0,6,2,8],"texture":"#1"},"west":{"uv":[0,6,2,8],"texture":"#1"},"up":{"uv":[0,6,2,8],"rotation":270,"texture":"#1"},"down":{"uv":[0,6,2,8],"rotation":90,"texture":"#1"}}},{"from":[7.45711,13.32304,2.35526],"to":[5.95711,11.82304,0.85526],"rotation":{"angle":45,"axis":"x","origin":[8.70711,2.59251,8]},"faces":{"north":{"uv":[2,6,4,8],"texture":"#1"},"east":{"uv":[2,6,4,8],"texture":"#1"},"south":{"uv":[2,6,4,8],"texture":"#1"},"west":{"uv":[2,6,4,8],"texture":"#1"},"up":{"uv":[2,6,4,8],"rotation":270,"texture":"#1"},"down":{"uv":[2,6,4,8],"rotation":90,"texture":"#1"}}},{"from":[7.85711,13.72304,2.75526],"to":[5.55711,11.42304,0.45526],"rotation":{"angle":45,"axis":"x","origin":[8.70711,2.59251,8]},"faces":{"north":{"uv":[4,6,6,8],"texture":"#1"},"east":{"uv":[4,6,6,8],"texture":"#1"},"south":{"uv":[4,6,6,8],"texture":"#1"},"west":{"uv":[4,6,6,8],"texture":"#1"},"up":{"uv":[4,6,6,8],"rotation":270,"texture":"#1"},"down":{"uv":[4,6,6,8],"rotation":90,"texture":"#1"}}},{"from":[5.20711,12.07304,0.10526],"to":[6.20711,13.07304,1.10526],"rotation":{"angle":45,"axis":"x","origin":[8.70711,2.59251,8]},"faces":{"north":{"uv":[0,4,2,6],"texture":"#1"},"east":{"uv":[0,4,2,6],"texture":"#1"},"south":{"uv":[0,4,2,6],"texture":"#1"},"west":{"uv":[0,4,2,6],"texture":"#1"},"up":{"uv":[0,4,2,6],"rotation":270,"texture":"#1"},"down":{"uv":[0,4,2,6],"rotation":90,"texture":"#1"}}},{"from":[6.45711,13.32304,1.35526],"to":[4.95711,11.82304,-0.14474],"rotation":{"angle":45,"axis":"x","origin":[8.70711,2.59251,8]},"faces":{"north":{"uv":[2,4,4,6],"texture":"#1"},"east":{"uv":[2,4,4,6],"texture":"#1"},"south":{"uv":[2,4,4,6],"texture":"#1"},"west":{"uv":[2,4,4,6],"texture":"#1"},"up":{"uv":[2,4,4,6],"rotation":270,"texture":"#1"},"down":{"uv":[2,4,4,6],"rotation":90,"texture":"#1"}}},{"from":[6.85711,13.72304,1.75526],"to":[4.55711,11.42304,-0.54474],"rotation":{"angle":45,"axis":"x","origin":[8.70711,2.59251,8]},"faces":{"north":{"uv":[4,4,6,6],"texture":"#1"},"east":{"uv":[4,4,6,6],"texture":"#1"},"south":{"uv":[4,4,6,6],"texture":"#1"},"west":{"uv":[4,4,6,6],"texture":"#1"},"up":{"uv":[4,4,6,6],"rotation":270,"texture":"#1"},"down":{"uv":[4,4,6,6],"rotation":90,"texture":"#1"}}},{"from":[4.20711,12.07304,-0.89474],"to":[5.20711,13.07304,0.10526],"rotation":{"angle":45,"axis":"x","origin":[8.70711,2.59251,8]},"faces":{"north":{"uv":[0,2,2,4],"texture":"#1"},"east":{"uv":[0,2,2,4],"texture":"#1"},"south":{"uv":[0,2,2,4],"texture":"#1"},"west":{"uv":[0,2,2,4],"texture":"#1"},"up":{"uv":[0,2,2,4],"rotation":270,"texture":"#1"},"down":{"uv":[0,2,2,4],"rotation":90,"texture":"#1"}}},{"from":[5.45711,13.32304,0.35526],"to":[3.95711,11.82304,-1.14474],"rotation":{"angle":45,"axis":"x","origin":[8.70711,2.59251,8]},"faces":{"north":{"uv":[2,2,4,4],"texture":"#1"},"east":{"uv":[2,2,4,4],"texture":"#1"},"south":{"uv":[2,2,4,4],"texture":"#1"},"west":{"uv":[2,2,4,4],"texture":"#1"},"up":{"uv":[2,2,4,4],"rotation":270,"texture":"#1"},"down":{"uv":[2,2,4,4],"rotation":90,"texture":"#1"}}},{"from":[5.85711,13.72304,0.75526],"to":[3.55711,11.42304,-1.54474],"rotation":{"angle":45,"axis":"x","origin":[8.70711,2.59251,8]},"faces":{"north":{"uv":[4,2,6,4],"texture":"#1"},"east":{"uv":[4,2,6,4],"texture":"#1"},"south":{"uv":[4,2,6,4],"texture":"#1"},"west":{"uv":[4,2,6,4],"texture":"#1"},"up":{"uv":[4,2,6,4],"rotation":270,"texture":"#1"},"down":{"uv":[4,2,6,4],"rotation":90,"texture":"#1"}}},{"from":[4.20711,12.07304,-1.89474],"to":[5.20711,13.07304,-0.89474],"rotation":{"angle":45,"axis":"x","origin":[8.70711,2.59251,8]},"faces":{"north":{"uv":[0,0,2,2],"texture":"#1"},"east":{"uv":[0,0,2,2],"texture":"#1"},"south":{"uv":[0,0,2,2],"texture":"#1"},"west":{"uv":[0,0,2,2],"texture":"#1"},"up":{"uv":[0,0,2,2],"rotation":270,"texture":"#1"},"down":{"uv":[0,0,2,2],"rotation":90,"texture":"#1"}}},{"from":[5.45711,13.32304,-0.64474],"to":[3.95711,11.82304,-2.14474],"rotation":{"angle":45,"axis":"x","origin":[8.70711,2.59251,8]},"faces":{"north":{"uv":[2,0,4,2],"texture":"#1"},"east":{"uv":[2,0,4,2],"texture":"#1"},"south":{"uv":[2,0,4,2],"texture":"#1"},"west":{"uv":[2,0,4,2],"texture":"#1"},"up":{"uv":[2,0,4,2],"rotation":270,"texture":"#1"},"down":{"uv":[2,0,4,2],"rotation":90,"texture":"#1"}}},{"from":[5.85711,13.72304,-0.24474],"to":[3.55711,11.42304,-2.54474],"rotation":{"angle":45,"axis":"x","origin":[8.70711,2.59251,8]},"faces":{"north":{"uv":[4,0,6,2],"texture":"#1"},"east":{"uv":[4,0,6,2],"texture":"#1"},"south":{"uv":[4,0,6,2],"texture":"#1"},"west":{"uv":[4,0,6,2],"texture":"#1"},"up":{"uv":[4,0,6,2],"rotation":270,"texture":"#1"},"down":{"uv":[4,0,6,2],"rotation":90,"texture":"#1"}}},{"from":[4.20711,12.07304,-2.89474],"to":[5.20711,13.07304,-1.89474],"rotation":{"angle":45,"axis":"x","origin":[8.70711,2.59251,8]},"faces":{"north":{"uv":[6,14,8,16],"texture":"#1"},"east":{"uv":[6,14,8,16],"texture":"#1"},"south":{"uv":[6,14,8,16],"texture":"#1"},"west":{"uv":[6,14,8,16],"texture":"#1"},"up":{"uv":[6,14,8,16],"rotation":270,"texture":"#1"},"down":{"uv":[6,14,8,16],"rotation":90,"texture":"#1"}}},{"from":[5.45711,13.32304,-1.64474],"to":[3.95711,11.82304,-3.14474],"rotation":{"angle":45,"axis":"x","origin":[8.70711,2.59251,8]},"faces":{"north":{"uv":[8,14,10,16],"texture":"#1"},"east":{"uv":[8,14,10,16],"texture":"#1"},"south":{"uv":[8,14,10,16],"texture":"#1"},"west":{"uv":[8,14,10,16],"texture":"#1"},"up":{"uv":[8,14,10,16],"rotation":270,"texture":"#1"},"down":{"uv":[8,14,10,16],"rotation":90,"texture":"#1"}}},{"from":[5.85711,13.72304,-1.24474],"to":[3.55711,11.42304,-3.54474],"rotation":{"angle":45,"axis":"x","origin":[8.70711,2.59251,8]},"faces":{"north":{"uv":[10,14,12,16],"texture":"#1"},"east":{"uv":[10,14,12,16],"texture":"#1"},"south":{"uv":[10,14,12,16],"texture":"#1"},"west":{"uv":[10,14,12,16],"texture":"#1"},"up":{"uv":[10,14,12,16],"rotation":270,"texture":"#1"},"down":{"uv":[10,14,12,16],"rotation":90,"texture":"#1"}}},{"from":[4.20711,12.07304,-3.89474],"to":[5.20711,13.07304,-2.89474],"rotation":{"angle":45,"axis":"x","origin":[8.70711,2.59251,8]},"faces":{"north":{"uv":[6,12,8,14],"texture":"#1"},"east":{"uv":[6,12,8,14],"texture":"#1"},"south":{"uv":[6,12,8,14],"texture":"#1"},"west":{"uv":[6,12,8,14],"texture":"#1"},"up":{"uv":[6,12,8,14],"rotation":270,"texture":"#1"},"down":{"uv":[6,12,8,14],"rotation":90,"texture":"#1"}}},{"from":[5.45711,13.32304,-2.64474],"to":[3.95711,11.82304,-4.14474],"rotation":{"angle":45,"axis":"x","origin":[8.70711,2.59251,8]},"faces":{"north":{"uv":[8,12,10,14],"texture":"#1"},"east":{"uv":[8,12,10,14],"texture":"#1"},"south":{"uv":[8,12,10,14],"texture":"#1"},"west":{"uv":[8,12,10,14],"texture":"#1"},"up":{"uv":[8,12,10,14],"rotation":270,"texture":"#1"},"down":{"uv":[8,12,10,14],"rotation":90,"texture":"#1"}}},{"from":[5.85711,13.72304,-2.24474],"to":[3.55711,11.42304,-4.54474],"rotation":{"angle":45,"axis":"x","origin":[8.70711,2.59251,8]},"faces":{"north":{"uv":[10,12,12,14],"texture":"#1"},"east":{"uv":[10,12,12,14],"texture":"#1"},"south":{"uv":[10,12,12,14],"texture":"#1"},"west":{"uv":[10,12,12,14],"texture":"#1"},"up":{"uv":[10,12,12,14],"rotation":270,"texture":"#1"},"down":{"uv":[10,12,12,14],"rotation":90,"texture":"#1"}}},{"from":[4.20711,12.07304,-4.89474],"to":[5.20711,13.07304,-3.89474],"rotation":{"angle":45,"axis":"x","origin":[8.70711,2.59251,8]},"faces":{"north":{"uv":[6,10,8,12],"texture":"#1"},"east":{"uv":[6,10,8,12],"texture":"#1"},"south":{"uv":[6,10,8,12],"texture":"#1"},"west":{"uv":[6,10,8,12],"texture":"#1"},"up":{"uv":[6,10,8,12],"rotation":270,"texture":"#1"},"down":{"uv":[6,10,8,12],"rotation":90,"texture":"#1"}}},{"from":[5.45711,13.32304,-3.64474],"to":[3.95711,11.82304,-5.14474],"rotation":{"angle":45,"axis":"x","origin":[8.70711,2.59251,8]},"faces":{"north":{"uv":[8,10,10,12],"texture":"#1"},"east":{"uv":[8,10,10,12],"texture":"#1"},"south":{"uv":[8,10,10,12],"texture":"#1"},"west":{"uv":[8,10,10,12],"texture":"#1"},"up":{"uv":[8,10,10,12],"rotation":270,"texture":"#1"},"down":{"uv":[8,10,10,12],"rotation":90,"texture":"#1"}}},{"from":[5.85711,13.72304,-3.24474],"to":[3.55711,11.42304,-5.54474],"rotation":{"angle":45,"axis":"x","origin":[8.70711,2.59251,8]},"faces":{"north":{"uv":[10,10,12,12],"texture":"#1"},"east":{"uv":[10,10,12,12],"texture":"#1"},"south":{"uv":[10,10,12,12],"texture":"#1"},"west":{"uv":[10,10,12,12],"texture":"#1"},"up":{"uv":[10,10,12,12],"rotation":270,"texture":"#1"},"down":{"uv":[10,10,12,12],"rotation":90,"texture":"#1"}}},{"from":[5.20711,12.07304,-5.89474],"to":[6.20711,13.07304,-4.89474],"rotation":{"angle":45,"axis":"x","origin":[8.70711,2.59251,8]},"faces":{"north":{"uv":[6,8,8,10],"texture":"#1"},"east":{"uv":[6,8,8,10],"texture":"#1"},"south":{"uv":[6,8,8,10],"texture":"#1"},"west":{"uv":[6,8,8,10],"texture":"#1"},"up":{"uv":[6,8,8,10],"rotation":270,"texture":"#1"},"down":{"uv":[6,8,8,10],"rotation":90,"texture":"#1"}}},{"from":[6.45711,13.32304,-4.64474],"to":[4.95711,11.82304,-6.14474],"rotation":{"angle":45,"axis":"x","origin":[8.70711,2.59251,8]},"faces":{"north":{"uv":[8,8,10,10],"texture":"#1"},"east":{"uv":[8,8,10,10],"texture":"#1"},"south":{"uv":[8,8,10,10],"texture":"#1"},"west":{"uv":[8,8,10,10],"texture":"#1"},"up":{"uv":[8,8,10,10],"rotation":270,"texture":"#1"},"down":{"uv":[8,8,10,10],"rotation":90,"texture":"#1"}}},{"from":[6.85711,13.72304,-4.24474],"to":[4.55711,11.42304,-6.54474],"rotation":{"angle":45,"axis":"x","origin":[8.70711,2.59251,8]},"faces":{"north":{"uv":[10,8,12,10],"texture":"#1"},"east":{"uv":[10,8,12,10],"texture":"#1"},"south":{"uv":[10,8,12,10],"texture":"#1"},"west":{"uv":[10,8,12,10],"texture":"#1"},"up":{"uv":[10,8,12,10],"rotation":270,"texture":"#1"},"down":{"uv":[10,8,12,10],"rotation":90,"texture":"#1"}}},{"from":[11.20711,12.07304,0.10526],"to":[12.20711,13.07304,1.10526],"rotation":{"angle":45,"axis":"x","origin":[8.70711,2.59251,8]},"faces":{"north":{"uv":[8,8,6,10],"rotation":180,"texture":"#1"},"east":{"uv":[8,8,6,10],"rotation":180,"texture":"#1"},"south":{"uv":[8,8,6,10],"rotation":180,"texture":"#1"},"west":{"uv":[8,8,6,10],"rotation":180,"texture":"#1"},"up":{"uv":[6,10,8,8],"rotation":90,"texture":"#1"},"down":{"uv":[6,10,8,8],"rotation":270,"texture":"#1"}}},{"from":[12.45711,13.32304,1.35526],"to":[10.95711,11.82304,-0.14474],"rotation":{"angle":45,"axis":"x","origin":[8.70711,2.59251,8]},"faces":{"north":{"uv":[10,8,8,10],"rotation":180,"texture":"#1"},"east":{"uv":[10,8,8,10],"rotation":180,"texture":"#1"},"south":{"uv":[10,8,8,10],"rotation":180,"texture":"#1"},"west":{"uv":[10,8,8,10],"rotation":180,"texture":"#1"},"up":{"uv":[8,10,10,8],"rotation":90,"texture":"#1"},"down":{"uv":[8,10,10,8],"rotation":270,"texture":"#1"}}},{"from":[12.85711,13.72304,1.75526],"to":[10.55711,11.42304,-0.54474],"rotation":{"angle":45,"axis":"x","origin":[8.70711,2.59251,8]},"faces":{"north":{"uv":[12,8,10,10],"rotation":180,"texture":"#1"},"east":{"uv":[12,8,10,10],"rotation":180,"texture":"#1"},"south":{"uv":[12,8,10,10],"rotation":180,"texture":"#1"},"west":{"uv":[12,8,10,10],"rotation":180,"texture":"#1"},"up":{"uv":[10,10,12,8],"rotation":90,"texture":"#1"},"down":{"uv":[10,10,12,8],"rotation":270,"texture":"#1"}}},{"from":[12.20711,12.07304,-0.89474],"to":[13.20711,13.07304,0.10526],"rotation":{"angle":45,"axis":"x","origin":[8.70711,2.59251,8]},"faces":{"north":{"uv":[8,10,6,12],"rotation":180,"texture":"#1"},"east":{"uv":[8,10,6,12],"rotation":180,"texture":"#1"},"south":{"uv":[8,10,6,12],"rotation":180,"texture":"#1"},"west":{"uv":[8,10,6,12],"rotation":180,"texture":"#1"},"up":{"uv":[6,12,8,10],"rotation":90,"texture":"#1"},"down":{"uv":[6,12,8,10],"rotation":270,"texture":"#1"}}},{"from":[13.45711,13.32304,0.35526],"to":[11.95711,11.82304,-1.14474],"rotation":{"angle":45,"axis":"x","origin":[8.70711,2.59251,8]},"faces":{"north":{"uv":[10,10,8,12],"rotation":180,"texture":"#1"},"east":{"uv":[10,10,8,12],"rotation":180,"texture":"#1"},"south":{"uv":[10,10,8,12],"rotation":180,"texture":"#1"},"west":{"uv":[10,10,8,12],"rotation":180,"texture":"#1"},"up":{"uv":[8,12,10,10],"rotation":90,"texture":"#1"},"down":{"uv":[8,12,10,10],"rotation":270,"texture":"#1"}}},{"from":[13.85711,13.72304,0.75526],"to":[11.55711,11.42304,-1.54474],"rotation":{"angle":45,"axis":"x","origin":[8.70711,2.59251,8]},"faces":{"north":{"uv":[12,10,10,12],"rotation":180,"texture":"#1"},"east":{"uv":[12,10,10,12],"rotation":180,"texture":"#1"},"south":{"uv":[12,10,10,12],"rotation":180,"texture":"#1"},"west":{"uv":[12,10,10,12],"rotation":180,"texture":"#1"},"up":{"uv":[10,12,12,10],"rotation":90,"texture":"#1"},"down":{"uv":[10,12,12,10],"rotation":270,"texture":"#1"}}},{"from":[12.20711,12.07304,-1.89474],"to":[13.20711,13.07304,-0.89474],"rotation":{"angle":45,"axis":"x","origin":[8.70711,2.59251,8]},"faces":{"north":{"uv":[8,12,6,14],"rotation":180,"texture":"#1"},"east":{"uv":[8,12,6,14],"rotation":180,"texture":"#1"},"south":{"uv":[8,12,6,14],"rotation":180,"texture":"#1"},"west":{"uv":[8,12,6,14],"rotation":180,"texture":"#1"},"up":{"uv":[6,14,8,12],"rotation":90,"texture":"#1"},"down":{"uv":[6,14,8,12],"rotation":270,"texture":"#1"}}},{"from":[13.45711,13.32304,-0.64474],"to":[11.95711,11.82304,-2.14474],"rotation":{"angle":45,"axis":"x","origin":[8.70711,2.59251,8]},"faces":{"north":{"uv":[10,12,8,14],"rotation":180,"texture":"#1"},"east":{"uv":[10,12,8,14],"rotation":180,"texture":"#1"},"south":{"uv":[10,12,8,14],"rotation":180,"texture":"#1"},"west":{"uv":[10,12,8,14],"rotation":180,"texture":"#1"},"up":{"uv":[8,14,10,12],"rotation":90,"texture":"#1"},"down":{"uv":[8,14,10,12],"rotation":270,"texture":"#1"}}},{"from":[13.85711,13.72304,-0.24474],"to":[11.55711,11.42304,-2.54474],"rotation":{"angle":45,"axis":"x","origin":[8.70711,2.59251,8]},"faces":{"north":{"uv":[12,12,10,14],"rotation":180,"texture":"#1"},"east":{"uv":[12,12,10,14],"rotation":180,"texture":"#1"},"south":{"uv":[12,12,10,14],"rotation":180,"texture":"#1"},"west":{"uv":[12,12,10,14],"rotation":180,"texture":"#1"},"up":{"uv":[10,14,12,12],"rotation":90,"texture":"#1"},"down":{"uv":[10,14,12,12],"rotation":270,"texture":"#1"}}},{"from":[12.20711,12.07304,-2.89474],"to":[13.20711,13.07304,-1.89474],"rotation":{"angle":45,"axis":"x","origin":[8.70711,2.59251,8]},"faces":{"north":{"uv":[8,14,6,16],"rotation":180,"texture":"#1"},"east":{"uv":[8,14,6,16],"rotation":180,"texture":"#1"},"south":{"uv":[8,14,6,16],"rotation":180,"texture":"#1"},"west":{"uv":[8,14,6,16],"rotation":180,"texture":"#1"},"up":{"uv":[6,16,8,14],"rotation":90,"texture":"#1"},"down":{"uv":[6,16,8,14],"rotation":270,"texture":"#1"}}},{"from":[13.45711,13.32304,-1.64474],"to":[11.95711,11.82304,-3.14474],"rotation":{"angle":45,"axis":"x","origin":[8.70711,2.59251,8]},"faces":{"north":{"uv":[10,14,8,16],"rotation":180,"texture":"#1"},"east":{"uv":[10,14,8,16],"rotation":180,"texture":"#1"},"south":{"uv":[10,14,8,16],"rotation":180,"texture":"#1"},"west":{"uv":[10,14,8,16],"rotation":180,"texture":"#1"},"up":{"uv":[8,16,10,14],"rotation":90,"texture":"#1"},"down":{"uv":[8,16,10,14],"rotation":270,"texture":"#1"}}},{"from":[13.85711,13.72304,-1.24474],"to":[11.55711,11.42304,-3.54474],"rotation":{"angle":45,"axis":"x","origin":[8.70711,2.59251,8]},"faces":{"north":{"uv":[12,14,10,16],"rotation":180,"texture":"#1"},"east":{"uv":[12,14,10,16],"rotation":180,"texture":"#1"},"south":{"uv":[12,14,10,16],"rotation":180,"texture":"#1"},"west":{"uv":[12,14,10,16],"rotation":180,"texture":"#1"},"up":{"uv":[10,16,12,14],"rotation":90,"texture":"#1"},"down":{"uv":[10,16,12,14],"rotation":270,"texture":"#1"}}},{"from":[12.20711,12.07304,-3.89474],"to":[13.20711,13.07304,-2.89474],"rotation":{"angle":45,"axis":"x","origin":[8.70711,2.59251,8]},"faces":{"north":{"uv":[2,0,0,2],"rotation":180,"texture":"#1"},"east":{"uv":[2,0,0,2],"rotation":180,"texture":"#1"},"south":{"uv":[2,0,0,2],"rotation":180,"texture":"#1"},"west":{"uv":[2,0,0,2],"rotation":180,"texture":"#1"},"up":{"uv":[0,2,2,0],"rotation":90,"texture":"#1"},"down":{"uv":[0,2,2,0],"rotation":270,"texture":"#1"}}},{"from":[13.45711,13.32304,-2.64474],"to":[11.95711,11.82304,-4.14474],"rotation":{"angle":45,"axis":"x","origin":[8.70711,2.59251,8]},"faces":{"north":{"uv":[4,0,2,2],"rotation":180,"texture":"#1"},"east":{"uv":[4,0,2,2],"rotation":180,"texture":"#1"},"south":{"uv":[4,0,2,2],"rotation":180,"texture":"#1"},"west":{"uv":[4,0,2,2],"rotation":180,"texture":"#1"},"up":{"uv":[2,2,4,0],"rotation":90,"texture":"#1"},"down":{"uv":[2,2,4,0],"rotation":270,"texture":"#1"}}},{"from":[13.85711,13.72304,-2.24474],"to":[11.55711,11.42304,-4.54474],"rotation":{"angle":45,"axis":"x","origin":[8.70711,2.59251,8]},"faces":{"north":{"uv":[6,0,4,2],"rotation":180,"texture":"#1"},"east":{"uv":[6,0,4,2],"rotation":180,"texture":"#1"},"south":{"uv":[6,0,4,2],"rotation":180,"texture":"#1"},"west":{"uv":[6,0,4,2],"rotation":180,"texture":"#1"},"up":{"uv":[4,2,6,0],"rotation":90,"texture":"#1"},"down":{"uv":[4,2,6,0],"rotation":270,"texture":"#1"}}},{"from":[12.20711,12.07304,-4.89474],"to":[13.20711,13.07304,-3.89474],"rotation":{"angle":45,"axis":"x","origin":[8.70711,2.59251,8]},"faces":{"north":{"uv":[2,2,0,4],"rotation":180,"texture":"#1"},"east":{"uv":[2,2,0,4],"rotation":180,"texture":"#1"},"south":{"uv":[2,2,0,4],"rotation":180,"texture":"#1"},"west":{"uv":[2,2,0,4],"rotation":180,"texture":"#1"},"up":{"uv":[0,4,2,2],"rotation":90,"texture":"#1"},"down":{"uv":[0,4,2,2],"rotation":270,"texture":"#1"}}},{"from":[13.45711,13.32304,-3.64474],"to":[11.95711,11.82304,-5.14474],"rotation":{"angle":45,"axis":"x","origin":[8.70711,2.59251,8]},"faces":{"north":{"uv":[4,2,2,4],"rotation":180,"texture":"#1"},"east":{"uv":[4,2,2,4],"rotation":180,"texture":"#1"},"south":{"uv":[4,2,2,4],"rotation":180,"texture":"#1"},"west":{"uv":[4,2,2,4],"rotation":180,"texture":"#1"},"up":{"uv":[2,4,4,2],"rotation":90,"texture":"#1"},"down":{"uv":[2,4,4,2],"rotation":270,"texture":"#1"}}},{"from":[13.85711,13.72304,-3.24474],"to":[11.55711,11.42304,-5.54474],"rotation":{"angle":45,"axis":"x","origin":[8.70711,2.59251,8]},"faces":{"north":{"uv":[6,2,4,4],"rotation":180,"texture":"#1"},"east":{"uv":[6,2,4,4],"rotation":180,"texture":"#1"},"south":{"uv":[6,2,4,4],"rotation":180,"texture":"#1"},"west":{"uv":[6,2,4,4],"rotation":180,"texture":"#1"},"up":{"uv":[4,4,6,2],"rotation":90,"texture":"#1"},"down":{"uv":[4,4,6,2],"rotation":270,"texture":"#1"}}},{"from":[11.20711,12.07304,-5.89474],"to":[12.20711,13.07304,-4.89474],"rotation":{"angle":45,"axis":"x","origin":[8.70711,2.59251,8]},"faces":{"north":{"uv":[2,4,0,6],"rotation":180,"texture":"#1"},"east":{"uv":[2,4,0,6],"rotation":180,"texture":"#1"},"south":{"uv":[2,4,0,6],"rotation":180,"texture":"#1"},"west":{"uv":[2,4,0,6],"rotation":180,"texture":"#1"},"up":{"uv":[0,6,2,4],"rotation":90,"texture":"#1"},"down":{"uv":[0,6,2,4],"rotation":270,"texture":"#1"}}},{"from":[12.45711,13.32304,-4.64474],"to":[10.95711,11.82304,-6.14474],"rotation":{"angle":45,"axis":"x","origin":[8.70711,2.59251,8]},"faces":{"north":{"uv":[4,4,2,6],"rotation":180,"texture":"#1"},"east":{"uv":[4,4,2,6],"rotation":180,"texture":"#1"},"south":{"uv":[4,4,2,6],"rotation":180,"texture":"#1"},"west":{"uv":[4,4,2,6],"rotation":180,"texture":"#1"},"up":{"uv":[2,6,4,4],"rotation":90,"texture":"#1"},"down":{"uv":[2,6,4,4],"rotation":270,"texture":"#1"}}},{"from":[12.85711,13.72304,-4.24474],"to":[10.55711,11.42304,-6.54474],"rotation":{"angle":45,"axis":"x","origin":[8.70711,2.59251,8]},"faces":{"north":{"uv":[6,4,4,6],"rotation":180,"texture":"#1"},"east":{"uv":[6,4,4,6],"rotation":180,"texture":"#1"},"south":{"uv":[6,4,4,6],"rotation":180,"texture":"#1"},"west":{"uv":[6,4,4,6],"rotation":180,"texture":"#1"},"up":{"uv":[4,6,6,4],"rotation":90,"texture":"#1"},"down":{"uv":[4,6,6,4],"rotation":270,"texture":"#1"}}},{"from":[10.20711,12.07304,-6.89474],"to":[11.20711,13.07304,-5.89474],"rotation":{"angle":45,"axis":"x","origin":[8.70711,2.59251,8]},"faces":{"north":{"uv":[2,6,0,8],"rotation":180,"texture":"#1"},"east":{"uv":[2,6,0,8],"rotation":180,"texture":"#1"},"south":{"uv":[2,6,0,8],"rotation":180,"texture":"#1"},"west":{"uv":[2,6,0,8],"rotation":180,"texture":"#1"},"up":{"uv":[0,8,2,6],"rotation":90,"texture":"#1"},"down":{"uv":[0,8,2,6],"rotation":270,"texture":"#1"}}},{"from":[11.45711,13.32304,-5.64474],"to":[9.95711,11.82304,-7.14474],"rotation":{"angle":45,"axis":"x","origin":[8.70711,2.59251,8]},"faces":{"north":{"uv":[4,6,2,8],"rotation":180,"texture":"#1"},"east":{"uv":[4,6,2,8],"rotation":180,"texture":"#1"},"south":{"uv":[4,6,2,8],"rotation":180,"texture":"#1"},"west":{"uv":[4,6,2,8],"rotation":180,"texture":"#1"},"up":{"uv":[2,8,4,6],"rotation":90,"texture":"#1"},"down":{"uv":[2,8,4,6],"rotation":270,"texture":"#1"}}},{"from":[11.85711,13.72304,-5.24474],"to":[9.55711,11.42304,-7.54474],"rotation":{"angle":45,"axis":"x","origin":[8.70711,2.59251,8]},"faces":{"north":{"uv":[6,6,4,8],"rotation":180,"texture":"#1"},"east":{"uv":[6,6,4,8],"rotation":180,"texture":"#1"},"south":{"uv":[6,6,4,8],"rotation":180,"texture":"#1"},"west":{"uv":[6,6,4,8],"rotation":180,"texture":"#1"},"up":{"uv":[4,8,6,6],"rotation":90,"texture":"#1"},"down":{"uv":[4,8,6,6],"rotation":270,"texture":"#1"}}},{"from":[9.20711,12.07304,-6.89474],"to":[10.20711,13.07304,-5.89474],"rotation":{"angle":45,"axis":"x","origin":[8.70711,2.59251,8]},"faces":{"north":{"uv":[2,8,0,10],"rotation":180,"texture":"#1"},"east":{"uv":[2,8,0,10],"rotation":180,"texture":"#1"},"south":{"uv":[2,8,0,10],"rotation":180,"texture":"#1"},"west":{"uv":[2,8,0,10],"rotation":180,"texture":"#1"},"up":{"uv":[0,10,2,8],"rotation":90,"texture":"#1"},"down":{"uv":[0,10,2,8],"rotation":270,"texture":"#1"}}},{"from":[10.45711,13.32304,-5.64474],"to":[8.95711,11.82304,-7.14474],"rotation":{"angle":45,"axis":"x","origin":[8.70711,2.59251,8]},"faces":{"north":{"uv":[4,8,2,10],"rotation":180,"texture":"#1"},"east":{"uv":[4,8,2,10],"rotation":180,"texture":"#1"},"south":{"uv":[4,8,2,10],"rotation":180,"texture":"#1"},"west":{"uv":[4,8,2,10],"rotation":180,"texture":"#1"},"up":{"uv":[2,10,4,8],"rotation":90,"texture":"#1"},"down":{"uv":[2,10,4,8],"rotation":270,"texture":"#1"}}},{"from":[10.85711,13.72304,-5.24474],"to":[8.55711,11.42304,-7.54474],"rotation":{"angle":45,"axis":"x","origin":[8.70711,2.59251,8]},"faces":{"north":{"uv":[6,8,4,10],"rotation":180,"texture":"#1"},"east":{"uv":[6,8,4,10],"rotation":180,"texture":"#1"},"south":{"uv":[6,8,4,10],"rotation":180,"texture":"#1"},"west":{"uv":[6,8,4,10],"rotation":180,"texture":"#1"},"up":{"uv":[4,10,6,8],"rotation":90,"texture":"#1"},"down":{"uv":[4,10,6,8],"rotation":270,"texture":"#1"}}},{"from":[8.20711,12.07304,-6.89474],"to":[9.20711,13.07304,-5.89474],"rotation":{"angle":45,"axis":"x","origin":[8.70711,2.59251,8]},"faces":{"north":{"uv":[2,10,0,12],"rotation":180,"texture":"#1"},"east":{"uv":[2,10,0,12],"rotation":180,"texture":"#1"},"south":{"uv":[2,10,0,12],"rotation":180,"texture":"#1"},"west":{"uv":[2,10,0,12],"rotation":180,"texture":"#1"},"up":{"uv":[0,12,2,10],"rotation":90,"texture":"#1"},"down":{"uv":[0,12,2,10],"rotation":270,"texture":"#1"}}},{"from":[9.45711,13.32304,-5.64474],"to":[7.95711,11.82304,-7.14474],"rotation":{"angle":45,"axis":"x","origin":[8.70711,2.59251,8]},"faces":{"north":{"uv":[4,10,2,12],"rotation":180,"texture":"#1"},"east":{"uv":[4,10,2,12],"rotation":180,"texture":"#1"},"south":{"uv":[4,10,2,12],"rotation":180,"texture":"#1"},"west":{"uv":[4,10,2,12],"rotation":180,"texture":"#1"},"up":{"uv":[2,12,4,10],"rotation":90,"texture":"#1"},"down":{"uv":[2,12,4,10],"rotation":270,"texture":"#1"}}},{"from":[9.85711,13.72304,-5.24474],"to":[7.55711,11.42304,-7.54474],"rotation":{"angle":45,"axis":"x","origin":[8.70711,2.59251,8]},"faces":{"north":{"uv":[6,10,4,12],"rotation":180,"texture":"#1"},"east":{"uv":[6,10,4,12],"rotation":180,"texture":"#1"},"south":{"uv":[6,10,4,12],"rotation":180,"texture":"#1"},"west":{"uv":[6,10,4,12],"rotation":180,"texture":"#1"},"up":{"uv":[4,12,6,10],"rotation":90,"texture":"#1"},"down":{"uv":[4,12,6,10],"rotation":270,"texture":"#1"}}},{"from":[7.20711,12.07304,-6.89474],"to":[8.20711,13.07304,-5.89474],"rotation":{"angle":45,"axis":"x","origin":[8.70711,2.59251,8]},"faces":{"north":{"uv":[2,12,0,14],"rotation":180,"texture":"#1"},"east":{"uv":[2,12,0,14],"rotation":180,"texture":"#1"},"south":{"uv":[2,12,0,14],"rotation":180,"texture":"#1"},"west":{"uv":[2,12,0,14],"rotation":180,"texture":"#1"},"up":{"uv":[0,14,2,12],"rotation":90,"texture":"#1"},"down":{"uv":[0,14,2,12],"rotation":270,"texture":"#1"}}},{"from":[8.45711,13.32304,-5.64474],"to":[6.95711,11.82304,-7.14474],"rotation":{"angle":45,"axis":"x","origin":[8.70711,2.59251,8]},"faces":{"north":{"uv":[4,12,2,14],"rotation":180,"texture":"#1"},"east":{"uv":[4,12,2,14],"rotation":180,"texture":"#1"},"south":{"uv":[4,12,2,14],"rotation":180,"texture":"#1"},"west":{"uv":[4,12,2,14],"rotation":180,"texture":"#1"},"up":{"uv":[2,14,4,12],"rotation":90,"texture":"#1"},"down":{"uv":[2,14,4,12],"rotation":270,"texture":"#1"}}},{"from":[8.85711,13.72304,-5.24474],"to":[6.55711,11.42304,-7.54474],"rotation":{"angle":45,"axis":"x","origin":[8.70711,2.59251,8]},"faces":{"north":{"uv":[6,12,4,14],"rotation":180,"texture":"#1"},"east":{"uv":[6,12,4,14],"rotation":180,"texture":"#1"},"south":{"uv":[6,12,4,14],"rotation":180,"texture":"#1"},"west":{"uv":[6,12,4,14],"rotation":180,"texture":"#1"},"up":{"uv":[4,14,6,12],"rotation":90,"texture":"#1"},"down":{"uv":[4,14,6,12],"rotation":270,"texture":"#1"}}},{"from":[6.20711,12.07304,-6.89474],"to":[7.20711,13.07304,-5.89474],"rotation":{"angle":45,"axis":"x","origin":[8.70711,2.59251,8]},"faces":{"north":{"uv":[2,14,0,16],"rotation":180,"texture":"#1"},"east":{"uv":[2,14,0,16],"rotation":180,"texture":"#1"},"south":{"uv":[2,14,0,16],"rotation":180,"texture":"#1"},"west":{"uv":[2,14,0,16],"rotation":180,"texture":"#1"},"up":{"uv":[0,16,2,14],"rotation":90,"texture":"#1"},"down":{"uv":[0,16,2,14],"rotation":270,"texture":"#1"}}},{"from":[7.45711,13.32304,-5.64474],"to":[5.95711,11.82304,-7.14474],"rotation":{"angle":45,"axis":"x","origin":[8.70711,2.59251,8]},"faces":{"north":{"uv":[4,14,2,16],"rotation":180,"texture":"#1"},"east":{"uv":[4,14,2,16],"rotation":180,"texture":"#1"},"south":{"uv":[4,14,2,16],"rotation":180,"texture":"#1"},"west":{"uv":[4,14,2,16],"rotation":180,"texture":"#1"},"up":{"uv":[2,16,4,14],"rotation":90,"texture":"#1"},"down":{"uv":[2,16,4,14],"rotation":270,"texture":"#1"}}},{"from":[7.85711,13.72304,-5.24474],"to":[5.55711,11.42304,-7.54474],"rotation":{"angle":45,"axis":"x","origin":[8.70711,2.59251,8]},"faces":{"north":{"uv":[6,14,4,16],"rotation":180,"texture":"#1"},"east":{"uv":[6,14,4,16],"rotation":180,"texture":"#1"},"south":{"uv":[6,14,4,16],"rotation":180,"texture":"#1"},"west":{"uv":[6,14,4,16],"rotation":180,"texture":"#1"},"up":{"uv":[4,16,6,14],"rotation":90,"texture":"#1"},"down":{"uv":[4,16,6,14],"rotation":270,"texture":"#1"}}}],"gui_light":"front","display":{"thirdperson_righthand":{"translation":[0,6.5,1.75],"scale":[0.725,0.725,0.725]},"thirdperson_lefthand":{"translation":[0,6.5,1.75],"scale":[0.725,0.725,0.725]},"firstperson_righthand":{"rotation":[0,17,0],"translation":[6,5.5,-7.75]},"firstperson_lefthand":{"rotation":[0,17,0],"translation":[6,5.5,-7.75]},"ground":{"rotation":[0,0,84],"translation":[-3.75,0.75,0],"scale":[0.57422,0.57422,0.57422]},"gui":{"rotation":[-85,45,107],"translation":[-2.5,1.5,0],"scale":[0.52148,0.52148,0.52148]},"head":{"rotation":[90,137,90],"translation":[2,8.25,0],"scale":[0.76953,0.76953,0.76953]},"fixed":{"rotation":[0,90,0],"translation":[0,4.25,0],"scale":[1.2832,1.2832,1.2832]}}}