{"credit":"by w11shes","textures":{"0":"elitecreatures:elven_elf_weapon/elven_helmet","particle":"elitecreatures:elven_elf_weapon/elven_helmet"},"elements":[{"from":[3,-1,3],"to":[13,11,13],"faces":{"north":{"uv":[3,0,5.5,3],"texture":"#0"},"east":{"uv":[8,0,5.5,3],"texture":"#0"},"south":{"uv":[3,3,5.5,6],"texture":"#0"},"west":{"uv":[5.5,0,8,3],"texture":"#0"},"up":{"uv":[8,5.5,5.5,3],"texture":"#0"}}},{"from":[13,11,13],"to":[3,-1,3],"faces":{"north":{"uv":[3,6,5.5,3],"texture":"#0"},"east":{"uv":[5.5,3,8,0],"texture":"#0"},"south":{"uv":[3,3,5.5,0],"texture":"#0"},"west":{"uv":[8,3,5.5,0],"texture":"#0"},"down":{"uv":[5.5,5.5,8,3],"texture":"#0"}}},{"from":[6,6,1.02],"to":[10,12,4.02],"faces":{"north":{"uv":[4,6,5,7.5],"texture":"#0"},"east":{"uv":[4.75,7.5,4,9],"texture":"#0"},"west":{"uv":[4,7.5,4.75,9],"texture":"#0"}}},{"from":[6,3.175,0.98],"to":[8.85,6,2.98],"rotation":{"angle":45,"axis":"z","origin":[6,6,0]},"faces":{"north":{"uv":[4.75,7.5,5.5,8.25],"texture":"#0"},"east":{"uv":[4.75,8.25,5.5,9],"texture":"#0"},"south":{"uv":[4.75,8.25,5.5,9],"texture":"#0"},"west":{"uv":[5,6,5.5,6.75],"texture":"#0"},"down":{"uv":[8.75,1.25,8,1.75],"texture":"#0"}}},{"from":[6,12,1],"to":[8.85,14.825,4],"rotation":{"angle":-45,"axis":"z","origin":[6,12,0]},"faces":{"north":{"uv":[7.5,6,8.25,6.75],"texture":"#0"},"south":{"uv":[7.5,6.75,8.25,7.5],"texture":"#0"},"west":{"uv":[7.5,7.5,8.25,8.25],"texture":"#0"},"up":{"uv":[8.75,0.75,8,0],"texture":"#0"}}},{"from":[2,7,2],"to":[14,10,14],"faces":{"north":{"uv":[1,6,4,6.75],"texture":"#0"},"east":{"uv":[4,7.5,1,8.25],"texture":"#0"},"south":{"uv":[1,6.75,4,7.5],"texture":"#0"},"west":{"uv":[1,7.5,4,8.25],"texture":"#0"},"up":{"uv":[3,3,0,0],"texture":"#0"},"down":{"uv":[3,3,0,6],"texture":"#0"}}},{"from":[3,4,8],"to":[3.05,15,16],"rotation":{"angle":-45,"axis":"y","origin":[3,0,8]},"faces":{"east":{"uv":[7.5,5.5,5.5,8.25],"texture":"#0"},"west":{"uv":[5.5,5.5,7.5,8.25],"texture":"#0"}}},{"from":[12.95,4,8],"to":[13,15,16],"rotation":{"angle":45,"axis":"y","origin":[13,0,8]},"faces":{"east":{"uv":[7.5,5.5,5.5,8.25],"texture":"#0"},"west":{"uv":[5.5,5.5,7.5,8.25],"texture":"#0"}}},{"from":[6,10,4],"to":[10,12,14],"faces":{"east":{"uv":[10,5.5,7.5,6],"texture":"#0"},"south":{"uv":[8,0.75,9,1.25],"texture":"#0"},"west":{"uv":[7.5,5.5,10,6],"texture":"#0"},"up":{"uv":[1,8.5,0,6],"texture":"#0"}}}],"gui_light":"front","display":{"thirdperson_righthand":{"rotation":[42.76,10.93,-4.97],"translation":[0,4,0],"scale":[0.54492,0.54492,0.54492]},"thirdperson_lefthand":{"rotation":[42.76,10.93,-4.97],"translation":[0,4,0],"scale":[0.54492,0.54492,0.54492]},"firstperson_righthand":{"rotation":[-176.07,64,-177.53],"translation":[5.25,2.5,-12],"scale":[1.29492,1.29492,1.29492]},"firstperson_lefthand":{"rotation":[-176.07,64,-177.53],"translation":[5.25,2.5,-12],"scale":[1.29492,1.29492,1.29492]},"ground":{"translation":[0,3,0],"scale":[0.73242,0.73242,0.73242]},"gui":{"rotation":[25,156,1],"translation":[0,1,0],"scale":[0.725,0.725,0.725]},"head":{"translation":[0,2.5,0],"scale":[1.6,1.6,1.6]},"fixed":{"translation":[0,4,-9.5],"scale":[1.87109,1.87109,1.87109]}}}