{"credit":"by w11shes","textures":{"0":"elitecreatures:elven_elf_weapon/elven_saber","particle":"elitecreatures:elven_elf_weapon/elven_saber"},"elements":[{"from":[5.9875,-12.33883,14.85133],"to":[9.9875,-8.33883,18.85133],"rotation":{"angle":45,"axis":"x","origin":[8,-1.5,8.0125]},"faces":{"north":{"uv":[0,6.5,2,8.5],"texture":"#0"},"east":{"uv":[7.5,6,5.5,8],"texture":"#0"},"south":{"uv":[7,0,9,2],"texture":"#0"},"west":{"uv":[5.5,6,7.5,8],"texture":"#0"},"up":{"uv":[9.5,6,7.5,4],"rotation":270,"texture":"#0"},"down":{"uv":[9.5,6,7.5,8],"rotation":90,"texture":"#0"}}},{"from":[5.9875,-3.85355,5.36605],"to":[9.9875,1.14645,10.36605],"rotation":{"angle":45,"axis":"x","origin":[8,-1.5,8.0125]},"faces":{"north":{"uv":[2.5,0,4.5,2.5],"texture":"#0"},"east":{"uv":[0,0,2.5,2.5],"rotation":90,"texture":"#0"},"south":{"uv":[0,4,2,6.5],"texture":"#0"},"west":{"uv":[0,0,2.5,2.5],"texture":"#0"},"up":{"uv":[4.5,6,2,4],"rotation":270,"texture":"#0"},"down":{"uv":[7,0,4.5,2],"rotation":90,"texture":"#0"}}},{"from":[5.9875,-11,6.0125],"to":[9.9875,-9,10.0125],"rotation":{"angle":0,"axis":"y","origin":[8,-1.5,8.0125]},"faces":{"north":{"uv":[0,8.5,2,9.5],"texture":"#0"},"east":{"uv":[0,8.5,2,9.5],"texture":"#0"},"south":{"uv":[0,8.5,2,9.5],"texture":"#0"},"west":{"uv":[0,8.5,2,9.5],"texture":"#0"},"up":{"uv":[7.5,6,5.5,4],"rotation":270,"texture":"#0"},"down":{"uv":[4,6,2,8],"rotation":90,"texture":"#0"}}},{"from":[6.9875,-13,7.0125],"to":[8.9875,-3,9.0125],"rotation":{"angle":0,"axis":"y","origin":[8,-1.5,8.0125]},"faces":{"north":{"uv":[4.5,2,5.5,7],"texture":"#0"},"east":{"uv":[4.5,2,5.5,7],"texture":"#0"},"south":{"uv":[4.5,2,5.5,7],"texture":"#0"},"west":{"uv":[4.5,2,5.5,7],"texture":"#0"}}},{"from":[6.9875,-3,4.0125],"to":[8.9875,0,12.0125],"rotation":{"angle":0,"axis":"y","origin":[8,-1.5,8.0125]},"faces":{"east":{"uv":[0,2.5,4,4],"texture":"#0"},"west":{"uv":[0,2.5,4,4],"texture":"#0"},"up":{"uv":[9.5,3,5.5,2],"rotation":270,"texture":"#0"},"down":{"uv":[9.5,3,5.5,4],"rotation":90,"texture":"#0"}}},{"from":[6.9675,-0.61091,2.24473],"to":[9.0075,2.38909,6.24473],"rotation":{"angle":-45,"axis":"x","origin":[8,-1.5,8.0125]},"faces":{"north":{"uv":[1,9.5,2,11],"texture":"#0"},"east":{"uv":[7,8,5,9.5],"texture":"#0"},"west":{"uv":[5,8,7,9.5],"texture":"#0"},"up":{"uv":[11,2,9,1],"rotation":270,"texture":"#0"},"down":{"uv":[9,9,7,10],"rotation":90,"texture":"#0"}}},{"from":[6.9675,-5.38909,9.78027],"to":[9.0075,-2.38909,13.78027],"rotation":{"angle":-45,"axis":"x","origin":[8,-1.5,8.0125]},"faces":{"east":{"uv":[4,8,2,9.5],"texture":"#0"},"south":{"uv":[0,9.5,1,11],"texture":"#0"},"west":{"uv":[2,8,4,9.5],"texture":"#0"},"up":{"uv":[9,9,7,8],"rotation":270,"texture":"#0"},"down":{"uv":[11,0,9,1],"rotation":90,"texture":"#0"}}},{"from":[7.9875,0,4.0125],"to":[8.0375,22,12.0125],"rotation":{"angle":0,"axis":"y","origin":[8,-1.5,8.0125]},"faces":{"east":{"uv":[16,0,12,11],"texture":"#0"},"west":{"uv":[12,0,16,11],"texture":"#0"}}},{"from":[7.4675,-0.51005,1.19412],"to":[8.5075,2.48995,4.19412],"rotation":{"angle":45,"axis":"x","origin":[8,-1.5,8.0125]},"faces":{"north":{"uv":[0,11,0.5,12.5],"texture":"#0"},"east":{"uv":[1.5,11,0,12.5],"texture":"#0"},"west":{"uv":[0,11,1.5,12.5],"texture":"#0"},"down":{"uv":[1.5,12,0,12.5],"rotation":90,"texture":"#0"}}},{"from":[7.4875,0,6.0125],"to":[8.4875,17,10.0125],"rotation":{"angle":0,"axis":"y","origin":[8,-1.5,8.0125]},"faces":{"north":{"uv":[13,2.5,13.5,11],"texture":"#0"},"east":{"uv":[15,2.5,13,11],"texture":"#0"},"south":{"uv":[14.5,2.5,15,11],"texture":"#0"},"west":{"uv":[13,2.5,15,11],"texture":"#0"},"up":{"uv":[15,2.5,13,3],"rotation":270,"texture":"#0"}}}],"gui_light":"front","display":{"thirdperson_righthand":{"translation":[0,8.25,1.75],"scale":[0.725,0.725,0.725]},"thirdperson_lefthand":{"translation":[0,8.25,1.75],"scale":[0.725,0.725,0.725]},"firstperson_righthand":{"rotation":[0,17,0],"translation":[6,5.5,-7.75]},"firstperson_lefthand":{"rotation":[0,17,0],"translation":[6,5.5,-7.75]},"ground":{"rotation":[0,0,84],"translation":[-3.75,0,0],"scale":[0.57422,0.57422,0.57422]},"gui":{"rotation":[-90,45,90],"translation":[-2.25,1.75,0],"scale":[0.52148,0.52148,0.52148]},"head":{"rotation":[90,137,90],"translation":[2,8.25,0],"scale":[0.76953,0.76953,0.76953]},"fixed":{"rotation":[0,90,0],"translation":[0,4.25,0],"scale":[1.2832,1.2832,1.2832]}}}