{"credit":"Made with Blockbench","textures":{"0":"skills_dragon_red:dragon_claw/dragon_claw_3","particle":"skills_dragon_red:dragon_claw/dragon_claw_3"},"elements":[{"from":[8,-7.5,-6.75],"to":[8,22.5,23.25],"rotation":{"angle":22.5,"axis":"x","origin":[8,7.5,8.25]},"faces":{"north":{"uv":[0,0,16,16],"texture":"#0"},"east":{"uv":[16,0,0,16],"texture":"#0"},"south":{"uv":[0,0,16,16],"texture":"#0"},"west":{"uv":[0,0,16,16],"texture":"#0"},"up":{"uv":[0,0,16,16],"texture":"#0"},"down":{"uv":[0,0,16,16],"texture":"#0"}}},{"from":[12.2,-3.5,-4.4],"to":[12.2,17.5,16.6],"rotation":{"angle":22.5,"axis":"x","origin":[8,3,8.1]},"faces":{"north":{"uv":[0,0,16,16],"texture":"#0"},"east":{"uv":[16,0,0,16],"texture":"#0"},"south":{"uv":[0,0,16,16],"texture":"#0"},"west":{"uv":[0,0,16,16],"texture":"#0"},"up":{"uv":[0,0,16,16],"texture":"#0"},"down":{"uv":[0,0,16,16],"texture":"#0"}}},{"from":[3.8,-3.5,-4.4],"to":[3.8,17.5,16.6],"rotation":{"angle":22.5,"axis":"x","origin":[8,3,8.1]},"faces":{"north":{"uv":[16,0,0,16],"texture":"#0"},"east":{"uv":[16,0,0,16],"texture":"#0"},"south":{"uv":[16,0,0,16],"texture":"#0"},"west":{"uv":[0,0,16,16],"texture":"#0"},"up":{"uv":[16,0,0,16],"texture":"#0"},"down":{"uv":[16,0,0,16],"texture":"#0"}}}],"display":{"thirdperson_righthand":{"rotation":[90,0,-62],"translation":[1.5,-23.5,14.5],"scale":[3.6,3.6,3.6]},"head":{"translation":[0,4.25,7],"scale":[4,4,4]}}}