{"credit":"Madebyspike5032","texture_size":[64,64],"textures":{"1":"munchies:wild/bubbles","2":"munchies:wild/crabcage","particle":"munchies:wild/crabcage"},"elements":[{"from":[0,-4.8,2],"to":[0.7,3.2,14],"rotation":{"angle":0,"axis":"y","origin":[0,-4.8,0]},"faces":{"north":{"uv":[4.75,9.5,4.875,11.5],"texture":"#2"},"east":{"uv":[7.5,4,10.5,6],"texture":"#2"},"south":{"uv":[5,9.5,5.125,11.5],"texture":"#2"},"west":{"uv":[7.5,4,10.5,6],"texture":"#2"},"up":{"uv":[3.875,12.5,3.75,9.5],"texture":"#2"},"down":{"uv":[3.875,12.5,3.75,9.5],"texture":"#2"}}},{"from":[15.2,-4.8,2],"to":[15.9,3.2,14],"rotation":{"angle":0,"axis":"y","origin":[0,-4.8,0]},"faces":{"north":{"uv":[5.25,9.5,5.375,11.5],"texture":"#2"},"east":{"uv":[7.5,4,10.5,6],"texture":"#2"},"south":{"uv":[5.5,9.5,5.625,11.5],"texture":"#2"},"west":{"uv":[7.5,4,10.5,6],"texture":"#2"},"up":{"uv":[4.375,12.5,4.25,9.5],"texture":"#2"},"down":{"uv":[4.625,9.5,4.5,12.5],"texture":"#2"}}},{"from":[0.7,-4.8,2.8],"to":[15.2,-4.7,13.2],"rotation":{"angle":0,"axis":"y","origin":[0,-4.8,0]},"faces":{"up":{"uv":[3.625,2.625,0,0],"texture":"#2"},"down":{"uv":[3.625,2.625,0,0],"texture":"#2"}}},{"from":[0.7,-4.8,2],"to":[15.2,3.2,2.8],"rotation":{"angle":0,"axis":"y","origin":[0,-4.8,0]},"faces":{"north":{"uv":[7.5,0,11.125,2],"texture":"#2"},"south":{"uv":[7.5,0,11.125,2],"texture":"#2"},"up":{"uv":[10.375,8.25,6.75,8],"texture":"#2"},"down":{"uv":[10.375,8.25,6.75,8.5],"texture":"#2"}}},{"from":[0.7,-4.8,13.2],"to":[15.2,3.2,14],"rotation":{"angle":0,"axis":"y","origin":[0,-4.8,0]},"faces":{"north":{"uv":[7.5,0,11.125,2],"texture":"#2"},"south":{"uv":[0,5.5,3.625,7.375],"texture":"#2"},"up":{"uv":[10.375,8.75,6.75,8.5],"texture":"#2"},"down":{"uv":[10.375,8.75,6.75,9],"texture":"#2"}}},{"name":"bubbles","from":[0.7,-4,7.8],"to":[8.2,-0.65,13.2],"rotation":{"angle":0,"axis":"y","origin":[0,3.2,0]},"faces":{"up":{"uv":[0,0,16,16],"texture":"#1"},"down":{"uv":[0,0,16,16],"rotation":180,"texture":"#1"}}},{"name":"bubbles","from":[0.7,-4,2.8],"to":[8.2,-0.65,8.2],"rotation":{"angle":0,"axis":"y","origin":[0,3.2,0]},"faces":{"up":{"uv":[0,0,16,16],"rotation":180,"texture":"#1"},"down":{"uv":[0,0,16,16],"texture":"#1"}}},{"name":"bubbles","from":[8.2,-4,2.8],"to":[15.7,-0.65,8.2],"rotation":{"angle":0,"axis":"y","origin":[0,3.2,0]},"faces":{"up":{"uv":[0,0,16,16],"rotation":180,"texture":"#1"},"down":{"uv":[0,0,16,16],"texture":"#1"}}},{"name":"bubbles","from":[6.8,-4,4.2],"to":[15.2,-0.65,11.7],"rotation":{"angle":0,"axis":"y","origin":[0,3.2,0]},"faces":{"up":{"uv":[0,0,16,16],"rotation":270,"texture":"#1"},"down":{"uv":[0,0,16,16],"rotation":270,"texture":"#1"}}},{"name":"bubbles","from":[0.8,-4,3.3],"to":[9.2,-0.65,12.8],"rotation":{"angle":0,"axis":"y","origin":[0,3.2,0]},"faces":{"up":{"uv":[0,0,16,16],"rotation":90,"texture":"#1"},"down":{"uv":[0,0,16,16],"rotation":90,"texture":"#1"}}},{"name":"bubbles","from":[8.2,-4,7.8],"to":[15.7,-0.65,13.2],"rotation":{"angle":0,"axis":"y","origin":[0,3.2,0]},"faces":{"up":{"uv":[0,0,16,16],"texture":"#1"},"down":{"uv":[0,0,16,16],"rotation":180,"texture":"#1"}}},{"from":[9.6,3.8,8.3],"to":[10.2,4.4,12.6],"rotation":{"angle":0,"axis":"y","origin":[0,-4.8,0]},"faces":{"north":{"uv":[2.5,10.5,2.625,10.625],"texture":"#2"},"east":{"uv":[0,10.25,1.125,10.375],"texture":"#2"},"south":{"uv":[10.5,2.5,10.625,2.625],"texture":"#2"},"west":{"uv":[1.25,10.25,2.375,10.375],"texture":"#2"},"up":{"uv":[5.875,10.625,5.75,9.5],"texture":"#2"},"down":{"uv":[6.125,9.5,6,10.625],"texture":"#2"}}},{"from":[9.4,3.8,7.3],"to":[10.4,4.4,8.5],"rotation":{"angle":0,"axis":"y","origin":[0,-4.8,0]},"faces":{"north":{"uv":[2.5,10.5,2.625,10.625],"texture":"#2"},"east":{"uv":[0,10.25,1.125,10.375],"texture":"#2"},"south":{"uv":[10.5,2.5,10.625,2.625],"texture":"#2"},"west":{"uv":[1.25,10.25,2.375,10.375],"texture":"#2"},"up":{"uv":[5.875,10.625,5.75,9.5],"texture":"#2"},"down":{"uv":[6.125,9.5,6,10.625],"texture":"#2"}}},{"from":[9.6,10.04369,12.21087],"to":[10.2,10.64369,16.51087],"rotation":{"angle":22.5,"axis":"x","origin":[4.5,6.54369,-3.28913]},"faces":{"north":{"uv":[3.5,10.5,3.625,10.625],"texture":"#2"},"east":{"uv":[2.5,10.25,3.625,10.375],"texture":"#2"},"south":{"uv":[10.5,3.5,10.625,3.625],"texture":"#2"},"west":{"uv":[7.75,10.25,8.875,10.375],"texture":"#2"},"up":{"uv":[6.375,10.625,6.25,9.5],"texture":"#2"},"down":{"uv":[6.625,9.5,6.5,10.625],"texture":"#2"}}},{"from":[9.6,18.8205,15.9373],"to":[10.2,19.4205,20.2373],"rotation":{"angle":45,"axis":"x","origin":[4.5,10.3205,-3.8627]},"faces":{"north":{"uv":[10.5,3.75,10.625,3.875],"texture":"#2"},"east":{"uv":[9,10.25,10.125,10.375],"texture":"#2"},"south":{"uv":[10.5,4,10.625,4.125],"texture":"#2"},"west":{"uv":[10.25,10.25,11.375,10.375],"texture":"#2"},"up":{"uv":[0.125,11.625,0,10.5],"texture":"#2"},"down":{"uv":[0.375,10.5,0.25,11.625],"texture":"#2"}}},{"from":[6.3,4.4,7.7],"to":[10.2,4.9,8.3],"rotation":{"angle":0,"axis":"y","origin":[7.7,-4.8,0]},"faces":{"north":{"uv":[2.75,9.75,3.75,9.875],"texture":"#2"},"east":{"uv":[2.75,10.5,2.875,10.625],"texture":"#2"},"south":{"uv":[2.75,10,3.75,10.125],"texture":"#2"},"west":{"uv":[10.5,2.75,10.625,2.875],"texture":"#2"},"up":{"uv":[1.5,10.625,0.5,10.5],"texture":"#2"},"down":{"uv":[2.75,10,3.75,10.125],"texture":"#2"}}},{"from":[9.65,3.2,7.7],"to":[10.15,4.4,8.3],"rotation":{"angle":0,"axis":"y","origin":[4.05,-4.8,0]},"faces":{"north":{"uv":[6.75,7.5,6.875,7.75],"texture":"#2"},"east":{"uv":[7,7.5,7.125,7.75],"texture":"#2"},"south":{"uv":[7.25,7.5,7.375,7.75],"texture":"#2"},"west":{"uv":[6.75,7.75,6.875,8],"texture":"#2"},"up":{"uv":[10.5,2,10.625,2.25],"texture":"#2"},"down":{"uv":[10.5,2,10.625,2.25],"texture":"#2"}}},{"from":[0.7,3.1,2.8],"to":[15.2,3.2,13.2],"rotation":{"angle":0,"axis":"y","origin":[0,-4.8,0]},"faces":{"up":{"uv":[7.375,2.625,3.75,0],"texture":"#2"},"down":{"uv":[7.375,2.625,3.75,0],"texture":"#2"}}},{"from":[6.35,3.2,7.7],"to":[6.85,4.4,8.3],"rotation":{"angle":0,"axis":"y","origin":[9.05,-4.8,0]},"faces":{"north":{"uv":[7,7.75,7.125,8],"texture":"#2"},"east":{"uv":[7.25,7.75,7.375,8],"texture":"#2"},"south":{"uv":[10.5,2,10.625,2.25],"texture":"#2"},"west":{"uv":[10.5,2.25,10.625,2.5],"texture":"#2"},"up":{"uv":[10.5,2,10.625,2.25],"texture":"#2"},"down":{"uv":[10.5,2,10.625,2.25],"texture":"#2"}}}],"display":{"thirdperson_righthand":{"translation":[0,0.75,0],"scale":[0.38,0.38,0.38]},"thirdperson_lefthand":{"translation":[0,0.75,0],"scale":[0.38,0.38,0.38]},"firstperson_righthand":{"translation":[0,3.25,0],"scale":[0.48,0.48,0.48]},"firstperson_lefthand":{"translation":[0,3.25,0],"scale":[0.48,0.48,0.48]},"ground":{"translation":[0,5,0],"scale":[0.48,0.48,0.48]},"gui":{"rotation":[22,28,0],"translation":[0,3.75,0],"scale":[0.66,0.66,0.66]},"fixed":{"translation":[0,6.75,-0.25]}}}