{"credit":"Madebyspike5032","texture_size":[32,32],"textures":{"3":"munchies:wild/eggplantstalk","4":"munchies:wild/eggplant2","particle":"munchies:wild/eggplantstalk"},"elements":[{"from":[0,0,8],"to":[16,16,8],"rotation":{"angle":0,"axis":"y","origin":[18,0,0]},"faces":{"north":{"uv":[16,0,0,16],"texture":"#3"},"east":{"uv":[8,0,0,8],"texture":"#missing"},"south":{"uv":[0,0,16,16],"texture":"#3"},"west":{"uv":[0,0,0,4],"texture":"#missing"},"up":{"uv":[0,0,6,0],"texture":"#missing"},"down":{"uv":[0,0,6,0],"texture":"#missing"}}},{"from":[0,0,8],"to":[16,16,8],"rotation":{"angle":0,"axis":"y","origin":[18,0,0]},"faces":{"north":{"uv":[16,0,0,16],"texture":"#3"},"east":{"uv":[8,0,0,8],"texture":"#missing"},"south":{"uv":[0,0,16,16],"texture":"#3"},"west":{"uv":[0,0,0,4],"texture":"#missing"},"up":{"uv":[0,0,6,0],"texture":"#missing"},"down":{"uv":[0,0,6,0],"texture":"#missing"}}},{"from":[8,0,0],"to":[8,16,16],"faces":{"north":{"uv":[0,0,0,8],"texture":"#4"},"east":{"uv":[8,8,0,16],"texture":"#4"},"south":{"uv":[0,0,0,8],"texture":"#4"},"west":{"uv":[0,8,8,16],"texture":"#4"},"up":{"uv":[0,8,0,0],"texture":"#4"},"down":{"uv":[0,0,0,8],"texture":"#4"}}}],"display":{"thirdperson_righthand":{"translation":[0,-0.25,-0.5],"scale":[0.5,0.5,0.5]},"thirdperson_lefthand":{"translation":[0,-0.25,-0.5],"scale":[0.5,0.5,0.5]},"firstperson_righthand":{"translation":[0,1.75,-0.5],"scale":[0.6,0.6,0.6]},"firstperson_lefthand":{"translation":[0,1.75,-0.5],"scale":[0.6,0.6,0.6]},"ground":{"translation":[0,1.75,-0.5],"scale":[0.6,0.6,0.6]},"gui":{"translation":[0,-1.75,-0.75],"scale":[0.75,0.75,0.75]},"head":{"translation":[0,1.75,-0.5],"scale":[0.6,0.6,0.6]},"fixed":{"translation":[0,-1.75,-0.75],"scale":[0.75,0.75,0.75]}}}