{"credit":"Madebyspike5032","textures":{"4":"munchies:wild/squashplant","particle":"munchies:wild/squashplant"},"elements":[{"from":[0.2,0,8],"to":[16.2,16,8],"faces":{"north":{"uv":[0,0,16,16],"texture":"#4"},"east":{"uv":[0,0,0,8],"texture":"#missing"},"south":{"uv":[16,0,0,16],"texture":"#4"},"west":{"uv":[0,0,16,16],"texture":"#missing"},"up":{"uv":[12,0,0,0],"texture":"#missing"},"down":{"uv":[12,0,0,0],"texture":"#missing"}}},{"from":[8.2,0,0],"to":[8.2,16,16],"faces":{"north":{"uv":[0,0,0,4],"texture":"#missing"},"east":{"uv":[0,0,16,16],"texture":"#4"},"south":{"uv":[0,0,0,4],"texture":"#missing"},"west":{"uv":[16,0,0,16],"texture":"#4"},"up":{"uv":[0,7,0,0],"texture":"#missing"},"down":{"uv":[0,0,0,7],"texture":"#missing"}}}],"display":{"thirdperson_righthand":{"scale":[0.5,0.5,0.5]},"thirdperson_lefthand":{"scale":[0.5,0.5,0.5]},"firstperson_righthand":{"translation":[0,3.25,0],"scale":[0.5,0.5,0.5]},"firstperson_lefthand":{"translation":[0,3.25,0],"scale":[0.5,0.5,0.5]},"ground":{"translation":[0,1.25,0],"scale":[0.5,0.5,0.5]},"gui":{"translation":[0,-0.75,0],"scale":[0.85,0.85,0.85]},"head":{"scale":[0.5,0.5,0.5]},"fixed":{"translation":[0,0,-0.25]}}}