{"parent":"minecraft:item/generated","textures":{"layer0":"minecraft:item/black_dye"},"overrides":[{"predicate":{"custom_model_data":70000},"model":"spintowin:item/history_3"},{"predicate":{"custom_model_data":70001},"model":"spintowin:item/spin_1"},{"predicate":{"custom_model_data":70002},"model":"spintowin:item/spin_2"},{"predicate":{"custom_model_data":70003},"model":"spintowin:item/history_2"},{"predicate":{"custom_model_data":70004},"model":"spintowin:item/spin_3"},{"predicate":{"custom_model_data":70005},"model":"spintowin:item/history_1"},{"predicate":{"custom_model_data":70006},"model":"spintowin:item/frame_1"},{"predicate":{"custom_model_data":70007},"model":"spintowin:item/frame_4"},{"predicate":{"custom_model_data":70008},"model":"spintowin:item/frame_2"},{"predicate":{"custom_model_data":70009},"model":"spintowin:item/frame_3"},{"predicate":{"custom_model_data":70010},"model":"spintowin:item/expansion_history_3"},{"predicate":{"custom_model_data":70011},"model":"spintowin:item/expansion_history_2"},{"predicate":{"custom_model_data":70012},"model":"spintowin:item/expansion_history_1"},{"predicate":{"custom_model_data":70013},"model":"spintowin:item/expansion_spin_3"},{"predicate":{"custom_model_data":70014},"model":"spintowin:item/expansion_spin_2"},{"predicate":{"custom_model_data":70015},"model":"spintowin:item/expansion_spin_1"},{"predicate":{"custom_model_data":70016},"model":"spintowin:item/expansion_frame_3"},{"predicate":{"custom_model_data":70017},"model":"spintowin:item/expansion_frame_2"},{"predicate":{"custom_model_data":70018},"model":"spintowin:item/expansion_frame_4"},{"predicate":{"custom_model_data":70019},"model":"spintowin:item/expansion_frame_1"}]}