{"parent":"minecraft:item/handheld_rod","textures":{"layer0":"minecraft:item/carrot_on_a_stick"},"overrides":[{"predicate":{"custom_model_data":4890006},"model":"forestset:forestset/forest_helmet"},{"predicate":{"custom_model_data":4890011},"model":"forestset:forestset/forest_spear"},{"predicate":{"custom_model_data":4890012},"model":"forestset:forestset/forest_staff"},{"predicate":{"custom_model_data":4890013},"model":"forestset:forestset/forest_trident"},{"predicate":{"custom_model_data":4890014},"model":"item/carrot_on_a_stick"}]}