{"parent":"item/generated","textures":{"layer0":"item/crossbow_standby"},"display":{"thirdperson_righthand":{"rotation":[-90,0,-60],"translation":[2,0.1,-3],"scale":[0.9,0.9,0.9]},"thirdperson_lefthand":{"rotation":[-90,0,30],"translation":[2,0.1,-3],"scale":[0.9,0.9,0.9]},"firstperson_righthand":{"rotation":[-90,0,-55],"translation":[1.13,3.2,1.13],"scale":[0.68,0.68,0.68]},"firstperson_lefthand":{"rotation":[-90,0,35],"translation":[1.13,3.2,1.13],"scale":[0.68,0.68,0.68]}},"overrides":[{"predicate":{"pulling":1},"model":"item/crossbow_pulling_0"},{"predicate":{"pulling":1,"pull":0.58},"model":"item/crossbow_pulling_1"},{"predicate":{"pulling":1,"pull":1.0},"model":"item/crossbow_pulling_2"},{"predicate":{"charged":1},"model":"item/crossbow_arrow"},{"predicate":{"charged":1,"firework":1},"model":"item/crossbow_firework"},{"predicate":{"custom_model_data":10000},"model":"azureset:crossbow"},{"predicate":{"pulling":1,"custom_model_data":10000},"model":"azureset:crossbow_0"},{"predicate":{"pulling":1,"pull":0.58,"custom_model_data":10000},"model":"azureset:crossbow_1"},{"predicate":{"pulling":1,"pull":1.0,"custom_model_data":10000},"model":"azureset:crossbow_2"},{"predicate":{"charged":1,"custom_model_data":10000},"model":"azureset:crossbow_charged"},{"predicate":{"charged":1,"firework":1,"custom_model_data":10000},"model":"azureset:crossbow_firework"},{"predicate":{"custom_model_data":10001},"model":"evergreenset:crossbow"},{"predicate":{"pulling":1,"custom_model_data":10001},"model":"evergreenset:crossbow_0"},{"predicate":{"pulling":1,"pull":0.58,"custom_model_data":10001},"model":"evergreenset:crossbow_1"},{"predicate":{"pulling":1,"pull":1.0,"custom_model_data":10001},"model":"evergreenset:crossbow_2"},{"predicate":{"charged":1,"custom_model_data":10001},"model":"evergreenset:crossbow_charged"},{"predicate":{"charged":1,"firework":1,"custom_model_data":10001},"model":"evergreenset:crossbow_firework"},{"predicate":{"custom_model_data":10002},"model":"elitecreatures:archangel_weapon_assortment/crossbow"},{"predicate":{"pulling":1,"custom_model_data":10002},"model":"elitecreatures:archangel_weapon_assortment/crossbow_0"},{"predicate":{"pulling":1,"pull":0.58,"custom_model_data":10002},"model":"elitecreatures:archangel_weapon_assortment/crossbow_1"},{"predicate":{"pulling":1,"pull":1.0,"custom_model_data":10002},"model":"elitecreatures:archangel_weapon_assortment/crossbow_2"},{"predicate":{"charged":1,"custom_model_data":10002},"model":"elitecreatures:archangel_weapon_assortment/crossbow_charged"},{"predicate":{"charged":1,"firework":1,"custom_model_data":10002},"model":"elitecreatures:archangel_weapon_assortment/crossbow_firework"},{"predicate":{"custom_model_data":10003},"model":"elitecreatures:demonic_weapon_assortment/crossbow"},{"predicate":{"pulling":1,"custom_model_data":10003},"model":"elitecreatures:demonic_weapon_assortment/crossbow_0"},{"predicate":{"pulling":1,"pull":0.58,"custom_model_data":10003},"model":"elitecreatures:demonic_weapon_assortment/crossbow_1"},{"predicate":{"pulling":1,"pull":1.0,"custom_model_data":10003},"model":"elitecreatures:demonic_weapon_assortment/crossbow_2"},{"predicate":{"charged":1,"custom_model_data":10003},"model":"elitecreatures:demonic_weapon_assortment/crossbow_charged"},{"predicate":{"charged":1,"firework":1,"custom_model_data":10003},"model":"elitecreatures:demonic_weapon_assortment/crossbow_firework"},{"predicate":{"custom_model_data":10004},"model":"elitecreatures:ifrit_animated/crossbow"},{"predicate":{"pulling":1,"custom_model_data":10004},"model":"elitecreatures:ifrit_animated/crossbow_0"},{"predicate":{"pulling":1,"pull":0.58,"custom_model_data":10004},"model":"elitecreatures:ifrit_animated/crossbow_1"},{"predicate":{"pulling":1,"pull":1.0,"custom_model_data":10004},"model":"elitecreatures:ifrit_animated/crossbow_2"},{"predicate":{"charged":1,"custom_model_data":10004},"model":"elitecreatures:ifrit_animated/crossbow_charged"},{"predicate":{"charged":1,"firework":1,"custom_model_data":10004},"model":"elitecreatures:ifrit_animated/crossbow_firework"},{"predicate":{"custom_model_data":10005},"model":"elitecreatures:verdant_animated/crossbow"},{"predicate":{"pulling":1,"custom_model_data":10005},"model":"elitecreatures:verdant_animated/crossbow_0"},{"predicate":{"pulling":1,"pull":0.58,"custom_model_data":10005},"model":"elitecreatures:verdant_animated/crossbow_1"},{"predicate":{"pulling":1,"pull":1.0,"custom_model_data":10005},"model":"elitecreatures:verdant_animated/crossbow_2"},{"predicate":{"charged":1,"custom_model_data":10005},"model":"elitecreatures:verdant_animated/crossbow_charged"},{"predicate":{"charged":1,"firework":1,"custom_model_data":10005},"model":"elitecreatures:verdant_animated/crossbow_firework"},{"predicate":{"custom_model_data":10006},"model":"lunardragonset:crossbow"},{"predicate":{"pulling":1,"custom_model_data":10006},"model":"lunardragonset:crossbow_0"},{"predicate":{"pulling":1,"pull":0.58,"custom_model_data":10006},"model":"lunardragonset:crossbow_1"},{"predicate":{"pulling":1,"pull":1.0,"custom_model_data":10006},"model":"lunardragonset:crossbow_2"},{"predicate":{"charged":1,"custom_model_data":10006},"model":"lunardragonset:crossbow_charged"},{"predicate":{"charged":1,"firework":1,"custom_model_data":10006},"model":"lunardragonset:crossbow_firework"},{"predicate":{"custom_model_data":10007},"model":"shogunset:crossbow"},{"predicate":{"pulling":1,"custom_model_data":10007},"model":"shogunset:crossbow_0"},{"predicate":{"pulling":1,"pull":0.58,"custom_model_data":10007},"model":"shogunset:crossbow_1"},{"predicate":{"pulling":1,"pull":1.0,"custom_model_data":10007},"model":"shogunset:crossbow_2"},{"predicate":{"charged":1,"custom_model_data":10007},"model":"shogunset:crossbow_charged"},{"predicate":{"charged":1,"firework":1,"custom_model_data":10007},"model":"shogunset:crossbow_firework"},{"predicate":{"custom_model_data":10008},"model":"item/crossbow"}]}