{"parent":"minecraft:item/handheld","textures":{"layer0":"minecraft:item/diamond_sword"},"overrides":[{"predicate":{"custom_model_data":10000},"model":"elitecreatures:elven_elf_weapon/elven_saber"},{"predicate":{"custom_model_data":10001},"model":"elitecreatures:elven_elf_weapon/elven_scepeter"},{"predicate":{"custom_model_data":10002},"model":"elitecreatures:elven_elf_weapon/elven_spear"},{"predicate":{"custom_model_data":10003},"model":"elitecreatures:elven_elf_weapon/elven_staff"},{"predicate":{"custom_model_data":10004},"model":"elitecreatures:elven_elf_weapon/elven_sword"},{"predicate":{"custom_model_data":10050},"model":"elitecreatures:ifrit_animated/hammer"},{"predicate":{"custom_model_data":10051},"model":"elitecreatures:ifrit_animated/sickle"},{"predicate":{"custom_model_data":10052},"model":"elitecreatures:ifrit_animated/spear"},{"predicate":{"custom_model_data":10053},"model":"elitecreatures:ifrit_animated/staff"},{"predicate":{"custom_model_data":10054},"model":"elitecreatures:ifrit_animated/sword"},{"predicate":{"custom_model_data":10055},"model":"elitecreatures:ifrit_animated/wings"},{"predicate":{"custom_model_data":10056},"model":"elitecreatures:verdant_animated/greatsword"},{"predicate":{"custom_model_data":10057},"model":"elitecreatures:verdant_animated/hammer"},{"predicate":{"custom_model_data":10058},"model":"elitecreatures:verdant_animated/scythe"},{"predicate":{"custom_model_data":10059},"model":"elitecreatures:verdant_animated/spear"},{"predicate":{"custom_model_data":10060},"model":"elitecreatures:verdant_animated/staff"},{"predicate":{"custom_model_data":10061},"model":"elitecreatures:verdant_animated/sword"},{"predicate":{"custom_model_data":10062},"model":"elitecreatures:verdant_animated/trident"},{"predicate":{"custom_model_data":10063},"model":"lunardragonset:greatsword"},{"predicate":{"custom_model_data":10064},"model":"lunardragonset:hammer"},{"predicate":{"custom_model_data":10065},"model":"lunardragonset:scythe"},{"predicate":{"custom_model_data":10066},"model":"lunardragonset:spear"},{"predicate":{"custom_model_data":10067},"model":"lunardragonset:staff"},{"predicate":{"custom_model_data":10068},"model":"lunardragonset:sword"},{"predicate":{"custom_model_data":10069},"model":"lunardragonset:trident"},{"predicate":{"custom_model_data":4890002},"model":"forestset:forestset/forest_claymore"},{"predicate":{"custom_model_data":4890003},"model":"forestset:forestset/forest_sword"},{"predicate":{"custom_model_data":4890009},"model":"forestset:forestset/forest_dagger"},{"predicate":{"custom_model_data":4890010},"model":"item/diamond_sword"}]}