{"parent":"minecraft:item/handheld","textures":{"layer0":"minecraft:item/diamond_axe"},"overrides":[{"predicate":{"custom_model_data":10000},"model":"spikedassets:ia_auto_gen/opal_axe"},{"predicate":{"custom_model_data":10001},"model":"spikedassets:ia_auto_gen/black_opal_axe"},{"predicate":{"custom_model_data":10002},"model":"elitecreatures:elven_elf_weapon/elven_axe"},{"predicate":{"custom_model_data":10003},"model":"elitecreatures:ifrit_animated/axe"},{"predicate":{"custom_model_data":10004},"model":"elitecreatures:verdant_animated/axe"},{"predicate":{"custom_model_data":10005},"model":"lunardragonset:axe"},{"predicate":{"custom_model_data":4890001},"model":"forestset:forestset/forest_axe"},{"predicate":{"custom_model_data":4890002},"model":"item/diamond_axe"}]}