{"parent":"minecraft:item/handheld","textures":{"layer0":"minecraft:item/diamond_shovel"},"overrides":[{"predicate":{"custom_model_data":10000},"model":"spikedassets:ia_auto_gen/opal_shovel"},{"predicate":{"custom_model_data":10001},"model":"spikedassets:ia_auto_gen/black_opal_shovel"},{"predicate":{"custom_model_data":10002},"model":"elitecreatures:ifrit_animated/shovel"},{"predicate":{"custom_model_data":10003},"model":"elitecreatures:verdant_animated/shovel"},{"predicate":{"custom_model_data":10004},"model":"lunardragonset:shovel"},{"predicate":{"custom_model_data":4890008},"model":"forestset:forestset/forest_hammer"},{"predicate":{"custom_model_data":4890009},"model":"item/diamond_shovel"}]}