{"parent":"minecraft:item/handheld","textures":{"layer0":"minecraft:item/diamond_pickaxe"},"overrides":[{"predicate":{"custom_model_data":10000},"model":"spikedassets:ia_auto_gen/copper_pickaxe"},{"predicate":{"custom_model_data":10001},"model":"spikedassets:ia_auto_gen/copper_hammer"},{"predicate":{"custom_model_data":10002},"model":"spikedassets:ia_auto_gen/crystaline_pickaxe"},{"predicate":{"custom_model_data":10003},"model":"spikedassets:ia_auto_gen/crystaline_hammer"},{"predicate":{"custom_model_data":10005},"model":"spikedassets:ia_auto_gen/garnet_hammer"},{"predicate":{"custom_model_data":10007},"model":"spikedassets:ia_auto_gen/sapphire_hammer"},{"predicate":{"custom_model_data":10008},"model":"spikedassets:ia_auto_gen/garnet_pickaxe"},{"predicate":{"custom_model_data":10009},"model":"spikedassets:ia_auto_gen/grandidierite_hammer"},{"predicate":{"custom_model_data":10010},"model":"spikedassets:ia_auto_gen/sapphire_pickaxe"},{"predicate":{"custom_model_data":10011},"model":"spikedassets:ia_auto_gen/sugilite_hammer"},{"predicate":{"custom_model_data":10012},"model":"spikedassets:ia_auto_gen/grandidierite_pickaxe"},{"predicate":{"custom_model_data":10013},"model":"spikedassets:ia_auto_gen/topaz_hammer"},{"predicate":{"custom_model_data":10014},"model":"spikedassets:ia_auto_gen/sugilite_pickaxe"},{"predicate":{"custom_model_data":10015},"model":"spikedassets:ia_auto_gen/peridot_hammer"},{"predicate":{"custom_model_data":10016},"model":"spikedassets:ia_auto_gen/topaz_pickaxe"},{"predicate":{"custom_model_data":10016},"model":"spikedassets:ia_auto_gen/opal_pickaxe"},{"predicate":{"custom_model_data":10017},"model":"spikedassets:ia_auto_gen/opal_hammer"},{"predicate":{"custom_model_data":10018},"model":"spikedassets:ia_auto_gen/peridot_pickaxe"},{"predicate":{"custom_model_data":10018},"model":"spikedassets:ia_auto_gen/black_opal_pickaxe"},{"predicate":{"custom_model_data":10019},"model":"spikedassets:ia_auto_gen/black_opal_hammer"},{"predicate":{"custom_model_data":10020},"model":"elitecreatures:ifrit_animated/pickaxe"},{"predicate":{"custom_model_data":10021},"model":"elitecreatures:verdant_animated/pickaxe"},{"predicate":{"custom_model_data":10022},"model":"lunardragonset:pickaxe"},{"predicate":{"custom_model_data":10023},"model":"item/diamond_pickaxe"}]}