{"parent":"item/handheld_rod","textures":{"layer0":"item/fishing_rod"},"overrides":[{"predicate":{"cast":1},"model":"item/fishing_rod_cast"},{"predicate":{"custom_model_data":10000},"model":"azureset:fishing_rod"},{"predicate":{"cast":1,"custom_model_data":10000},"model":"azureset:fishing_rod_cast"},{"predicate":{"custom_model_data":10001},"model":"evergreenset:fishing_rod"},{"predicate":{"cast":1,"custom_model_data":10001},"model":"evergreenset:fishing_rod_cast"},{"predicate":{"custom_model_data":10002},"model":"elitecreatures:archangel_weapon_assortment/fishing_rod"},{"predicate":{"cast":1,"custom_model_data":10002},"model":"elitecreatures:archangel_weapon_assortment/fishing_rod_cast"},{"predicate":{"custom_model_data":10003},"model":"elitecreatures:demonic_weapon_assortment/fishing_rod"},{"predicate":{"cast":1,"custom_model_data":10003},"model":"elitecreatures:demonic_weapon_assortment/fishing_rod_cast"},{"predicate":{"custom_model_data":10004},"model":"elitecreatures:ifrit_animated/fishing_rod"},{"predicate":{"cast":1,"custom_model_data":10004},"model":"elitecreatures:ifrit_animated/fishing_rod_cast"},{"predicate":{"custom_model_data":10005},"model":"elitecreatures:verdant_animated/fishing_rod"},{"predicate":{"cast":1,"custom_model_data":10005},"model":"elitecreatures:verdant_animated/fishing_rod_cast"},{"predicate":{"custom_model_data":10006},"model":"lunardragonset:fishing_rod"},{"predicate":{"cast":1,"custom_model_data":10006},"model":"lunardragonset:fishing_rod_cast"},{"predicate":{"custom_model_data":10007},"model":"shogunset:fishing_rod"},{"predicate":{"cast":1,"custom_model_data":10007},"model":"shogunset:fishing_rod_cast"},{"predicate":{"custom_model_data":10008},"model":"item/fishing_rod"}]}