{"parent":"minecraft:item/handheld","textures":{"layer0":"minecraft:item/iron_pickaxe"},"overrides":[{"predicate":{"custom_model_data":10000},"model":"azureset:pickaxe"},{"predicate":{"custom_model_data":10001},"model":"evergreenset:pickaxe"},{"predicate":{"custom_model_data":10002},"model":"elitecreatures:archangel_weapon_assortment/pickaxe"},{"predicate":{"custom_model_data":10003},"model":"elitecreatures:demonic_weapon_assortment/pickaxe"},{"predicate":{"custom_model_data":10004},"model":"starlight:pickaxe"},{"predicate":{"custom_model_data":10005},"model":"shogunset:pickaxe"},{"predicate":{"custom_model_data":10006},"model":"item/iron_pickaxe"}]}