{"parent":"minecraft:item/handheld","textures":{"layer0":"minecraft:item/iron_shovel"},"overrides":[{"predicate":{"custom_model_data":10000},"model":"spikedassets:ia_auto_gen/garnet_shovel"},{"predicate":{"custom_model_data":10001},"model":"spikedassets:ia_auto_gen/sapphire_shovel"},{"predicate":{"custom_model_data":10002},"model":"spikedassets:ia_auto_gen/grandidierite_shovel"},{"predicate":{"custom_model_data":10003},"model":"spikedassets:ia_auto_gen/sugilite_shovel"},{"predicate":{"custom_model_data":10004},"model":"spikedassets:ia_auto_gen/topaz_shovel"},{"predicate":{"custom_model_data":10005},"model":"spikedassets:ia_auto_gen/peridot_shovel"},{"predicate":{"custom_model_data":10006},"model":"azureset:shovel"},{"predicate":{"custom_model_data":10007},"model":"evergreenset:shovel"},{"predicate":{"custom_model_data":10008},"model":"elitecreatures:archangel_weapon_assortment/shovel"},{"predicate":{"custom_model_data":10009},"model":"elitecreatures:demonic_weapon_assortment/shovel"},{"predicate":{"custom_model_data":10010},"model":"starlight:shovel"},{"predicate":{"custom_model_data":10011},"model":"shogunset:shovel"},{"predicate":{"custom_model_data":10012},"model":"item/iron_shovel"}]}