{"parent":"minecraft:item/generated","textures":{"layer0":"minecraft:item/kelp"},"overrides":[{"predicate":{"custom_model_data":10000},"model":"elitecreatures:elven_elf_weapon/elven_helmet"},{"predicate":{"custom_model_data":10021},"model":"elitecreatures:ifrit_animated/balloon"},{"predicate":{"custom_model_data":10022},"model":"elitecreatures:ifrit_animated/key"},{"predicate":{"custom_model_data":10023},"model":"elitecreatures:ifrit_animated/quiver"},{"predicate":{"custom_model_data":10024},"model":"elitecreatures:ifrit_animated/helmet"},{"predicate":{"custom_model_data":10025},"model":"elitecreatures:verdant_animated/backpack"},{"predicate":{"custom_model_data":10026},"model":"elitecreatures:verdant_animated/backpack_normal"},{"predicate":{"custom_model_data":10027},"model":"elitecreatures:verdant_animated/backpack_normal_2"},{"predicate":{"custom_model_data":10028},"model":"elitecreatures:verdant_animated/backpack_self"},{"predicate":{"custom_model_data":10029},"model":"elitecreatures:verdant_animated/backpack_self_2"},{"predicate":{"custom_model_data":10030},"model":"elitecreatures:verdant_animated/helmet"},{"predicate":{"custom_model_data":10031},"model":"elitecreatures:verdant_animated/key"},{"predicate":{"custom_model_data":10032},"model":"elitecreatures:verdant_animated/wings"},{"predicate":{"custom_model_data":10033},"model":"elitecreatures:verdant_animated/wings_self_2"},{"predicate":{"custom_model_data":10034},"model":"elitecreatures:verdant_animated/wings_normal"},{"predicate":{"custom_model_data":10035},"model":"elitecreatures:verdant_animated/wings_normal_2"},{"predicate":{"custom_model_data":10036},"model":"elitecreatures:verdant_animated/wings_self"},{"predicate":{"custom_model_data":10037},"model":"item/kelp"}]}