{"overrides":[{"predicate":{"custom_model_data":1},"model":"modelengine:possesed_mask_2/right_leg"},{"predicate":{"custom_model_data":2},"model":"modelengine:gb_goblin/head"},{"predicate":{"custom_model_data":3},"model":"modelengine:gb_goblin/right_arm"},{"predicate":{"custom_model_data":4},"model":"modelengine:gb_goblin/torso"},{"predicate":{"custom_model_data":5},"model":"modelengine:possesed_mask_2/left_leg"},{"predicate":{"custom_model_data":6},"model":"modelengine:gb_goblin/left_leg"},{"predicate":{"custom_model_data":7},"model":"modelengine:possesed_mask_2/shadow_effect"},{"predicate":{"custom_model_data":8},"model":"modelengine:possesed_mask_2/left_leg_shadow"},{"predicate":{"custom_model_data":9},"model":"modelengine:gb_goblin/left_arm"},{"predicate":{"custom_model_data":10},"model":"modelengine:gb_goblin/right_leg"},{"predicate":{"custom_model_data":11},"model":"modelengine:gb_goblin/jaw"},{"predicate":{"custom_model_data":12},"model":"modelengine:gb_goblin/bone"},{"predicate":{"custom_model_data":13},"model":"modelengine:gb_goblin/right_hand"},{"predicate":{"custom_model_data":14},"model":"modelengine:gb_goblin/left_foot"},{"predicate":{"custom_model_data":15},"model":"modelengine:gb_goblin/left_hand"},{"predicate":{"custom_model_data":16},"model":"modelengine:gb_goblin/right_foot"},{"predicate":{"custom_model_data":17},"model":"modelengine:gb_goblin/tooth2"},{"predicate":{"custom_model_data":18},"model":"modelengine:gb_goblin/tooth"},{"predicate":{"custom_model_data":19},"model":"modelengine:gb_goblin/sword"},{"predicate":{"custom_model_data":20},"model":"modelengine:gb_goblin_archer/torso"},{"predicate":{"custom_model_data":21},"model":"modelengine:gb_goblin_archer/head"},{"predicate":{"custom_model_data":22},"model":"modelengine:gb_goblin_archer/right_arm"},{"predicate":{"custom_model_data":23},"model":"modelengine:gb_goblin_archer/left_leg"},{"predicate":{"custom_model_data":24},"model":"modelengine:gb_goblin_archer/left_arm"},{"predicate":{"custom_model_data":25},"model":"modelengine:gb_goblin_archer/right_leg"},{"predicate":{"custom_model_data":26},"model":"modelengine:gb_goblin_archer/jaw"},{"predicate":{"custom_model_data":27},"model":"modelengine:gb_goblin_archer/bone"},{"predicate":{"custom_model_data":28},"model":"modelengine:gb_goblin_archer/right_hand"},{"predicate":{"custom_model_data":29},"model":"modelengine:gb_goblin_archer/left_foot"},{"predicate":{"custom_model_data":30},"model":"modelengine:gb_goblin_archer/left_hand"},{"predicate":{"custom_model_data":31},"model":"modelengine:gb_goblin_archer/right_foot"},{"predicate":{"custom_model_data":32},"model":"modelengine:gb_goblin_archer/tooth2"},{"predicate":{"custom_model_data":33},"model":"modelengine:gb_goblin_archer/tooth"},{"predicate":{"custom_model_data":34},"model":"modelengine:gb_goblin_archer/bow"},{"predicate":{"custom_model_data":35},"model":"modelengine:gb_goblin_outlaw/torso"},{"predicate":{"custom_model_data":36},"model":"modelengine:gb_goblin_outlaw/head"},{"predicate":{"custom_model_data":37},"model":"modelengine:gb_goblin_outlaw/right_arm"},{"predicate":{"custom_model_data":38},"model":"modelengine:gb_goblin_outlaw/left_leg"},{"predicate":{"custom_model_data":39},"model":"modelengine:gb_goblin_outlaw/left_arm"},{"predicate":{"custom_model_data":40},"model":"modelengine:gb_goblin_outlaw/right_leg"},{"predicate":{"custom_model_data":41},"model":"modelengine:gb_goblin_outlaw/jaw"},{"predicate":{"custom_model_data":42},"model":"modelengine:gb_goblin_outlaw/bone"},{"predicate":{"custom_model_data":43},"model":"modelengine:gb_goblin_outlaw/right_hand"},{"predicate":{"custom_model_data":44},"model":"modelengine:gb_goblin_outlaw/left_foot"},{"predicate":{"custom_model_data":45},"model":"modelengine:gb_goblin_outlaw/left_hand"},{"predicate":{"custom_model_data":46},"model":"modelengine:gb_goblin_outlaw/right_foot"},{"predicate":{"custom_model_data":47},"model":"modelengine:gb_goblin_outlaw/tooth2"},{"predicate":{"custom_model_data":48},"model":"modelengine:gb_goblin_outlaw/tooth"},{"predicate":{"custom_model_data":49},"model":"modelengine:gb_goblin_outlaw/sword"},{"predicate":{"custom_model_data":50},"model":"modelengine:gb_goblin_outlaw/sword2"},{"predicate":{"custom_model_data":51},"model":"modelengine:gb_goblin_shaman/torso"},{"predicate":{"custom_model_data":52},"model":"modelengine:gb_goblin_shaman/head"},{"predicate":{"custom_model_data":53},"model":"modelengine:gb_goblin_shaman/right_arm"},{"predicate":{"custom_model_data":54},"model":"modelengine:gb_goblin_shaman/left_leg"},{"predicate":{"custom_model_data":55},"model":"modelengine:gb_goblin_shaman/left_arm"},{"predicate":{"custom_model_data":56},"model":"modelengine:gb_goblin_shaman/right_leg"},{"predicate":{"custom_model_data":57},"model":"modelengine:gb_goblin_shaman/jar"},{"predicate":{"custom_model_data":58},"model":"modelengine:gb_goblin_shaman/jaw"},{"predicate":{"custom_model_data":59},"model":"modelengine:gb_goblin_shaman/bone"},{"predicate":{"custom_model_data":60},"model":"modelengine:gb_goblin_shaman/right_hand"},{"predicate":{"custom_model_data":61},"model":"modelengine:gb_goblin_shaman/left_foot"},{"predicate":{"custom_model_data":62},"model":"modelengine:gb_goblin_shaman/left_hand"},{"predicate":{"custom_model_data":63},"model":"modelengine:gb_goblin_shaman/right_foot"},{"predicate":{"custom_model_data":64},"model":"modelengine:gb_goblin_shaman/tooth2"},{"predicate":{"custom_model_data":65},"model":"modelengine:gb_goblin_shaman/tooth"},{"predicate":{"custom_model_data":66},"model":"modelengine:gb_goblin_shaman/staff"},{"predicate":{"custom_model_data":67},"model":"modelengine:gb_goblin_shaman/potion_arm"},{"predicate":{"custom_model_data":68},"model":"modelengine:gb_hobgoblin/torso"},{"predicate":{"custom_model_data":69},"model":"modelengine:gb_hobgoblin/head"},{"predicate":{"custom_model_data":70},"model":"modelengine:gb_hobgoblin/right_arm"},{"predicate":{"custom_model_data":71},"model":"modelengine:gb_hobgoblin/left_leg"},{"predicate":{"custom_model_data":72},"model":"modelengine:gb_hobgoblin/left_arm"},{"predicate":{"custom_model_data":73},"model":"modelengine:gb_hobgoblin/right_leg"},{"predicate":{"custom_model_data":74},"model":"modelengine:gb_hobgoblin/belt"},{"predicate":{"custom_model_data":75},"model":"modelengine:gb_hobgoblin/bone3"},{"predicate":{"custom_model_data":76},"model":"modelengine:gb_hobgoblin/bone4"},{"predicate":{"custom_model_data":77},"model":"modelengine:gb_hobgoblin/jaw"},{"predicate":{"custom_model_data":78},"model":"modelengine:gb_hobgoblin/forehead"},{"predicate":{"custom_model_data":79},"model":"modelengine:gb_hobgoblin/right_forearm"},{"predicate":{"custom_model_data":80},"model":"modelengine:gb_hobgoblin/left_shin"},{"predicate":{"custom_model_data":81},"model":"modelengine:gb_hobgoblin/left_forearm"},{"predicate":{"custom_model_data":82},"model":"modelengine:gb_hobgoblin/right_shin"},{"predicate":{"custom_model_data":83},"model":"modelengine:gb_hobgoblin/tooth2"},{"predicate":{"custom_model_data":84},"model":"modelengine:gb_hobgoblin/tooth"},{"predicate":{"custom_model_data":85},"model":"modelengine:gb_hobgoblin/right_hand"},{"predicate":{"custom_model_data":86},"model":"modelengine:gb_hobgoblin/left_foot"},{"predicate":{"custom_model_data":87},"model":"modelengine:gb_hobgoblin/left_hand"},{"predicate":{"custom_model_data":88},"model":"modelengine:gb_hobgoblin/right_foot"},{"predicate":{"custom_model_data":89},"model":"modelengine:gb_hobgoblin/axe"},{"predicate":{"custom_model_data":90},"model":"modelengine:merchant_npc/merchant"},{"predicate":{"custom_model_data":91},"model":"modelengine:merchant_npc/chest"},{"predicate":{"custom_model_data":92},"model":"modelengine:merchant_npc/body_below"},{"predicate":{"custom_model_data":93},"model":"modelengine:merchant_npc/bone7"},{"predicate":{"custom_model_data":94},"model":"modelengine:merchant_npc/table"},{"predicate":{"custom_model_data":95},"model":"modelengine:merchant_npc/body_above"},{"predicate":{"custom_model_data":96},"model":"modelengine:merchant_npc/left_leg"},{"predicate":{"custom_model_data":97},"model":"modelengine:merchant_npc/right_leg"},{"predicate":{"custom_model_data":98},"model":"modelengine:merchant_npc/right_arm"},{"predicate":{"custom_model_data":99},"model":"modelengine:merchant_npc/left_arm"},{"predicate":{"custom_model_data":100},"model":"modelengine:merchant_npc/neck"},{"predicate":{"custom_model_data":101},"model":"modelengine:merchant_npc/bone"},{"predicate":{"custom_model_data":102},"model":"modelengine:merchant_npc/bone2"},{"predicate":{"custom_model_data":103},"model":"modelengine:merchant_npc/bone3"},{"predicate":{"custom_model_data":104},"model":"modelengine:merchant_npc/bone5"},{"predicate":{"custom_model_data":105},"model":"modelengine:merchant_npc/head"},{"predicate":{"custom_model_data":106},"model":"modelengine:merchant_npc/bone4"},{"predicate":{"custom_model_data":107},"model":"modelengine:merchant_npc/bone6"},{"predicate":{"custom_model_data":108},"model":"modelengine:merchant_npc/jaw"},{"predicate":{"custom_model_data":109},"model":"modelengine:merchant_npc/eyebrow"},{"predicate":{"custom_model_data":110},"model":"modelengine:portal/e_portal_merlin"},{"predicate":{"custom_model_data":111},"model":"modelengine:dwarf_blacksmith/anvil"},{"predicate":{"custom_model_data":112},"model":"modelengine:dwarf_blacksmith/upper_body"},{"predicate":{"custom_model_data":113},"model":"modelengine:dwarf_blacksmith/left_leg"},{"predicate":{"custom_model_data":114},"model":"modelengine:dwarf_blacksmith/right_leg"},{"predicate":{"custom_model_data":115},"model":"modelengine:dwarf_blacksmith/chest"},{"predicate":{"custom_model_data":116},"model":"modelengine:dwarf_blacksmith/left_ankle"},{"predicate":{"custom_model_data":117},"model":"modelengine:dwarf_blacksmith/right_ankle"},{"predicate":{"custom_model_data":118},"model":"modelengine:dwarf_blacksmith/head"},{"predicate":{"custom_model_data":119},"model":"modelengine:dwarf_blacksmith/right_arm"},{"predicate":{"custom_model_data":120},"model":"modelengine:dwarf_blacksmith/left_arm"},{"predicate":{"custom_model_data":121},"model":"modelengine:dwarf_blacksmith/left_foot"},{"predicate":{"custom_model_data":122},"model":"modelengine:dwarf_blacksmith/right_foot"},{"predicate":{"custom_model_data":123},"model":"modelengine:dwarf_blacksmith/right_beard"},{"predicate":{"custom_model_data":124},"model":"modelengine:dwarf_blacksmith/beard"},{"predicate":{"custom_model_data":125},"model":"modelengine:dwarf_blacksmith/left_beard"},{"predicate":{"custom_model_data":126},"model":"modelengine:dwarf_blacksmith/right_wrist"},{"predicate":{"custom_model_data":127},"model":"modelengine:dwarf_blacksmith/left_wrist"},{"predicate":{"custom_model_data":128},"model":"modelengine:dwarf_blacksmith/right_beard_end"},{"predicate":{"custom_model_data":129},"model":"modelengine:dwarf_blacksmith/beard_mid"},{"predicate":{"custom_model_data":130},"model":"modelengine:dwarf_blacksmith/left_beard_end"},{"predicate":{"custom_model_data":131},"model":"modelengine:dwarf_blacksmith/shield"},{"predicate":{"custom_model_data":132},"model":"modelengine:dwarf_blacksmith/spear"},{"predicate":{"custom_model_data":133},"model":"modelengine:dwarf_blacksmith/sword"},{"predicate":{"custom_model_data":134},"model":"modelengine:dwarf_blacksmith/iron"},{"predicate":{"custom_model_data":135},"model":"modelengine:dwarf_blacksmith/weapon"},{"predicate":{"custom_model_data":136},"model":"modelengine:dwarf_blacksmith/beard_end"},{"predicate":{"custom_model_data":137},"model":"modelengine:dwarf_cleric/left_leg"},{"predicate":{"custom_model_data":138},"model":"modelengine:dwarf_cleric/upper_body"},{"predicate":{"custom_model_data":139},"model":"modelengine:dwarf_cleric/right_leg"},{"predicate":{"custom_model_data":140},"model":"modelengine:dwarf_cleric/left_ankle"},{"predicate":{"custom_model_data":141},"model":"modelengine:dwarf_cleric/chest"},{"predicate":{"custom_model_data":142},"model":"modelengine:dwarf_cleric/back_cape"},{"predicate":{"custom_model_data":143},"model":"modelengine:dwarf_cleric/front_cape"},{"predicate":{"custom_model_data":144},"model":"modelengine:dwarf_cleric/right_ankle"},{"predicate":{"custom_model_data":145},"model":"modelengine:dwarf_cleric/head"},{"predicate":{"custom_model_data":146},"model":"modelengine:dwarf_cleric/right_arm"},{"predicate":{"custom_model_data":147},"model":"modelengine:dwarf_cleric/left_arm"},{"predicate":{"custom_model_data":148},"model":"modelengine:dwarf_cleric/right_beard"},{"predicate":{"custom_model_data":149},"model":"modelengine:dwarf_cleric/beard"},{"predicate":{"custom_model_data":150},"model":"modelengine:dwarf_cleric/left_beard"},{"predicate":{"custom_model_data":151},"model":"modelengine:dwarf_cleric/right_wrist"},{"predicate":{"custom_model_data":152},"model":"modelengine:dwarf_cleric/left_wrist"},{"predicate":{"custom_model_data":153},"model":"modelengine:dwarf_cleric/page"},{"predicate":{"custom_model_data":154},"model":"modelengine:dwarf_huntsman/left_leg"},{"predicate":{"custom_model_data":155},"model":"modelengine:dwarf_huntsman/upper_body"},{"predicate":{"custom_model_data":156},"model":"modelengine:dwarf_huntsman/right_leg"},{"predicate":{"custom_model_data":157},"model":"modelengine:dwarf_huntsman/left_ankle"},{"predicate":{"custom_model_data":158},"model":"modelengine:dwarf_huntsman/chest"},{"predicate":{"custom_model_data":159},"model":"modelengine:dwarf_huntsman/right_ankle"},{"predicate":{"custom_model_data":160},"model":"modelengine:dwarf_huntsman/head"},{"predicate":{"custom_model_data":161},"model":"modelengine:dwarf_huntsman/right_arm"},{"predicate":{"custom_model_data":162},"model":"modelengine:dwarf_huntsman/left_arm"},{"predicate":{"custom_model_data":163},"model":"modelengine:dwarf_huntsman/cape"},{"predicate":{"custom_model_data":164},"model":"modelengine:dwarf_huntsman/right_beard"},{"predicate":{"custom_model_data":165},"model":"modelengine:dwarf_huntsman/beard"},{"predicate":{"custom_model_data":166},"model":"modelengine:dwarf_huntsman/left_beard"},{"predicate":{"custom_model_data":167},"model":"modelengine:dwarf_huntsman/right_wrist"},{"predicate":{"custom_model_data":168},"model":"modelengine:dwarf_huntsman/left_wrist"},{"predicate":{"custom_model_data":169},"model":"modelengine:dwarf_huntsman/cape_end"},{"predicate":{"custom_model_data":170},"model":"modelengine:dwarf_knight/left_leg"},{"predicate":{"custom_model_data":171},"model":"modelengine:dwarf_knight/upper_body"},{"predicate":{"custom_model_data":172},"model":"modelengine:dwarf_knight/right_leg"},{"predicate":{"custom_model_data":173},"model":"modelengine:dwarf_knight/left_ankle"},{"predicate":{"custom_model_data":174},"model":"modelengine:dwarf_knight/chest"},{"predicate":{"custom_model_data":175},"model":"modelengine:dwarf_knight/right_ankle"},{"predicate":{"custom_model_data":176},"model":"modelengine:dwarf_knight/head"},{"predicate":{"custom_model_data":177},"model":"modelengine:dwarf_knight/right_arm"},{"predicate":{"custom_model_data":178},"model":"modelengine:dwarf_knight/left_arm"},{"predicate":{"custom_model_data":179},"model":"modelengine:dwarf_knight/right_beard"},{"predicate":{"custom_model_data":180},"model":"modelengine:dwarf_knight/beard"},{"predicate":{"custom_model_data":181},"model":"modelengine:dwarf_knight/left_beard"},{"predicate":{"custom_model_data":182},"model":"modelengine:dwarf_knight/right_wrist"},{"predicate":{"custom_model_data":183},"model":"modelengine:dwarf_knight/left_wrist"},{"predicate":{"custom_model_data":184},"model":"modelengine:mask_projectile_1/mask_pojectile_1"},{"predicate":{"custom_model_data":185},"model":"modelengine:maskerer/shadow_effect"},{"predicate":{"custom_model_data":186},"model":"modelengine:maskerer/left_leg"},{"predicate":{"custom_model_data":187},"model":"modelengine:maskerer/right_leg"},{"predicate":{"custom_model_data":188},"model":"modelengine:maskerer/right_cloth"},{"predicate":{"custom_model_data":189},"model":"modelengine:maskerer/left_cloth"},{"predicate":{"custom_model_data":190},"model":"modelengine:maskerer/back_cloth"},{"predicate":{"custom_model_data":191},"model":"modelengine:maskerer/body"},{"predicate":{"custom_model_data":192},"model":"modelengine:maskerer/right_leg_mask"},{"predicate":{"custom_model_data":193},"model":"modelengine:maskerer/front_mask"},{"predicate":{"custom_model_data":194},"model":"modelengine:maskerer/back_mask"},{"predicate":{"custom_model_data":195},"model":"modelengine:maskerer/back_mask_two"},{"predicate":{"custom_model_data":196},"model":"modelengine:maskerer/mask_spike"},{"predicate":{"custom_model_data":197},"model":"modelengine:maskerer/left_arm"},{"predicate":{"custom_model_data":198},"model":"modelengine:maskerer/right_arm"},{"predicate":{"custom_model_data":199},"model":"modelengine:maskerer/left_arm_part_two"},{"predicate":{"custom_model_data":200},"model":"modelengine:maskerer/left_shoulder"},{"predicate":{"custom_model_data":201},"model":"modelengine:maskerer/right_arm_part_two"},{"predicate":{"custom_model_data":202},"model":"modelengine:maskerer/head"},{"predicate":{"custom_model_data":203},"model":"modelengine:maskerer/left_shadow_arm"},{"predicate":{"custom_model_data":204},"model":"modelengine:maskerer/left_shadow_forearm"},{"predicate":{"custom_model_data":205},"model":"modelengine:maskerer/left_shadow_arm_spike"},{"predicate":{"custom_model_data":206},"model":"modelengine:maskerer/cut_effect"},{"predicate":{"custom_model_data":207},"model":"modelengine:possesed_mask/shadow_effect"},{"predicate":{"custom_model_data":208},"model":"modelengine:possesed_mask/left_leg"},{"predicate":{"custom_model_data":209},"model":"modelengine:possesed_mask/right_leg"},{"predicate":{"custom_model_data":210},"model":"modelengine:possesed_mask/left_leg_shadow"},{"predicate":{"custom_model_data":211},"model":"modelengine:possesed_mask/right_leg_shadow"},{"predicate":{"custom_model_data":212},"model":"modelengine:possesed_mask/body"},{"predicate":{"custom_model_data":213},"model":"modelengine:possesed_mask/head"},{"predicate":{"custom_model_data":214},"model":"modelengine:possesed_mask/body_shadow"},{"predicate":{"custom_model_data":215},"model":"modelengine:possesed_mask/head_shadow"},{"predicate":{"custom_model_data":216},"model":"modelengine:possesed_mask/front_shoulder_one"},{"predicate":{"custom_model_data":217},"model":"modelengine:possesed_mask/mask_spin_effect"},{"predicate":{"custom_model_data":218},"model":"modelengine:possesed_mask/left_arm"},{"predicate":{"custom_model_data":219},"model":"modelengine:possesed_mask/right_arm"},{"predicate":{"custom_model_data":220},"model":"modelengine:possesed_mask/left_forearm"},{"predicate":{"custom_model_data":221},"model":"modelengine:possesed_mask/left_arm_shadow"},{"predicate":{"custom_model_data":222},"model":"modelengine:possesed_mask/right_forearm"},{"predicate":{"custom_model_data":223},"model":"modelengine:possesed_mask/right_arm_shadow"},{"predicate":{"custom_model_data":224},"model":"modelengine:possesed_mask/left_forearm_shadow"},{"predicate":{"custom_model_data":225},"model":"modelengine:possesed_mask/right_forearm_shadow"},{"predicate":{"custom_model_data":226},"model":"modelengine:possesed_mask/right_arm_spike"},{"predicate":{"custom_model_data":227},"model":"modelengine:possesed_mask/cut_effect"},{"predicate":{"custom_model_data":228},"model":"modelengine:possesed_mask_2/right_leg_shadow"},{"predicate":{"custom_model_data":229},"model":"modelengine:possesed_mask_2/body"},{"predicate":{"custom_model_data":230},"model":"modelengine:possesed_mask_2/head"},{"predicate":{"custom_model_data":231},"model":"modelengine:possesed_mask_2/body_shadow"},{"predicate":{"custom_model_data":232},"model":"modelengine:possesed_mask_2/head_shadow"},{"predicate":{"custom_model_data":233},"model":"modelengine:possesed_mask_2/front_shoulder_one"},{"predicate":{"custom_model_data":234},"model":"modelengine:possesed_mask_2/mask_spin_effect"},{"predicate":{"custom_model_data":235},"model":"modelengine:possesed_mask_2/left_arm"},{"predicate":{"custom_model_data":236},"model":"modelengine:possesed_mask_2/right_arm"},{"predicate":{"custom_model_data":237},"model":"modelengine:possesed_mask_2/left_forearm"},{"predicate":{"custom_model_data":238},"model":"modelengine:possesed_mask_2/left_arm_shadow"},{"predicate":{"custom_model_data":239},"model":"modelengine:possesed_mask_2/right_forearm"},{"predicate":{"custom_model_data":240},"model":"modelengine:possesed_mask_2/right_arm_shadow"},{"predicate":{"custom_model_data":241},"model":"modelengine:possesed_mask_2/left_forearm_shadow"},{"predicate":{"custom_model_data":242},"model":"modelengine:possesed_mask_2/right_forearm_shadow"},{"predicate":{"custom_model_data":243},"model":"modelengine:possesed_mask_2/right_arm_spike"},{"predicate":{"custom_model_data":244},"model":"modelengine:possesed_mask_2/cut_effect"},{"predicate":{"custom_model_data":245},"model":"modelengine:possesed_mask_3/shadow_effect"},{"predicate":{"custom_model_data":246},"model":"modelengine:possesed_mask_3/left_leg"},{"predicate":{"custom_model_data":247},"model":"modelengine:possesed_mask_3/right_leg"},{"predicate":{"custom_model_data":248},"model":"modelengine:possesed_mask_3/left_leg_shadow"},{"predicate":{"custom_model_data":249},"model":"modelengine:possesed_mask_3/right_leg_shadow"},{"predicate":{"custom_model_data":250},"model":"modelengine:possesed_mask_3/body"},{"predicate":{"custom_model_data":251},"model":"modelengine:possesed_mask_3/head"},{"predicate":{"custom_model_data":252},"model":"modelengine:possesed_mask_3/body_shadow"},{"predicate":{"custom_model_data":253},"model":"modelengine:possesed_mask_3/head_shadow"},{"predicate":{"custom_model_data":254},"model":"modelengine:possesed_mask_3/front_shoulder_one"},{"predicate":{"custom_model_data":255},"model":"modelengine:possesed_mask_3/mask_spin_effect"},{"predicate":{"custom_model_data":256},"model":"modelengine:possesed_mask_3/left_arm"},{"predicate":{"custom_model_data":257},"model":"modelengine:possesed_mask_3/right_arm"},{"predicate":{"custom_model_data":258},"model":"modelengine:possesed_mask_3/left_forearm"},{"predicate":{"custom_model_data":259},"model":"modelengine:possesed_mask_3/left_arm_shadow"},{"predicate":{"custom_model_data":260},"model":"modelengine:possesed_mask_3/right_forearm"},{"predicate":{"custom_model_data":261},"model":"modelengine:possesed_mask_3/right_arm_shadow"},{"predicate":{"custom_model_data":262},"model":"modelengine:possesed_mask_3/left_forearm_shadow"},{"predicate":{"custom_model_data":263},"model":"modelengine:possesed_mask_3/right_forearm_shadow"},{"predicate":{"custom_model_data":264},"model":"modelengine:possesed_mask_3/right_arm_spike"},{"predicate":{"custom_model_data":265},"model":"modelengine:possesed_mask_3/cut_effect"},{"predicate":{"custom_model_data":266},"model":"modelengine:pursued/eyes"},{"predicate":{"custom_model_data":267},"model":"modelengine:pursued/left_leg"},{"predicate":{"custom_model_data":268},"model":"modelengine:pursued/right_leg"},{"predicate":{"custom_model_data":269},"model":"modelengine:pursued/shadow_body"},{"predicate":{"custom_model_data":270},"model":"modelengine:pursued/shadow_legs"},{"predicate":{"custom_model_data":271},"model":"modelengine:pursued/shadow_head"},{"predicate":{"custom_model_data":272},"model":"modelengine:pursued/shadow_right_arm"},{"predicate":{"custom_model_data":273},"model":"modelengine:pursued/shadow_left_arm"},{"predicate":{"custom_model_data":274},"model":"modelengine:pursued/left_eye_spark"},{"predicate":{"custom_model_data":275},"model":"modelengine:pursued/right_eye_spark"},{"predicate":{"custom_model_data":276},"model":"modelengine:pursued/body"},{"predicate":{"custom_model_data":277},"model":"modelengine:pursued/axe"},{"predicate":{"custom_model_data":278},"model":"modelengine:pursued/back_cloak_part"},{"predicate":{"custom_model_data":279},"model":"modelengine:pursued/right_cloak_part"},{"predicate":{"custom_model_data":280},"model":"modelengine:pursued/left_arm"},{"predicate":{"custom_model_data":281},"model":"modelengine:pursued/right_arm"},{"predicate":{"custom_model_data":282},"model":"modelengine:pursued/left_cloak_part"},{"predicate":{"custom_model_data":283},"model":"modelengine:pursued/left_arm_part_two"},{"predicate":{"custom_model_data":284},"model":"modelengine:pursued/right_arm_part_two"},{"predicate":{"custom_model_data":285},"model":"modelengine:pursued/head"},{"predicate":{"custom_model_data":286},"model":"modelengine:pursued/right_hood_part"},{"predicate":{"custom_model_data":287},"model":"modelengine:pursued/left_hood_part"},{"predicate":{"custom_model_data":288},"model":"modelengine:shadow_drop/shadow_drop"},{"predicate":{"custom_model_data":289},"model":"modelengine:shadow_drops_effect/shadow_drops_effect5"},{"predicate":{"custom_model_data":290},"model":"modelengine:shadow_drops_effect/shadow_drops_effect6"},{"predicate":{"custom_model_data":291},"model":"modelengine:shadow_drops_effect/shadow_drops_effect3"},{"predicate":{"custom_model_data":292},"model":"modelengine:shadow_drops_effect/shadow_drops_effect4"},{"predicate":{"custom_model_data":293},"model":"modelengine:shadow_drops_effect/shadow_drops_effect"},{"predicate":{"custom_model_data":294},"model":"modelengine:shadow_drops_effect/shadow_drops_effect2"},{"predicate":{"custom_model_data":295},"model":"modelengine:shadow_golem/left_leg"},{"predicate":{"custom_model_data":296},"model":"modelengine:shadow_golem/right_leg"},{"predicate":{"custom_model_data":297},"model":"modelengine:shadow_golem/right_shadow_arm"},{"predicate":{"custom_model_data":298},"model":"modelengine:shadow_golem/right_hand"},{"predicate":{"custom_model_data":299},"model":"modelengine:shadow_golem/left_shadow_arm"},{"predicate":{"custom_model_data":300},"model":"modelengine:shadow_golem/left_hand"},{"predicate":{"custom_model_data":301},"model":"modelengine:shadow_golem/body"},{"predicate":{"custom_model_data":302},"model":"modelengine:shadow_golem/right_shadow_forearm"},{"predicate":{"custom_model_data":303},"model":"modelengine:shadow_golem/right_fingers"},{"predicate":{"custom_model_data":304},"model":"modelengine:shadow_golem/left_shadow_forearm"},{"predicate":{"custom_model_data":305},"model":"modelengine:shadow_golem/left_fingers"},{"predicate":{"custom_model_data":306},"model":"modelengine:shadow_golem/front_part_four"},{"predicate":{"custom_model_data":307},"model":"modelengine:shadow_golem/front_part_two"},{"predicate":{"custom_model_data":308},"model":"modelengine:shadow_golem/front_part_one"},{"predicate":{"custom_model_data":309},"model":"modelengine:shadow_golem/front_part_three"},{"predicate":{"custom_model_data":310},"model":"modelengine:shadow_golem/golem_head"},{"predicate":{"custom_model_data":311},"model":"modelengine:shadow_golem/left_arm"},{"predicate":{"custom_model_data":312},"model":"modelengine:shadow_golem/right_arm"},{"predicate":{"custom_model_data":313},"model":"modelengine:shadow_golem/head"},{"predicate":{"custom_model_data":314},"model":"modelengine:shadow_golem/eye_spark"},{"predicate":{"custom_model_data":315},"model":"modelengine:shadow_golem/shadow_head"},{"predicate":{"custom_model_data":316},"model":"modelengine:shadow_golem_hands/right_hand"},{"predicate":{"custom_model_data":317},"model":"modelengine:shadow_golem_hands/left_hand"},{"predicate":{"custom_model_data":318},"model":"modelengine:shadow_golem_hands/right_fingers"},{"predicate":{"custom_model_data":319},"model":"modelengine:shadow_golem_hands/left_fingers"},{"predicate":{"custom_model_data":320},"model":"modelengine:shadow_hands/right_hand"},{"predicate":{"custom_model_data":321},"model":"modelengine:shadow_hands/left_hand"},{"predicate":{"custom_model_data":322},"model":"modelengine:shadow_hands/right_fingers"},{"predicate":{"custom_model_data":323},"model":"modelengine:shadow_hands/left_fingers"},{"predicate":{"custom_model_data":324},"model":"modelengine:shadow_sorcerer/spawn"},{"predicate":{"custom_model_data":325},"model":"modelengine:shadow_sorcerer/magic_ring_part_two"},{"predicate":{"custom_model_data":326},"model":"modelengine:shadow_sorcerer/magic_ring_part_one"},{"predicate":{"custom_model_data":327},"model":"modelengine:shadow_sorcerer/beam_size"},{"predicate":{"custom_model_data":328},"model":"modelengine:shadow_sorcerer/core"},{"predicate":{"custom_model_data":329},"model":"modelengine:shadow_sorcerer/spin_effect"},{"predicate":{"custom_model_data":330},"model":"modelengine:shadow_sorcerer/body"},{"predicate":{"custom_model_data":331},"model":"modelengine:shadow_sorcerer/eye"},{"predicate":{"custom_model_data":332},"model":"modelengine:shadow_sorcerer/mouth_part_one"},{"predicate":{"custom_model_data":333},"model":"modelengine:shadow_sorcerer/mouth_part_two"},{"predicate":{"custom_model_data":334},"model":"modelengine:shadow_sorcerer/back_cape_part"},{"predicate":{"custom_model_data":335},"model":"modelengine:shadow_sorcerer/pendant"},{"predicate":{"custom_model_data":336},"model":"modelengine:shadow_sorcerer/front_cape"},{"predicate":{"custom_model_data":337},"model":"modelengine:shadow_sorcerer/back_cape_part_two"},{"predicate":{"custom_model_data":338},"model":"modelengine:shadow_sorcerer/back_shoulder_one"},{"predicate":{"custom_model_data":339},"model":"modelengine:shadow_sorcerer/back_shoulder_two"},{"predicate":{"custom_model_data":340},"model":"modelengine:shadow_sorcerer/right_cape_part"},{"predicate":{"custom_model_data":341},"model":"modelengine:shadow_sorcerer/left_cape_part"},{"predicate":{"custom_model_data":342},"model":"modelengine:shadow_sorcerer/left_cape_part_three"},{"predicate":{"custom_model_data":343},"model":"modelengine:shadow_sorcerer/head"},{"predicate":{"custom_model_data":344},"model":"modelengine:shadow_sorcerer/left_shoulder_two"},{"predicate":{"custom_model_data":345},"model":"modelengine:shadow_sorcerer/left_cape_part_two"},{"predicate":{"custom_model_data":346},"model":"modelengine:shadow_sorcerer/left_shoulder_one"},{"predicate":{"custom_model_data":347},"model":"modelengine:shadow_sorcerer/right_arm_part_one"},{"predicate":{"custom_model_data":348},"model":"modelengine:shadow_sorcerer/eye_spark"},{"predicate":{"custom_model_data":349},"model":"modelengine:shadow_sorcerer/right_hood_part"},{"predicate":{"custom_model_data":350},"model":"modelengine:shadow_sorcerer/left_hood_part"},{"predicate":{"custom_model_data":351},"model":"modelengine:shadow_sorcerer/left_arm_part_one"},{"predicate":{"custom_model_data":352},"model":"modelengine:shadow_sorcerer/right_magic_ring"},{"predicate":{"custom_model_data":353},"model":"modelengine:shadow_sorcerer/right_arm_part_two"},{"predicate":{"custom_model_data":354},"model":"modelengine:shadow_sorcerer/left_arm_part_two"},{"predicate":{"custom_model_data":355},"model":"modelengine:shadow_sorcerer/left_magic_ring"},{"predicate":{"custom_model_data":356},"model":"modelengine:shadow_sorcerer_block/magic_ring_part_two"},{"predicate":{"custom_model_data":357},"model":"modelengine:shadow_sorcerer_block/magic_ring_part_one"},{"predicate":{"custom_model_data":358},"model":"modelengine:shadow_sorcerer_core/eye_spark"},{"predicate":{"custom_model_data":359},"model":"modelengine:shadow_sorcerer_core/magic_ring_part_two"},{"predicate":{"custom_model_data":360},"model":"modelengine:shadow_sorcerer_core/magic_ring_part_one"},{"predicate":{"custom_model_data":361},"model":"modelengine:hologram_swordman/eyes"},{"predicate":{"custom_model_data":362},"model":"modelengine:light_fireball/light_fireball"},{"predicate":{"custom_model_data":363},"model":"modelengine:light_fireball/light_fireball_part_2"},{"predicate":{"custom_model_data":364},"model":"modelengine:light_herald_spear/spear"},{"predicate":{"custom_model_data":365},"model":"modelengine:light_herald_spear2/spear"},{"predicate":{"custom_model_data":366},"model":"modelengine:light_projectile/light_fireball"},{"predicate":{"custom_model_data":367},"model":"modelengine:light_projectile/light_fireball_part_2"},{"predicate":{"custom_model_data":368},"model":"modelengine:light_warrior/wing3"},{"predicate":{"custom_model_data":369},"model":"modelengine:light_warrior/wing4"},{"predicate":{"custom_model_data":370},"model":"modelengine:light_warrior/wing2"},{"predicate":{"custom_model_data":371},"model":"modelengine:light_warrior/core_part"},{"predicate":{"custom_model_data":372},"model":"modelengine:light_warrior/wing"},{"predicate":{"custom_model_data":373},"model":"modelengine:light_warrior/light_warrior"},{"predicate":{"custom_model_data":374},"model":"modelengine:light_warrior/cloth"},{"predicate":{"custom_model_data":375},"model":"modelengine:light_warrior/right_hand"},{"predicate":{"custom_model_data":376},"model":"modelengine:light_warrior/head"},{"predicate":{"custom_model_data":377},"model":"modelengine:light_warrior/left_hand"},{"predicate":{"custom_model_data":378},"model":"modelengine:light_warrior/spear"},{"predicate":{"custom_model_data":379},"model":"modelengine:light_warrior/shield"},{"predicate":{"custom_model_data":380},"model":"modelengine:mirror_shard/mirror_shard"},{"predicate":{"custom_model_data":381},"model":"modelengine:mirrorer/mirror_particle"},{"predicate":{"custom_model_data":382},"model":"modelengine:mirrorer/mirror"},{"predicate":{"custom_model_data":383},"model":"modelengine:shadow_sorcerer_core/shadow_base"},{"predicate":{"custom_model_data":384},"model":"modelengine:shadow_sorcerer_core/cut_effect_three"},{"predicate":{"custom_model_data":385},"model":"modelengine:shadow_sorcerer_core/cut_effect_two"},{"predicate":{"custom_model_data":386},"model":"modelengine:shadow_sorcerer_core/right_hand"},{"predicate":{"custom_model_data":387},"model":"modelengine:shadow_sorcerer_core/left_hand"},{"predicate":{"custom_model_data":388},"model":"modelengine:shadow_sorcerer_core/cut_effect_one"},{"predicate":{"custom_model_data":389},"model":"modelengine:shadow_sorcerer_core/cut_circle"},{"predicate":{"custom_model_data":390},"model":"modelengine:shadow_sorcerer_core/left_leg_shadow_player"},{"predicate":{"custom_model_data":391},"model":"modelengine:shadow_sorcerer_core/body"},{"predicate":{"custom_model_data":392},"model":"modelengine:shadow_sorcerer_core/right_leg_shadow_player"},{"predicate":{"custom_model_data":393},"model":"modelengine:shadow_sorcerer_core/spin_effect"},{"predicate":{"custom_model_data":394},"model":"modelengine:shadow_sorcerer_core/shadow_beast_left_leg"},{"predicate":{"custom_model_data":395},"model":"modelengine:shadow_sorcerer_core/shadow_beast_effect"},{"predicate":{"custom_model_data":396},"model":"modelengine:shadow_sorcerer_core/shadow_beast_right_leg"},{"predicate":{"custom_model_data":397},"model":"modelengine:shadow_sorcerer_core/shadow_beast_body"},{"predicate":{"custom_model_data":398},"model":"modelengine:shadow_sorcerer_core/shadow_sword3"},{"predicate":{"custom_model_data":399},"model":"modelengine:shadow_sorcerer_core/shadow_sword2"},{"predicate":{"custom_model_data":400},"model":"modelengine:shadow_sorcerer_core/shadow_sword4"},{"predicate":{"custom_model_data":401},"model":"modelengine:shadow_sorcerer_core/shadow_sword1"},{"predicate":{"custom_model_data":402},"model":"modelengine:shadow_sorcerer_core/beam_size"},{"predicate":{"custom_model_data":403},"model":"modelengine:shadow_sorcerer_core/right_fingers"},{"predicate":{"custom_model_data":404},"model":"modelengine:shadow_sorcerer_core/shadow_1"},{"predicate":{"custom_model_data":405},"model":"modelengine:shadow_sorcerer_core/shadow_2"},{"predicate":{"custom_model_data":406},"model":"modelengine:shadow_sorcerer_core/shadow_3"},{"predicate":{"custom_model_data":407},"model":"modelengine:shadow_sorcerer_core/shadow_4"},{"predicate":{"custom_model_data":408},"model":"modelengine:shadow_sorcerer_core/left_fingers"},{"predicate":{"custom_model_data":409},"model":"modelengine:shadow_sorcerer_core/cut_circle2"},{"predicate":{"custom_model_data":410},"model":"modelengine:shadow_sorcerer_core/left_arm_shadow_player"},{"predicate":{"custom_model_data":411},"model":"modelengine:shadow_sorcerer_core/head_shadow_player"},{"predicate":{"custom_model_data":412},"model":"modelengine:shadow_sorcerer_core/right_arm_shadow_player"},{"predicate":{"custom_model_data":413},"model":"modelengine:shadow_sorcerer_core/shadow_sorcerer_body"},{"predicate":{"custom_model_data":414},"model":"modelengine:shadow_sorcerer_core/shadow_beast_left_arm"},{"predicate":{"custom_model_data":415},"model":"modelengine:shadow_sorcerer_core/shadow_beast_right_arm"},{"predicate":{"custom_model_data":416},"model":"modelengine:shadow_sorcerer_core/shadow_beast_head"},{"predicate":{"custom_model_data":417},"model":"modelengine:shadow_sorcerer_core/cut_circle3"},{"predicate":{"custom_model_data":418},"model":"modelengine:shadow_sorcerer_core/eye_shadow_player"},{"predicate":{"custom_model_data":419},"model":"modelengine:shadow_sorcerer_core/sword_shadow_player"},{"predicate":{"custom_model_data":420},"model":"modelengine:shadow_sorcerer_core/shadow_core_effect"},{"predicate":{"custom_model_data":421},"model":"modelengine:shadow_sorcerer_core/shadow_beast_left_claws"},{"predicate":{"custom_model_data":422},"model":"modelengine:shadow_sorcerer_core/shadow_beast_right_claws"},{"predicate":{"custom_model_data":423},"model":"modelengine:shadow_sorcerer_core/shadow_beast_jaw"},{"predicate":{"custom_model_data":424},"model":"modelengine:shadow_sorcerer_core/cut_circle4"},{"predicate":{"custom_model_data":425},"model":"modelengine:shadow_sorcerer_core/eye_spark_shadow_player"},{"predicate":{"custom_model_data":426},"model":"modelengine:shadow_sorcerer_core/sword_hit_effect"},{"predicate":{"custom_model_data":427},"model":"modelengine:shadow_sorcerer_core/mouth_part_one"},{"predicate":{"custom_model_data":428},"model":"modelengine:shadow_sorcerer_core/mouth_part_two"},{"predicate":{"custom_model_data":429},"model":"modelengine:shadow_sorcerer_core/head"},{"predicate":{"custom_model_data":430},"model":"modelengine:shadow_sorcerer_phase_2/core"},{"predicate":{"custom_model_data":431},"model":"modelengine:shadow_sorcerer_phase_2/magic_ring_part_two"},{"predicate":{"custom_model_data":432},"model":"modelengine:shadow_sorcerer_phase_2/magic_ring_part_one"},{"predicate":{"custom_model_data":433},"model":"modelengine:shadow_sorcerer_phase_2/mouth_part_one"},{"predicate":{"custom_model_data":434},"model":"modelengine:shadow_sorcerer_phase_2/mouth_part_two"},{"predicate":{"custom_model_data":435},"model":"modelengine:shadow_sorcerer_phase_2/spin_effect"},{"predicate":{"custom_model_data":436},"model":"modelengine:shadow_sorcerer_phase_2/body"},{"predicate":{"custom_model_data":437},"model":"modelengine:shadow_sorcerer_phase_2/shadow_base"},{"predicate":{"custom_model_data":438},"model":"modelengine:shadow_sorcerer_phase_2/right_hand"},{"predicate":{"custom_model_data":439},"model":"modelengine:shadow_sorcerer_phase_2/left_hand"},{"predicate":{"custom_model_data":440},"model":"modelengine:shadow_sorcerer_phase_2/eye"},{"predicate":{"custom_model_data":441},"model":"modelengine:shadow_sorcerer_phase_2/head"},{"predicate":{"custom_model_data":442},"model":"modelengine:shadow_sorcerer_phase_2/back_cape_part"},{"predicate":{"custom_model_data":443},"model":"modelengine:shadow_sorcerer_phase_2/pendant"},{"predicate":{"custom_model_data":444},"model":"modelengine:shadow_sorcerer_phase_2/front_cape"},{"predicate":{"custom_model_data":445},"model":"modelengine:shadow_sorcerer_phase_2/shadow_sword3"},{"predicate":{"custom_model_data":446},"model":"modelengine:shadow_sorcerer_phase_2/shadow_sword2"},{"predicate":{"custom_model_data":447},"model":"modelengine:shadow_sorcerer_phase_2/shadow_sword4"},{"predicate":{"custom_model_data":448},"model":"modelengine:shadow_sorcerer_phase_2/shadow_sword1"},{"predicate":{"custom_model_data":449},"model":"modelengine:shadow_sorcerer_phase_2/beam_size"},{"predicate":{"custom_model_data":450},"model":"modelengine:shadow_sorcerer_phase_2/right_fingers"},{"predicate":{"custom_model_data":451},"model":"modelengine:shadow_sorcerer_phase_2/shadow_1"},{"predicate":{"custom_model_data":452},"model":"modelengine:shadow_sorcerer_phase_2/shadow_2"},{"predicate":{"custom_model_data":453},"model":"modelengine:shadow_sorcerer_phase_2/shadow_3"},{"predicate":{"custom_model_data":454},"model":"modelengine:shadow_sorcerer_phase_2/shadow_4"},{"predicate":{"custom_model_data":455},"model":"modelengine:shadow_sorcerer_phase_2/left_fingers"},{"predicate":{"custom_model_data":456},"model":"modelengine:shadow_sorcerer_phase_2/right_hood_part"},{"predicate":{"custom_model_data":457},"model":"modelengine:shadow_sorcerer_phase_2/left_hood_part"},{"predicate":{"custom_model_data":458},"model":"modelengine:shadow_sorcerer_phase_2/back_cape_part_two"},{"predicate":{"custom_model_data":459},"model":"modelengine:shadow_sorcerer_phase_2/back_shoulder_one"},{"predicate":{"custom_model_data":460},"model":"modelengine:shadow_sorcerer_phase_2/back_shoulder_two"},{"predicate":{"custom_model_data":461},"model":"modelengine:shadow_sorcerer_phase_2/right_cape_part"},{"predicate":{"custom_model_data":462},"model":"modelengine:shadow_sorcerer_phase_2/left_cape_part"},{"predicate":{"custom_model_data":463},"model":"modelengine:shadow_sorcerer_phase_2/left_cape_part_three"},{"predicate":{"custom_model_data":464},"model":"modelengine:shadow_sorcerer_phase_2/left_shoulder_two"},{"predicate":{"custom_model_data":465},"model":"modelengine:shadow_sorcerer_phase_2/left_cape_part_two"},{"predicate":{"custom_model_data":466},"model":"modelengine:shadow_sorcerer_phase_2/left_shoulder_one"},{"predicate":{"custom_model_data":467},"model":"modelengine:shadow_sorcerer_phase_2/right_arm_part_one"},{"predicate":{"custom_model_data":468},"model":"modelengine:shadow_sorcerer_phase_2/left_arm_part_one"},{"predicate":{"custom_model_data":469},"model":"modelengine:shadow_sorcerer_phase_2/right_magic_ring"},{"predicate":{"custom_model_data":470},"model":"modelengine:shadow_sorcerer_phase_2/right_arm_part_two"},{"predicate":{"custom_model_data":471},"model":"modelengine:shadow_sorcerer_phase_2/left_arm_part_two"},{"predicate":{"custom_model_data":472},"model":"modelengine:shadow_sorcerer_phase_2/left_magic_ring"},{"predicate":{"custom_model_data":473},"model":"modelengine:shadow_sorcerer_phase_2/sword_effect"},{"predicate":{"custom_model_data":474},"model":"modelengine:shadow_sorcerer_phase_2/right_shadow_sword"},{"predicate":{"custom_model_data":475},"model":"modelengine:shadow_sorcerer_portal_laser/beam"},{"predicate":{"custom_model_data":476},"model":"modelengine:shadow_sorcerer_portal_laser/magic_ring_part_two"},{"predicate":{"custom_model_data":477},"model":"modelengine:shadow_sorcerer_portal_laser/magic_ring_part_one"},{"predicate":{"custom_model_data":478},"model":"modelengine:shadow_sorcerer_projectile/shadow_sorcerer_projectile"},{"predicate":{"custom_model_data":479},"model":"modelengine:shadow_sorcerer_projectile/spinning_ring_two"},{"predicate":{"custom_model_data":480},"model":"modelengine:shadow_sorcerer_projectile/spinning_ring"},{"predicate":{"custom_model_data":481},"model":"modelengine:shadow_swordman/left_leg"},{"predicate":{"custom_model_data":482},"model":"modelengine:shadow_swordman/right_leg"},{"predicate":{"custom_model_data":483},"model":"modelengine:shadow_swordman/body"},{"predicate":{"custom_model_data":484},"model":"modelengine:shadow_swordman/right_arm"},{"predicate":{"custom_model_data":485},"model":"modelengine:shadow_swordman/sword_shadow_player"},{"predicate":{"custom_model_data":486},"model":"modelengine:shadow_swordman/left_arm"},{"predicate":{"custom_model_data":487},"model":"modelengine:shadow_swordman/head"},{"predicate":{"custom_model_data":488},"model":"modelengine:shadow_swordman/sword_hit_effect"},{"predicate":{"custom_model_data":489},"model":"modelengine:beacon_golem/right_hand_effect"},{"predicate":{"custom_model_data":490},"model":"modelengine:beacon_golem/right_hand_effect2"},{"predicate":{"custom_model_data":491},"model":"modelengine:beacon_golem/left_hand_effect"},{"predicate":{"custom_model_data":492},"model":"modelengine:beacon_golem/left_hand_effect2"},{"predicate":{"custom_model_data":493},"model":"modelengine:beacon_golem/body"},{"predicate":{"custom_model_data":494},"model":"modelengine:beacon_golem/core"},{"predicate":{"custom_model_data":495},"model":"modelengine:beacon_golem/right_body_half"},{"predicate":{"custom_model_data":496},"model":"modelengine:beacon_golem/right_cloth"},{"predicate":{"custom_model_data":497},"model":"modelengine:beacon_golem/left_cloth"},{"predicate":{"custom_model_data":498},"model":"modelengine:beacon_golem/body_beam"},{"predicate":{"custom_model_data":499},"model":"modelengine:beacon_golem/fornt_cloth"},{"predicate":{"custom_model_data":500},"model":"modelengine:beacon_golem/left_body_half"},{"predicate":{"custom_model_data":501},"model":"modelengine:beacon_golem/back_cloth"},{"predicate":{"custom_model_data":502},"model":"modelengine:beacon_golem/ring"},{"predicate":{"custom_model_data":503},"model":"modelengine:beacon_golem/ring2"},{"predicate":{"custom_model_data":504},"model":"modelengine:beacon_golem/wing3"},{"predicate":{"custom_model_data":505},"model":"modelengine:beacon_golem/wing4"},{"predicate":{"custom_model_data":506},"model":"modelengine:beacon_golem/wing2"},{"predicate":{"custom_model_data":507},"model":"modelengine:beacon_golem/wing"},{"predicate":{"custom_model_data":508},"model":"modelengine:beacon_golem/head"},{"predicate":{"custom_model_data":509},"model":"modelengine:beacon_golem/right_shoulder"},{"predicate":{"custom_model_data":510},"model":"modelengine:beacon_golem/left_shoulder"},{"predicate":{"custom_model_data":511},"model":"modelengine:beacon_golem/right_hand"},{"predicate":{"custom_model_data":512},"model":"modelengine:beacon_golem/left_hand"},{"predicate":{"custom_model_data":513},"model":"modelengine:beacon_golem/right_hand_beam"},{"predicate":{"custom_model_data":514},"model":"modelengine:beacon_golem/left_hand_beam"},{"predicate":{"custom_model_data":515},"model":"modelengine:herald_of_light_core/right_feather4"},{"predicate":{"custom_model_data":516},"model":"modelengine:herald_of_light_core/right_feather"},{"predicate":{"custom_model_data":517},"model":"modelengine:herald_of_light_core/right_feather2"},{"predicate":{"custom_model_data":518},"model":"modelengine:herald_of_light_core/ring"},{"predicate":{"custom_model_data":519},"model":"modelengine:herald_of_light_core/right_feather3"},{"predicate":{"custom_model_data":520},"model":"modelengine:herald_of_light_core/left_feather4"},{"predicate":{"custom_model_data":521},"model":"modelengine:herald_of_light_core/left_feather3"},{"predicate":{"custom_model_data":522},"model":"modelengine:herald_of_light_core/left_feather"},{"predicate":{"custom_model_data":523},"model":"modelengine:herald_of_light_core/left_feather2"},{"predicate":{"custom_model_data":524},"model":"modelengine:herald_of_light_core/reflect_mirror"},{"predicate":{"custom_model_data":525},"model":"modelengine:herald_of_light_core/mirror"},{"predicate":{"custom_model_data":526},"model":"modelengine:herald_of_light_core/mirror2"},{"predicate":{"custom_model_data":527},"model":"modelengine:herald_of_light_core/mirror3"},{"predicate":{"custom_model_data":528},"model":"modelengine:herald_of_light_core/mirror4"},{"predicate":{"custom_model_data":529},"model":"modelengine:herald_of_light_core/left_wing_1"},{"predicate":{"custom_model_data":530},"model":"modelengine:herald_of_light_core/left_wing_2"},{"predicate":{"custom_model_data":531},"model":"modelengine:herald_of_light_core/ring2"},{"predicate":{"custom_model_data":532},"model":"modelengine:herald_of_light_core/right_wing_2"},{"predicate":{"custom_model_data":533},"model":"modelengine:herald_of_light_core/right_wing_1"},{"predicate":{"custom_model_data":534},"model":"modelengine:herald_of_light_core/left_wing_part_two_1"},{"predicate":{"custom_model_data":535},"model":"modelengine:herald_of_light_core/left_wing_part_two_2"},{"predicate":{"custom_model_data":536},"model":"modelengine:herald_of_light_core/core_rotation"},{"predicate":{"custom_model_data":537},"model":"modelengine:herald_of_light_core/right_wing_part_two_2"},{"predicate":{"custom_model_data":538},"model":"modelengine:herald_of_light_core/right_wing_part_two_1"},{"predicate":{"custom_model_data":539},"model":"modelengine:herald_of_light_core/beam_rotation"},{"predicate":{"custom_model_data":540},"model":"modelengine:herald_of_light_core/beam_rotation2"},{"predicate":{"custom_model_data":541},"model":"modelengine:herald_of_light_core/beam3_rotation"},{"predicate":{"custom_model_data":542},"model":"modelengine:herald_of_light_core/beam4_rotation"},{"predicate":{"custom_model_data":543},"model":"modelengine:herald_of_light_core/core_beam_rotation"},{"predicate":{"custom_model_data":544},"model":"modelengine:herald_of_light_phase_1/reflect_mirror"},{"predicate":{"custom_model_data":545},"model":"modelengine:herald_of_light_phase_1/left_hand"},{"predicate":{"custom_model_data":546},"model":"modelengine:herald_of_light_phase_1/left_cloth"},{"predicate":{"custom_model_data":547},"model":"modelengine:herald_of_light_phase_1/hood"},{"predicate":{"custom_model_data":548},"model":"modelengine:herald_of_light_phase_1/back_cape_part_1"},{"predicate":{"custom_model_data":549},"model":"modelengine:herald_of_light_phase_1/body_size"},{"predicate":{"custom_model_data":550},"model":"modelengine:herald_of_light_phase_1/front_cloth"},{"predicate":{"custom_model_data":551},"model":"modelengine:herald_of_light_phase_1/right_hand"},{"predicate":{"custom_model_data":552},"model":"modelengine:herald_of_light_phase_1/right_cloth"},{"predicate":{"custom_model_data":553},"model":"modelengine:herald_of_light_phase_1/back_cloth"},{"predicate":{"custom_model_data":554},"model":"modelengine:herald_of_light_phase_1/mirror"},{"predicate":{"custom_model_data":555},"model":"modelengine:herald_of_light_phase_1/mirror2"},{"predicate":{"custom_model_data":556},"model":"modelengine:herald_of_light_phase_1/right_arm_cape_part_1"},{"predicate":{"custom_model_data":557},"model":"modelengine:herald_of_light_phase_1/left_hand_beam"},{"predicate":{"custom_model_data":558},"model":"modelengine:herald_of_light_phase_1/left_sword"},{"predicate":{"custom_model_data":559},"model":"modelengine:herald_of_light_phase_1/head"},{"predicate":{"custom_model_data":560},"model":"modelengine:herald_of_light_phase_1/chain"},{"predicate":{"custom_model_data":561},"model":"modelengine:herald_of_light_phase_1/back_cape_part_2"},{"predicate":{"custom_model_data":562},"model":"modelengine:herald_of_light_phase_1/left_arm_cape_part_1"},{"predicate":{"custom_model_data":563},"model":"modelengine:herald_of_light_phase_1/right_hand_beam"},{"predicate":{"custom_model_data":564},"model":"modelengine:herald_of_light_phase_1/right_sword"},{"predicate":{"custom_model_data":565},"model":"modelengine:herald_of_light_phase_1/right_arm_cape_part_2"},{"predicate":{"custom_model_data":566},"model":"modelengine:herald_of_light_phase_1/left_cut_effect"},{"predicate":{"custom_model_data":567},"model":"modelengine:herald_of_light_phase_1/left_arm_cape_part_2"},{"predicate":{"custom_model_data":568},"model":"modelengine:herald_of_light_phase_1/right_cut_effect"},{"predicate":{"custom_model_data":569},"model":"modelengine:herald_of_light_phase_1/right_cape_arm"},{"predicate":{"custom_model_data":570},"model":"modelengine:herald_of_light_phase_1/left_cape_arm"},{"predicate":{"custom_model_data":571},"model":"modelengine:herald_of_light_phase_1/right_shoulder"},{"predicate":{"custom_model_data":572},"model":"modelengine:herald_of_light_phase_1/left_shoulder"},{"predicate":{"custom_model_data":573},"model":"modelengine:herald_of_light_phase_2/light_knight_phase_1"},{"predicate":{"custom_model_data":574},"model":"modelengine:herald_of_light_phase_2/reflect_mirror"},{"predicate":{"custom_model_data":575},"model":"modelengine:herald_of_light_phase_2/front_cloth"},{"predicate":{"custom_model_data":576},"model":"modelengine:herald_of_light_phase_2/right_wing_1"},{"predicate":{"custom_model_data":577},"model":"modelengine:herald_of_light_phase_2/right_wing_2"},{"predicate":{"custom_model_data":578},"model":"modelengine:herald_of_light_phase_2/left_wing_1"},{"predicate":{"custom_model_data":579},"model":"modelengine:herald_of_light_phase_2/right_cloth"},{"predicate":{"custom_model_data":580},"model":"modelengine:herald_of_light_phase_2/left_cloth"},{"predicate":{"custom_model_data":581},"model":"modelengine:herald_of_light_phase_2/left_wing_2"},{"predicate":{"custom_model_data":582},"model":"modelengine:herald_of_light_phase_2/back_cloth"},{"predicate":{"custom_model_data":583},"model":"modelengine:herald_of_light_phase_2/mirror"},{"predicate":{"custom_model_data":584},"model":"modelengine:herald_of_light_phase_2/mirror2"},{"predicate":{"custom_model_data":585},"model":"modelengine:herald_of_light_phase_2/core"},{"predicate":{"custom_model_data":586},"model":"modelengine:herald_of_light_phase_2/left_chest_part"},{"predicate":{"custom_model_data":587},"model":"modelengine:herald_of_light_phase_2/right_hand"},{"predicate":{"custom_model_data":588},"model":"modelengine:herald_of_light_phase_2/left_hand"},{"predicate":{"custom_model_data":589},"model":"modelengine:herald_of_light_phase_2/right_chest_part"},{"predicate":{"custom_model_data":590},"model":"modelengine:herald_of_light_phase_2/mirror_beam_spin_effect2"},{"predicate":{"custom_model_data":591},"model":"modelengine:herald_of_light_phase_2/mirror_beam_spin_effect"},{"predicate":{"custom_model_data":592},"model":"modelengine:herald_of_light_phase_2/spear"},{"predicate":{"custom_model_data":593},"model":"modelengine:herald_of_light_phase_2/right_hand_beam"},{"predicate":{"custom_model_data":594},"model":"modelengine:herald_of_light_phase_2/right_spear_effect"},{"predicate":{"custom_model_data":595},"model":"modelengine:herald_of_light_phase_2/right_sword"},{"predicate":{"custom_model_data":596},"model":"modelengine:herald_of_light_phase_2/shield"},{"predicate":{"custom_model_data":597},"model":"modelengine:herald_of_light_phase_2/left_hand_beam"},{"predicate":{"custom_model_data":598},"model":"modelengine:herald_of_light_phase_2/left_sword"},{"predicate":{"custom_model_data":599},"model":"modelengine:herald_of_light_phase_2/head"},{"predicate":{"custom_model_data":600},"model":"modelengine:herald_of_light_phase_2/beam_spin_effect"},{"predicate":{"custom_model_data":601},"model":"modelengine:herald_of_light_phase_2/beam_spin_effect2"},{"predicate":{"custom_model_data":602},"model":"modelengine:herald_of_light_phase_2/left_shoulder"},{"predicate":{"custom_model_data":603},"model":"modelengine:herald_of_light_phase_2/right_cut_effect"},{"predicate":{"custom_model_data":604},"model":"modelengine:herald_of_light_phase_2/left_cut_effect"},{"predicate":{"custom_model_data":605},"model":"modelengine:herald_of_light_phase_2/feather_crest"},{"predicate":{"custom_model_data":606},"model":"modelengine:herald_of_light_phase_2/right_shoulder"},{"predicate":{"custom_model_data":607},"model":"modelengine:hologram_blaze/rods"},{"predicate":{"custom_model_data":608},"model":"modelengine:hologram_blaze/rods2"},{"predicate":{"custom_model_data":609},"model":"modelengine:hologram_blaze/head"},{"predicate":{"custom_model_data":610},"model":"modelengine:hologram_blaze/rods3"},{"predicate":{"custom_model_data":611},"model":"modelengine:hologram_blaze/eyes"},{"predicate":{"custom_model_data":612},"model":"modelengine:hologram_golem/left_leg"},{"predicate":{"custom_model_data":613},"model":"modelengine:hologram_golem/right_leg"},{"predicate":{"custom_model_data":614},"model":"modelengine:hologram_golem/body"},{"predicate":{"custom_model_data":615},"model":"modelengine:hologram_golem/left_arm"},{"predicate":{"custom_model_data":616},"model":"modelengine:hologram_golem/right_arm"},{"predicate":{"custom_model_data":617},"model":"modelengine:hologram_golem/head"},{"predicate":{"custom_model_data":618},"model":"modelengine:hologram_golem/eyes"},{"predicate":{"custom_model_data":619},"model":"modelengine:hologram_spawner/feather"},{"predicate":{"custom_model_data":620},"model":"modelengine:hologram_spawner/feather2"},{"predicate":{"custom_model_data":621},"model":"modelengine:hologram_spawner/feather3"},{"predicate":{"custom_model_data":622},"model":"modelengine:hologram_spawner/feather4"},{"predicate":{"custom_model_data":623},"model":"modelengine:hologram_spawner/summoning_ray2"},{"predicate":{"custom_model_data":624},"model":"modelengine:hologram_spawner/summoning_ray3"},{"predicate":{"custom_model_data":625},"model":"modelengine:hologram_spawner/ring"},{"predicate":{"custom_model_data":626},"model":"modelengine:hologram_spawner/summoning_ray4"},{"predicate":{"custom_model_data":627},"model":"modelengine:hologram_spawner/summoning_ray5"},{"predicate":{"custom_model_data":628},"model":"modelengine:hologram_spawner/bars"},{"predicate":{"custom_model_data":629},"model":"modelengine:hologram_spawner/ring2"},{"predicate":{"custom_model_data":630},"model":"modelengine:hologram_spawner/summoning_ray"},{"predicate":{"custom_model_data":631},"model":"modelengine:hologram_spawner/wing3"},{"predicate":{"custom_model_data":632},"model":"modelengine:hologram_spawner/wing4"},{"predicate":{"custom_model_data":633},"model":"modelengine:hologram_spawner/wing2"},{"predicate":{"custom_model_data":634},"model":"modelengine:hologram_spawner/wing"},{"predicate":{"custom_model_data":635},"model":"modelengine:hologram_spawner/mirrors"},{"predicate":{"custom_model_data":636},"model":"modelengine:hologram_spawner/head_core"},{"predicate":{"custom_model_data":637},"model":"modelengine:hologram_spawner/right_head_part"},{"predicate":{"custom_model_data":638},"model":"modelengine:hologram_spawner/left_head_part"},{"predicate":{"custom_model_data":639},"model":"modelengine:hologram_spawner/mirrors_4"},{"predicate":{"custom_model_data":640},"model":"modelengine:hologram_spawner/mirrors_3"},{"predicate":{"custom_model_data":641},"model":"modelengine:hologram_spawner/mirrors_2"},{"predicate":{"custom_model_data":642},"model":"modelengine:hologram_spawner/mirrors_1"},{"predicate":{"custom_model_data":643},"model":"modelengine:hologram_swordman/left_leg"},{"predicate":{"custom_model_data":644},"model":"modelengine:hologram_swordman/right_leg"},{"predicate":{"custom_model_data":645},"model":"modelengine:hologram_swordman/body"},{"predicate":{"custom_model_data":646},"model":"modelengine:hologram_swordman/left_arm"},{"predicate":{"custom_model_data":647},"model":"modelengine:hologram_swordman/right_arm"},{"predicate":{"custom_model_data":648},"model":"modelengine:hologram_swordman/head"},{"predicate":{"custom_model_data":649},"model":"modelengine:hologram_swordman/sword"},{"predicate":{"custom_model_data":650},"model":"modelengine:hologram_swordman/cut_effect"},{"predicate":{"custom_model_data":651},"model":"modelengine:mirrorer/mirror_particle5"},{"predicate":{"custom_model_data":652},"model":"modelengine:mirrorer/mirror_particle4"},{"predicate":{"custom_model_data":653},"model":"modelengine:mirrorer/mirror_particle3"},{"predicate":{"custom_model_data":654},"model":"modelengine:mirrorer/mirror_particle2"},{"predicate":{"custom_model_data":655},"model":"modelengine:mirrorer/mirrorer_reflection"},{"predicate":{"custom_model_data":656},"model":"modelengine:mirrorer/left_leg"},{"predicate":{"custom_model_data":657},"model":"modelengine:mirrorer/right_leg"},{"predicate":{"custom_model_data":658},"model":"modelengine:mirrorer/body"},{"predicate":{"custom_model_data":659},"model":"modelengine:mirrorer/back_cloak_part"},{"predicate":{"custom_model_data":660},"model":"modelengine:mirrorer/right_cloak_part"},{"predicate":{"custom_model_data":661},"model":"modelengine:mirrorer/left_arm"},{"predicate":{"custom_model_data":662},"model":"modelengine:mirrorer/right_arm"},{"predicate":{"custom_model_data":663},"model":"modelengine:mirrorer/head"},{"predicate":{"custom_model_data":664},"model":"modelengine:mirrorer/left_cloak_part"},{"predicate":{"custom_model_data":665},"model":"modelengine:mirrorer/left_arm_part_two"},{"predicate":{"custom_model_data":666},"model":"modelengine:mirrorer/right_arm_part_two"},{"predicate":{"custom_model_data":667},"model":"modelengine:mirrorer/eyes_effects"},{"predicate":{"custom_model_data":668},"model":"modelengine:mirrorer/sword"},{"predicate":{"custom_model_data":669},"model":"modelengine:mirrorer/eye_spark"},{"predicate":{"custom_model_data":670},"model":"modelengine:mirrorer/eye_spark2"},{"predicate":{"custom_model_data":671},"model":"modelengine:mirrorer/cut_effect"},{"predicate":{"custom_model_data":672},"model":"modelengine:mirrorer_copy/mirror_particle"},{"predicate":{"custom_model_data":673},"model":"modelengine:mirrorer_copy/mirror"},{"predicate":{"custom_model_data":674},"model":"modelengine:mirrorer_copy/mirror_particle5"},{"predicate":{"custom_model_data":675},"model":"modelengine:mirrorer_copy/mirror_particle4"},{"predicate":{"custom_model_data":676},"model":"modelengine:mirrorer_copy/mirror_particle3"},{"predicate":{"custom_model_data":677},"model":"modelengine:mirrorer_copy/mirror_particle2"},{"predicate":{"custom_model_data":678},"model":"modelengine:mirrorer_copy/mirrorer_reflection"},{"predicate":{"custom_model_data":679},"model":"modelengine:mirrorer_copy/left_leg"},{"predicate":{"custom_model_data":680},"model":"modelengine:mirrorer_copy/right_leg"},{"predicate":{"custom_model_data":681},"model":"modelengine:mirrorer_copy/body"},{"predicate":{"custom_model_data":682},"model":"modelengine:mirrorer_copy/head"},{"predicate":{"custom_model_data":683},"model":"modelengine:mirrorer_copy/right_cloak_part"},{"predicate":{"custom_model_data":684},"model":"modelengine:mirrorer_copy/right_arm"},{"predicate":{"custom_model_data":685},"model":"modelengine:mirrorer_copy/left_arm"},{"predicate":{"custom_model_data":686},"model":"modelengine:mirrorer_copy/back_cloak_part"},{"predicate":{"custom_model_data":687},"model":"modelengine:mirrorer_copy/left_cloak_part"},{"predicate":{"custom_model_data":688},"model":"modelengine:mirrorer_copy/eye_spark"},{"predicate":{"custom_model_data":689},"model":"modelengine:mirrorer_copy/eye_spark2"},{"predicate":{"custom_model_data":690},"model":"modelengine:mirrorer_copy/sword"},{"predicate":{"custom_model_data":691},"model":"modelengine:mirrorer_copy/cut_effect"},{"predicate":{"custom_model_data":692},"model":"modelengine:sun_light_beam/ring3"},{"predicate":{"custom_model_data":693},"model":"modelengine:sun_light_beam/ring"},{"predicate":{"custom_model_data":694},"model":"modelengine:sun_light_beam/ring2"},{"predicate":{"custom_model_data":695},"model":"modelengine:sun_light_beam/beam"},{"predicate":{"custom_model_data":696},"model":"modelengine:sun_light_long_beam/ring3"},{"predicate":{"custom_model_data":697},"model":"modelengine:sun_light_long_beam/ring"},{"predicate":{"custom_model_data":698},"model":"modelengine:sun_light_long_beam/ring2"},{"predicate":{"custom_model_data":699},"model":"modelengine:sun_light_long_beam/beam"},{"predicate":{"custom_model_data":700},"model":"modelengine:fx_bead_yang/body"},{"predicate":{"custom_model_data":701},"model":"modelengine:fx_bead_yin/body"},{"predicate":{"custom_model_data":702},"model":"modelengine:fx_cursed_chord/body"},{"predicate":{"custom_model_data":703},"model":"modelengine:fx_earth_armor/bone3"},{"predicate":{"custom_model_data":704},"model":"modelengine:fx_earth_armor/bone2"},{"predicate":{"custom_model_data":705},"model":"modelengine:fx_earth_armor/bone4"},{"predicate":{"custom_model_data":706},"model":"modelengine:fx_earth_armor/bone"},{"predicate":{"custom_model_data":707},"model":"modelengine:fx_hurricane/top"},{"predicate":{"custom_model_data":708},"model":"modelengine:fx_hurricane/mid"},{"predicate":{"custom_model_data":709},"model":"modelengine:fx_hurricane/bottom"},{"predicate":{"custom_model_data":710},"model":"modelengine:fx_ice_shard/body"},{"predicate":{"custom_model_data":711},"model":"modelengine:fx_skull/bone"},{"predicate":{"custom_model_data":712},"model":"modelengine:fx_spiritual_sword/body"},{"predicate":{"custom_model_data":713},"model":"modelengine:fx_totem/body"},{"predicate":{"custom_model_data":714},"model":"modelengine:pet_bard/body"},{"predicate":{"custom_model_data":715},"model":"modelengine:pet_bard/left_leg"},{"predicate":{"custom_model_data":716},"model":"modelengine:pet_bard/right_arm"},{"predicate":{"custom_model_data":717},"model":"modelengine:pet_bard/right_leg"},{"predicate":{"custom_model_data":718},"model":"modelengine:pet_bard/left_arm"},{"predicate":{"custom_model_data":719},"model":"modelengine:pet_bard/cape"},{"predicate":{"custom_model_data":720},"model":"modelengine:pet_bard/left_weapon"},{"predicate":{"custom_model_data":721},"model":"modelengine:pet_cleric/body"},{"predicate":{"custom_model_data":722},"model":"modelengine:pet_cleric/left_leg"},{"predicate":{"custom_model_data":723},"model":"modelengine:pet_cleric/right_arm"},{"predicate":{"custom_model_data":724},"model":"modelengine:pet_cleric/right_leg"},{"predicate":{"custom_model_data":725},"model":"modelengine:pet_cleric/left_arm"},{"predicate":{"custom_model_data":726},"model":"modelengine:pet_cleric/left_weapon"},{"predicate":{"custom_model_data":727},"model":"modelengine:pet_elementalist/body"},{"predicate":{"custom_model_data":728},"model":"modelengine:pet_elementalist/left_leg"},{"predicate":{"custom_model_data":729},"model":"modelengine:pet_elementalist/right_arm"},{"predicate":{"custom_model_data":730},"model":"modelengine:pet_elementalist/right_leg"},{"predicate":{"custom_model_data":731},"model":"modelengine:pet_elementalist/left_arm"},{"predicate":{"custom_model_data":732},"model":"modelengine:pet_monk/right_bead"},{"predicate":{"custom_model_data":733},"model":"modelengine:pet_monk/left_bead"},{"predicate":{"custom_model_data":734},"model":"modelengine:pet_monk/body"},{"predicate":{"custom_model_data":735},"model":"modelengine:pet_monk/right_back_bead"},{"predicate":{"custom_model_data":736},"model":"modelengine:pet_monk/left_back_bead"},{"predicate":{"custom_model_data":737},"model":"modelengine:pet_monk/left_leg"},{"predicate":{"custom_model_data":738},"model":"modelengine:pet_monk/right_arm"},{"predicate":{"custom_model_data":739},"model":"modelengine:pet_monk/right_leg"},{"predicate":{"custom_model_data":740},"model":"modelengine:pet_monk/left_arm"},{"predicate":{"custom_model_data":741},"model":"modelengine:pet_necromancer/body"},{"predicate":{"custom_model_data":742},"model":"modelengine:pet_necromancer/skull"},{"predicate":{"custom_model_data":743},"model":"modelengine:pet_necromancer/left_leg"},{"predicate":{"custom_model_data":744},"model":"modelengine:pet_necromancer/right_arm"},{"predicate":{"custom_model_data":745},"model":"modelengine:pet_necromancer/right_leg"},{"predicate":{"custom_model_data":746},"model":"modelengine:pet_necromancer/left_arm"},{"predicate":{"custom_model_data":747},"model":"modelengine:pet_shadowmancer/body"},{"predicate":{"custom_model_data":748},"model":"modelengine:pet_shadowmancer/orb"},{"predicate":{"custom_model_data":749},"model":"modelengine:pet_shadowmancer/right_arm"},{"predicate":{"custom_model_data":750},"model":"modelengine:pet_shadowmancer/left_arm"},{"predicate":{"custom_model_data":751},"model":"modelengine:pet_shaman/body"},{"predicate":{"custom_model_data":752},"model":"modelengine:pet_shaman/left_leg"},{"predicate":{"custom_model_data":753},"model":"modelengine:pet_shaman/right_arm"},{"predicate":{"custom_model_data":754},"model":"modelengine:pet_shaman/right_leg"},{"predicate":{"custom_model_data":755},"model":"modelengine:pet_shaman/left_arm"},{"predicate":{"custom_model_data":756},"model":"modelengine:pet_shaman/left_weapon"},{"predicate":{"custom_model_data":757},"model":"modelengine:pet_summoner/guardian"},{"predicate":{"custom_model_data":758},"model":"modelengine:pet_summoner/body"},{"predicate":{"custom_model_data":759},"model":"modelengine:pet_summoner/tome"},{"predicate":{"custom_model_data":760},"model":"modelengine:pet_summoner/chest"},{"predicate":{"custom_model_data":761},"model":"modelengine:pet_summoner/right_arm"},{"predicate":{"custom_model_data":762},"model":"modelengine:pet_summoner/left_arm"},{"predicate":{"custom_model_data":763},"model":"modelengine:pet_summoner/gd_head"},{"predicate":{"custom_model_data":764},"model":"modelengine:pet_summoner/gd_right_arm"},{"predicate":{"custom_model_data":765},"model":"modelengine:pet_summoner/gd_left_arm"},{"predicate":{"custom_model_data":766},"model":"modelengine:pet_summoner/gd_right_wrist"},{"predicate":{"custom_model_data":767},"model":"modelengine:archmage/left_leg"},{"predicate":{"custom_model_data":768},"model":"modelengine:archmage/right_leg"},{"predicate":{"custom_model_data":769},"model":"modelengine:archmage/body"},{"predicate":{"custom_model_data":770},"model":"modelengine:archmage/spell1"},{"predicate":{"custom_model_data":771},"model":"modelengine:archmage/head"},{"predicate":{"custom_model_data":772},"model":"modelengine:archmage/right_arm"},{"predicate":{"custom_model_data":773},"model":"modelengine:archmage/left_arm"},{"predicate":{"custom_model_data":774},"model":"modelengine:archmage/book"},{"predicate":{"custom_model_data":775},"model":"modelengine:archmage/keptarms"},{"predicate":{"custom_model_data":776},"model":"modelengine:archmage/deathhead"},{"predicate":{"custom_model_data":777},"model":"modelengine:archmage/hat"},{"predicate":{"custom_model_data":778},"model":"modelengine:archmage/page3"},{"predicate":{"custom_model_data":779},"model":"modelengine:archmage/page2"},{"predicate":{"custom_model_data":780},"model":"modelengine:archmage/page1"},{"predicate":{"custom_model_data":781},"model":"modelengine:archmage/left_book"},{"predicate":{"custom_model_data":782},"model":"modelengine:archmage/right_book"},{"predicate":{"custom_model_data":783},"model":"modelengine:archmage/hat3"},{"predicate":{"custom_model_data":784},"model":"modelengine:archmage/hat2"},{"predicate":{"custom_model_data":785},"model":"modelengine:archmage/hat4"},{"predicate":{"custom_model_data":786},"model":"modelengine:archmagerock/magma"},{"predicate":{"custom_model_data":787},"model":"modelengine:archmagespike/circle"},{"predicate":{"custom_model_data":788},"model":"modelengine:archmagespike/magma"},{"predicate":{"custom_model_data":789},"model":"modelengine:pet_summoner/gd_left_wrist"},{"predicate":{"custom_model_data":790},"model":"modelengine:pet_summoner/gd_weapon"},{"predicate":{"custom_model_data":791},"model":"modelengine:guardred/guard"},{"predicate":{"custom_model_data":792},"model":"modelengine:guardred/head"},{"predicate":{"custom_model_data":793},"model":"modelengine:guardred/hiltsword"},{"predicate":{"custom_model_data":794},"model":"modelengine:guardred/rightleg"},{"predicate":{"custom_model_data":795},"model":"modelengine:guardred/rightarm"},{"predicate":{"custom_model_data":796},"model":"modelengine:guardred/leftleg"},{"predicate":{"custom_model_data":797},"model":"modelengine:guardred/leftarm"},{"predicate":{"custom_model_data":798},"model":"modelengine:bombardier/left_leg"},{"predicate":{"custom_model_data":799},"model":"modelengine:bombardier/right_leg"},{"predicate":{"custom_model_data":800},"model":"modelengine:bombardier/body"},{"predicate":{"custom_model_data":801},"model":"modelengine:bombardier/head"},{"predicate":{"custom_model_data":802},"model":"modelengine:bombardier/right_arm"},{"predicate":{"custom_model_data":803},"model":"modelengine:bombardier/left_arm"},{"predicate":{"custom_model_data":804},"model":"modelengine:bombardier/tntbag"},{"predicate":{"custom_model_data":805},"model":"modelengine:bombardier/deathhead"},{"predicate":{"custom_model_data":806},"model":"modelengine:bombardier/goggles"},{"predicate":{"custom_model_data":807},"model":"modelengine:bombardier/armexplosive"},{"predicate":{"custom_model_data":808},"model":"modelengine:bombardier/bodyexplosives1"},{"predicate":{"custom_model_data":809},"model":"modelengine:bombardier/bodyexplosives2"},{"predicate":{"custom_model_data":810},"model":"modelengine:bombardier/deathgoggles"},{"predicate":{"custom_model_data":811},"model":"modelengine:bombardierexplosive/explosive"},{"predicate":{"custom_model_data":812},"model":"modelengine:bombardierexplosive/flame"},{"predicate":{"custom_model_data":813},"model":"modelengine:commander/left_leg"},{"predicate":{"custom_model_data":814},"model":"modelengine:commander/right_leg"},{"predicate":{"custom_model_data":815},"model":"modelengine:commander/body"},{"predicate":{"custom_model_data":816},"model":"modelengine:commander/head"},{"predicate":{"custom_model_data":817},"model":"modelengine:commander/right_arm"},{"predicate":{"custom_model_data":818},"model":"modelengine:commander/left_arm"},{"predicate":{"custom_model_data":819},"model":"modelengine:commander/sword"},{"predicate":{"custom_model_data":820},"model":"modelengine:commander/shield"},{"predicate":{"custom_model_data":821},"model":"modelengine:commanderboost/boost"},{"predicate":{"custom_model_data":822},"model":"modelengine:necromancer/summon"},{"predicate":{"custom_model_data":823},"model":"modelengine:necromancer/left_leg"},{"predicate":{"custom_model_data":824},"model":"modelengine:necromancer/right_leg"},{"predicate":{"custom_model_data":825},"model":"modelengine:necromancer/body"},{"predicate":{"custom_model_data":826},"model":"modelengine:necromancer/head"},{"predicate":{"custom_model_data":827},"model":"modelengine:necromancer/hat"},{"predicate":{"custom_model_data":828},"model":"modelengine:necromancer/right_arm"},{"predicate":{"custom_model_data":829},"model":"modelengine:necromancer/left_arm"},{"predicate":{"custom_model_data":830},"model":"modelengine:necromancer/paper6"},{"predicate":{"custom_model_data":831},"model":"modelengine:necromancer/paper4"},{"predicate":{"custom_model_data":832},"model":"modelengine:necromancer/paper5"},{"predicate":{"custom_model_data":833},"model":"modelengine:necromancer/paper2"},{"predicate":{"custom_model_data":834},"model":"modelengine:necromancer/paper3"},{"predicate":{"custom_model_data":835},"model":"modelengine:necromancer/paper1"},{"predicate":{"custom_model_data":836},"model":"modelengine:necromancer/wand"},{"predicate":{"custom_model_data":837},"model":"modelengine:necromancer/bone"},{"predicate":{"custom_model_data":838},"model":"modelengine:necromancerblades/bone"},{"predicate":{"custom_model_data":839},"model":"modelengine:necromancerskeleton/left_leg"},{"predicate":{"custom_model_data":840},"model":"modelengine:necromancerskeleton/right_leg"},{"predicate":{"custom_model_data":841},"model":"modelengine:necromancerskeleton/body"},{"predicate":{"custom_model_data":842},"model":"modelengine:necromancerskeleton/head"},{"predicate":{"custom_model_data":843},"model":"modelengine:necromancerskeleton/right_arm"},{"predicate":{"custom_model_data":844},"model":"modelengine:necromancerskeleton/left_arm"},{"predicate":{"custom_model_data":845},"model":"modelengine:sorcerer/left_leg"},{"predicate":{"custom_model_data":846},"model":"modelengine:sorcerer/right_leg"},{"predicate":{"custom_model_data":847},"model":"modelengine:sorcerer/body"},{"predicate":{"custom_model_data":848},"model":"modelengine:sorcerer/head"},{"predicate":{"custom_model_data":849},"model":"modelengine:sorcerer/right_arm"},{"predicate":{"custom_model_data":850},"model":"modelengine:sorcerer/left_arm"},{"predicate":{"custom_model_data":851},"model":"modelengine:sorcerer/deathhead"},{"predicate":{"custom_model_data":852},"model":"modelengine:sorcerer/magic"},{"predicate":{"custom_model_data":853},"model":"modelengine:sorcerer/wand"},{"predicate":{"custom_model_data":854},"model":"modelengine:sorcerermagic/magic"},{"predicate":{"custom_model_data":855},"model":"modelengine:thenotorious/machine_body"},{"predicate":{"custom_model_data":856},"model":"modelengine:thenotorious/machine_right_leg"},{"predicate":{"custom_model_data":857},"model":"modelengine:thenotorious/machine_left_leg"},{"predicate":{"custom_model_data":858},"model":"modelengine:thenotorious/machine_body_no_bot"},{"predicate":{"custom_model_data":859},"model":"modelengine:thenotorious/machine_left"},{"predicate":{"custom_model_data":860},"model":"modelengine:thenotorious/machine_right"},{"predicate":{"custom_model_data":861},"model":"modelengine:thenotorious/body"},{"predicate":{"custom_model_data":862},"model":"modelengine:thenotorious/machine_left_arm"},{"predicate":{"custom_model_data":863},"model":"modelengine:thenotorious/machine_right_arm"},{"predicate":{"custom_model_data":864},"model":"modelengine:thenotorious/head"},{"predicate":{"custom_model_data":865},"model":"modelengine:thenotorious/right_arm"},{"predicate":{"custom_model_data":866},"model":"modelengine:thenotorious/left_arm"},{"predicate":{"custom_model_data":867},"model":"modelengine:thenotorious/machine_left_hand"},{"predicate":{"custom_model_data":868},"model":"modelengine:thenotorious/machine_right_hand"},{"predicate":{"custom_model_data":869},"model":"modelengine:thenotoriouscannonball/cannonball"},{"predicate":{"custom_model_data":870},"model":"modelengine:thenotoriousillagerbox/illagerbox"},{"predicate":{"custom_model_data":871},"model":"modelengine:guardred/rightfoot"},{"predicate":{"custom_model_data":872},"model":"modelengine:guardred/righthand"},{"predicate":{"custom_model_data":873},"model":"modelengine:guardred/leftfoot"},{"predicate":{"custom_model_data":874},"model":"modelengine:guardred/lefthand"},{"predicate":{"custom_model_data":875},"model":"modelengine:guardred/torch"},{"predicate":{"custom_model_data":876},"model":"modelengine:guardred/empty"},{"predicate":{"custom_model_data":877},"model":"modelengine:guardred/handsword"},{"predicate":{"custom_model_data":878},"model":"modelengine:eldric/body"},{"predicate":{"custom_model_data":879},"model":"modelengine:eldric/head"},{"predicate":{"custom_model_data":880},"model":"modelengine:eldric/leg_right"},{"predicate":{"custom_model_data":881},"model":"modelengine:eldric/bicep_right"},{"predicate":{"custom_model_data":882},"model":"modelengine:eldric/bicep_left"},{"predicate":{"custom_model_data":883},"model":"modelengine:eldric/leg_left"},{"predicate":{"custom_model_data":884},"model":"modelengine:eldric/eyebrow_right"},{"predicate":{"custom_model_data":885},"model":"modelengine:eldric/jaw"},{"predicate":{"custom_model_data":886},"model":"modelengine:eldric/eyebrow_left"},{"predicate":{"custom_model_data":887},"model":"modelengine:eldric/foot_right"},{"predicate":{"custom_model_data":888},"model":"modelengine:eldric/forearm_right"},{"predicate":{"custom_model_data":889},"model":"modelengine:eldric/forearm_left"},{"predicate":{"custom_model_data":890},"model":"modelengine:eldric/foot_left"},{"predicate":{"custom_model_data":891},"model":"modelengine:eldric/beard_1"},{"predicate":{"custom_model_data":892},"model":"modelengine:eldric/chain_43"},{"predicate":{"custom_model_data":893},"model":"modelengine:eldric/chain_42"},{"predicate":{"custom_model_data":894},"model":"modelengine:eldric/chain_45"},{"predicate":{"custom_model_data":895},"model":"modelengine:eldric/chain_44"},{"predicate":{"custom_model_data":896},"model":"modelengine:eldric/chain_41"},{"predicate":{"custom_model_data":897},"model":"modelengine:eldric/chain_40"},{"predicate":{"custom_model_data":898},"model":"modelengine:eldric/chain_39"},{"predicate":{"custom_model_data":899},"model":"modelengine:eldric/chain_47"},{"predicate":{"custom_model_data":900},"model":"modelengine:eldric/chain_46"},{"predicate":{"custom_model_data":901},"model":"modelengine:eldric/chain_38"},{"predicate":{"custom_model_data":902},"model":"modelengine:eldric/chain_49"},{"predicate":{"custom_model_data":903},"model":"modelengine:eldric/chain_48"},{"predicate":{"custom_model_data":904},"model":"modelengine:eldric/hammer"},{"predicate":{"custom_model_data":905},"model":"modelengine:eldric/fingers_right"},{"predicate":{"custom_model_data":906},"model":"modelengine:eldric/chain_21"},{"predicate":{"custom_model_data":907},"model":"modelengine:eldric/chain_20"},{"predicate":{"custom_model_data":908},"model":"modelengine:eldric/chain_23"},{"predicate":{"custom_model_data":909},"model":"modelengine:eldric/chain_22"},{"predicate":{"custom_model_data":910},"model":"modelengine:eldric/chain_18"},{"predicate":{"custom_model_data":911},"model":"modelengine:eldric/chain_17"},{"predicate":{"custom_model_data":912},"model":"modelengine:eldric/chain_19"},{"predicate":{"custom_model_data":913},"model":"modelengine:eldric/chain_14"},{"predicate":{"custom_model_data":914},"model":"modelengine:eldric/chain_25"},{"predicate":{"custom_model_data":915},"model":"modelengine:eldric/chain_24"},{"predicate":{"custom_model_data":916},"model":"modelengine:eldric/chain_16"},{"predicate":{"custom_model_data":917},"model":"modelengine:eldric/chain_15"},{"predicate":{"custom_model_data":918},"model":"modelengine:eldric/chain_32"},{"predicate":{"custom_model_data":919},"model":"modelengine:eldric/chain_31"},{"predicate":{"custom_model_data":920},"model":"modelengine:eldric/chain_34"},{"predicate":{"custom_model_data":921},"model":"modelengine:eldric/chain_33"},{"predicate":{"custom_model_data":922},"model":"modelengine:eldric/chain_30"},{"predicate":{"custom_model_data":923},"model":"modelengine:eldric/chain_29"},{"predicate":{"custom_model_data":924},"model":"modelengine:eldric/chain_28"},{"predicate":{"custom_model_data":925},"model":"modelengine:eldric/chain_36"},{"predicate":{"custom_model_data":926},"model":"modelengine:eldric/chain_35"},{"predicate":{"custom_model_data":927},"model":"modelengine:eldric/chain_27"},{"predicate":{"custom_model_data":928},"model":"modelengine:eldric/chain_26"},{"predicate":{"custom_model_data":929},"model":"modelengine:eldric/chain_37"},{"predicate":{"custom_model_data":930},"model":"modelengine:eldric/fingers_left"},{"predicate":{"custom_model_data":931},"model":"modelengine:eldric/chain_7"},{"predicate":{"custom_model_data":932},"model":"modelengine:eldric/chain_10"},{"predicate":{"custom_model_data":933},"model":"modelengine:eldric/chain_6"},{"predicate":{"custom_model_data":934},"model":"modelengine:eldric/chain_9"},{"predicate":{"custom_model_data":935},"model":"modelengine:eldric/chain_12"},{"predicate":{"custom_model_data":936},"model":"modelengine:eldric/chain_8"},{"predicate":{"custom_model_data":937},"model":"modelengine:eldric/chain_11"},{"predicate":{"custom_model_data":938},"model":"modelengine:eldric/chain_3"},{"predicate":{"custom_model_data":939},"model":"modelengine:eldric/chain_2"},{"predicate":{"custom_model_data":940},"model":"modelengine:eldric/chain_13"},{"predicate":{"custom_model_data":941},"model":"modelengine:eldric/chain_5"},{"predicate":{"custom_model_data":942},"model":"modelengine:eldric/chain_4"},{"predicate":{"custom_model_data":943},"model":"modelengine:eldric/beard_2"},{"predicate":{"custom_model_data":944},"model":"modelengine:eldric/hammer_swirl_1"},{"predicate":{"custom_model_data":945},"model":"modelengine:eldric/hammer_swirl_2"},{"predicate":{"custom_model_data":946},"model":"modelengine:eldric/anvil_piece"},{"predicate":{"custom_model_data":947},"model":"modelengine:eldric_anvil/anvil"},{"predicate":{"custom_model_data":948},"model":"modelengine:eldric_lava_spike/ground_shard_4"},{"predicate":{"custom_model_data":949},"model":"modelengine:eldric_lava_spike/ground_shard_3"},{"predicate":{"custom_model_data":950},"model":"modelengine:eldric_lava_spike/ground_shard_2"},{"predicate":{"custom_model_data":951},"model":"modelengine:eldric_lava_spike/ground_shard_1"},{"predicate":{"custom_model_data":952},"model":"modelengine:eldric_lava_spike/groundcrack"},{"predicate":{"custom_model_data":953},"model":"modelengine:eldric_lava_spike/lava_shard"},{"predicate":{"custom_model_data":954},"model":"modelengine:eldric_megahit_fx/fx_1"},{"predicate":{"custom_model_data":955},"model":"modelengine:eldric_megahit_fx/fx_2"},{"predicate":{"custom_model_data":956},"model":"modelengine:eldric_megahit_fx/fx_3"},{"predicate":{"custom_model_data":957},"model":"modelengine:eldric_megahit_fx/fx_4"},{"predicate":{"custom_model_data":958},"model":"modelengine:eldric_scrapmetal/anvil_piece"},{"predicate":{"custom_model_data":959},"model":"modelengine:quest_dwarf/torso"},{"predicate":{"custom_model_data":960},"model":"modelengine:quest_dwarf/head"},{"predicate":{"custom_model_data":961},"model":"modelengine:quest_dwarf/left_arm2"},{"predicate":{"custom_model_data":962},"model":"modelengine:quest_dwarf/legs"},{"predicate":{"custom_model_data":963},"model":"modelengine:quest_dwarf/right_arm2"},{"predicate":{"custom_model_data":964},"model":"modelengine:quest_dwarf/legs2"},{"predicate":{"custom_model_data":965},"model":"modelengine:quest_dwarf/axe"},{"predicate":{"custom_model_data":966},"model":"modelengine:quest_dwarf/left_forearm2"},{"predicate":{"custom_model_data":967},"model":"modelengine:quest_dwarf/foot"},{"predicate":{"custom_model_data":968},"model":"modelengine:quest_dwarf/right_forearm2"},{"predicate":{"custom_model_data":969},"model":"modelengine:quest_dwarf/foot2"},{"predicate":{"custom_model_data":970},"model":"modelengine:quest_dwarf/left_hand2"},{"predicate":{"custom_model_data":971},"model":"modelengine:quest_dwarf/left_hand"},{"predicate":{"custom_model_data":972},"model":"modelengine:quest_elf/torso"},{"predicate":{"custom_model_data":973},"model":"modelengine:quest_elf/head"},{"predicate":{"custom_model_data":974},"model":"modelengine:quest_elf/left_leg"},{"predicate":{"custom_model_data":975},"model":"modelengine:quest_elf/right_arm"},{"predicate":{"custom_model_data":976},"model":"modelengine:quest_elf/right_leg"},{"predicate":{"custom_model_data":977},"model":"modelengine:quest_elf/left_arm"},{"predicate":{"custom_model_data":978},"model":"modelengine:quest_elf/quiver"},{"predicate":{"custom_model_data":979},"model":"modelengine:quest_elf/hair"},{"predicate":{"custom_model_data":980},"model":"modelengine:quest_elf/left_foot"},{"predicate":{"custom_model_data":981},"model":"modelengine:quest_elf/right_forearm"},{"predicate":{"custom_model_data":982},"model":"modelengine:quest_elf/right_foot"},{"predicate":{"custom_model_data":983},"model":"modelengine:quest_elf/left_forearm"},{"predicate":{"custom_model_data":984},"model":"modelengine:quest_elf/right_hand"},{"predicate":{"custom_model_data":985},"model":"modelengine:quest_elf/left_hand"},{"predicate":{"custom_model_data":986},"model":"modelengine:quest_graywizard/torso"},{"predicate":{"custom_model_data":987},"model":"modelengine:quest_graywizard/head"},{"predicate":{"custom_model_data":988},"model":"modelengine:quest_graywizard/right_arm"},{"predicate":{"custom_model_data":989},"model":"modelengine:quest_graywizard/left_arm"},{"predicate":{"custom_model_data":990},"model":"modelengine:quest_graywizard/legs"},{"predicate":{"custom_model_data":991},"model":"modelengine:quest_graywizard/beard"},{"predicate":{"custom_model_data":992},"model":"modelengine:quest_graywizard/hat"},{"predicate":{"custom_model_data":993},"model":"modelengine:quest_graywizard/right_forearm"},{"predicate":{"custom_model_data":994},"model":"modelengine:quest_graywizard/left_forearm"},{"predicate":{"custom_model_data":995},"model":"modelengine:quest_graywizard/right_hand"},{"predicate":{"custom_model_data":996},"model":"modelengine:quest_graywizard/left_hand"},{"predicate":{"custom_model_data":997},"model":"modelengine:quest_halfling/torso"},{"predicate":{"custom_model_data":998},"model":"modelengine:quest_halfling/head"},{"predicate":{"custom_model_data":999},"model":"modelengine:quest_halfling/right_arm"},{"predicate":{"custom_model_data":1000},"model":"modelengine:quest_halfling/legs"},{"predicate":{"custom_model_data":1001},"model":"modelengine:quest_halfling/right_arm2"},{"predicate":{"custom_model_data":1002},"model":"modelengine:quest_halfling/pan"},{"predicate":{"custom_model_data":1003},"model":"modelengine:quest_halfling/legs2"},{"predicate":{"custom_model_data":1004},"model":"modelengine:quest_halfling/right_forearm"},{"predicate":{"custom_model_data":1005},"model":"modelengine:quest_halfling/foot"},{"predicate":{"custom_model_data":1006},"model":"modelengine:quest_halfling/right_forearm2"},{"predicate":{"custom_model_data":1007},"model":"modelengine:quest_halfling/foot2"},{"predicate":{"custom_model_data":1008},"model":"modelengine:quest_halfling/right_hand"},{"predicate":{"custom_model_data":1009},"model":"modelengine:quest_halfling/left_hand"},{"predicate":{"custom_model_data":1010},"model":"modelengine:blacksmith/blacksmith"},{"predicate":{"custom_model_data":1011},"model":"modelengine:blacksmith/head"},{"predicate":{"custom_model_data":1012},"model":"modelengine:blacksmith/rightleg"},{"predicate":{"custom_model_data":1013},"model":"modelengine:blacksmith/rightarm"},{"predicate":{"custom_model_data":1014},"model":"modelengine:blacksmith/leftleg"},{"predicate":{"custom_model_data":1015},"model":"modelengine:blacksmith/leftarm"},{"predicate":{"custom_model_data":1016},"model":"modelengine:blacksmith/rightfoot"},{"predicate":{"custom_model_data":1017},"model":"modelengine:blacksmith/righthand"},{"predicate":{"custom_model_data":1018},"model":"modelengine:blacksmith/leftfoot"},{"predicate":{"custom_model_data":1019},"model":"modelengine:blacksmith/lefthand"},{"predicate":{"custom_model_data":1020},"model":"modelengine:farmer/farmer"},{"predicate":{"custom_model_data":1021},"model":"modelengine:farmer/head"},{"predicate":{"custom_model_data":1022},"model":"modelengine:farmer/rightleg"},{"predicate":{"custom_model_data":1023},"model":"modelengine:farmer/rightarm"},{"predicate":{"custom_model_data":1024},"model":"modelengine:farmer/leftleg"},{"predicate":{"custom_model_data":1025},"model":"modelengine:farmer/leftarm"},{"predicate":{"custom_model_data":1026},"model":"modelengine:farmer/rightfoot"},{"predicate":{"custom_model_data":1027},"model":"modelengine:farmer/righthand"},{"predicate":{"custom_model_data":1028},"model":"modelengine:farmer/leftfoot"},{"predicate":{"custom_model_data":1029},"model":"modelengine:farmer/lefthand"},{"predicate":{"custom_model_data":1030},"model":"modelengine:fisherman/fisherman"},{"predicate":{"custom_model_data":1031},"model":"modelengine:fisherman/head"},{"predicate":{"custom_model_data":1032},"model":"modelengine:fisherman/right_arm"},{"predicate":{"custom_model_data":1033},"model":"modelengine:fisherman/left_leg"},{"predicate":{"custom_model_data":1034},"model":"modelengine:fisherman/right_leg"},{"predicate":{"custom_model_data":1035},"model":"modelengine:fisherman/left_arm"},{"predicate":{"custom_model_data":1036},"model":"modelengine:fisherman/right_forearm"},{"predicate":{"custom_model_data":1037},"model":"modelengine:fisherman/left_foot"},{"predicate":{"custom_model_data":1038},"model":"modelengine:fisherman/right_foot"},{"predicate":{"custom_model_data":1039},"model":"modelengine:fisherman/left_forearm"},{"predicate":{"custom_model_data":1040},"model":"modelengine:fisherman/right_hand"},{"predicate":{"custom_model_data":1041},"model":"modelengine:fisherman/left_hand"},{"predicate":{"custom_model_data":1042},"model":"modelengine:minecart/minecart"},{"predicate":{"custom_model_data":1043},"model":"modelengine:miner/miner"},{"predicate":{"custom_model_data":1044},"model":"modelengine:miner/head"},{"predicate":{"custom_model_data":1045},"model":"modelengine:miner/rightleg"},{"predicate":{"custom_model_data":1046},"model":"modelengine:miner/rightarm"},{"predicate":{"custom_model_data":1047},"model":"modelengine:miner/leftleg"},{"predicate":{"custom_model_data":1048},"model":"modelengine:miner/leftarm"},{"predicate":{"custom_model_data":1049},"model":"modelengine:miner/lantern"},{"predicate":{"custom_model_data":1050},"model":"modelengine:miner/rightfoot"},{"predicate":{"custom_model_data":1051},"model":"modelengine:miner/righthand"},{"predicate":{"custom_model_data":1052},"model":"modelengine:miner/leftfoot"},{"predicate":{"custom_model_data":1053},"model":"modelengine:miner/lefthand"},{"predicate":{"custom_model_data":1054},"model":"modelengine:eldric_slam_fx/hexadecagon"},{"predicate":{"custom_model_data":1055},"model":"modelengine:dragon_beam/bone3"},{"predicate":{"custom_model_data":1056},"model":"modelengine:dragon_beam/bone2"},{"predicate":{"custom_model_data":1057},"model":"modelengine:dragon_beam/bone5"},{"predicate":{"custom_model_data":1058},"model":"modelengine:dragon_beam/bone4"},{"predicate":{"custom_model_data":1059},"model":"modelengine:dragon_beam/bone6"},{"predicate":{"custom_model_data":1060},"model":"modelengine:forest_dragon/bone13"},{"predicate":{"custom_model_data":1061},"model":"modelengine:forest_dragon/bone"},{"predicate":{"custom_model_data":1062},"model":"modelengine:forest_dragon/bone14"},{"predicate":{"custom_model_data":1063},"model":"modelengine:forest_dragon/bone3"},{"predicate":{"custom_model_data":1064},"model":"modelengine:forest_dragon/bone2"},{"predicate":{"custom_model_data":1065},"model":"modelengine:forest_dragon/bone5"},{"predicate":{"custom_model_data":1066},"model":"modelengine:forest_dragon/bone4"},{"predicate":{"custom_model_data":1067},"model":"modelengine:forest_dragon/bone10"},{"predicate":{"custom_model_data":1068},"model":"modelengine:forest_dragon/bone7"},{"predicate":{"custom_model_data":1069},"model":"modelengine:forest_dragon/bone6"},{"predicate":{"custom_model_data":1070},"model":"modelengine:forest_dragon/bone9"},{"predicate":{"custom_model_data":1071},"model":"modelengine:forest_dragon/bone8"},{"predicate":{"custom_model_data":1072},"model":"modelengine:forest_dragon/bone11"},{"predicate":{"custom_model_data":1073},"model":"modelengine:forest_dragon/bone12"},{"predicate":{"custom_model_data":1074},"model":"modelengine:forest_dragon/bone15"},{"predicate":{"custom_model_data":1075},"model":"modelengine:forest_dragon/bone16"},{"predicate":{"custom_model_data":1076},"model":"modelengine:forest_dragon/bone17"},{"predicate":{"custom_model_data":1077},"model":"modelengine:forest_dragon/bone18"},{"predicate":{"custom_model_data":1078},"model":"modelengine:forest_dragon/bone19"},{"predicate":{"custom_model_data":1079},"model":"modelengine:forest_s6_forest_tornadol/stome_footer_1"},{"predicate":{"custom_model_data":1080},"model":"modelengine:forest_s6_forest_tornadol/stom_top_1"},{"predicate":{"custom_model_data":1081},"model":"modelengine:forest_s6_forest_tornadol/stom_top_2"},{"predicate":{"custom_model_data":1082},"model":"modelengine:forest_s6_forest_tornadol/bone3"},{"predicate":{"custom_model_data":1083},"model":"modelengine:forest_s6_forest_tornadol/bone2"},{"predicate":{"custom_model_data":1084},"model":"modelengine:forest_s6_forest_tornadol/bone4"},{"predicate":{"custom_model_data":1085},"model":"modelengine:forest_s6_forest_tornadol/bone"},{"predicate":{"custom_model_data":1086},"model":"modelengine:forest_s6_forest_tornadol/bone5"},{"predicate":{"custom_model_data":1087},"model":"modelengine:forest_s6_forest_tornadol/bone7"},{"predicate":{"custom_model_data":1088},"model":"modelengine:forest_s6_forest_tornadol/bone6"},{"predicate":{"custom_model_data":1089},"model":"modelengine:forest_s6_forest_tornadol/bone8"},{"predicate":{"custom_model_data":1090},"model":"modelengine:forest_s6_forest_tornadol/bone15"},{"predicate":{"custom_model_data":1091},"model":"modelengine:forest_s6_forest_tornadol/bone16"},{"predicate":{"custom_model_data":1092},"model":"modelengine:forest_s6_forest_tornadol/bone13"},{"predicate":{"custom_model_data":1093},"model":"modelengine:forest_s6_forest_tornadol/bone14"},{"predicate":{"custom_model_data":1094},"model":"modelengine:redsuit/rightleg"},{"predicate":{"custom_model_data":1095},"model":"modelengine:redsuit/leftleg"},{"predicate":{"custom_model_data":1096},"model":"modelengine:redsuit/body"},{"predicate":{"custom_model_data":1097},"model":"modelengine:redsuit/rightleg2"},{"predicate":{"custom_model_data":1098},"model":"modelengine:redsuit/leftleg2"},{"predicate":{"custom_model_data":1099},"model":"modelengine:redsuit/lefthand"},{"predicate":{"custom_model_data":1100},"model":"modelengine:redsuit/head"},{"predicate":{"custom_model_data":1101},"model":"modelengine:redsuit/bone3"},{"predicate":{"custom_model_data":1102},"model":"modelengine:redsuit/bone2"},{"predicate":{"custom_model_data":1103},"model":"modelengine:redsuit/righthand"},{"predicate":{"custom_model_data":1104},"model":"modelengine:redsuit/rightboost"},{"predicate":{"custom_model_data":1105},"model":"modelengine:redsuit/leftboost"},{"predicate":{"custom_model_data":1106},"model":"modelengine:redsuit/lefthand2"},{"predicate":{"custom_model_data":1107},"model":"modelengine:redsuit/gun2"},{"predicate":{"custom_model_data":1108},"model":"modelengine:redsuit/gun"},{"predicate":{"custom_model_data":1109},"model":"modelengine:redsuit/righthand2"},{"predicate":{"custom_model_data":1110},"model":"modelengine:redsuit/gunl"},{"predicate":{"custom_model_data":1111},"model":"modelengine:redsuit/gunl2"},{"predicate":{"custom_model_data":1112},"model":"modelengine:redsuit/gunbeam2"},{"predicate":{"custom_model_data":1113},"model":"modelengine:redsuit_guns/gunl4"},{"predicate":{"custom_model_data":1114},"model":"modelengine:redsuit_guns/gunl5"},{"predicate":{"custom_model_data":1115},"model":"modelengine:redsuit_guns/gunl2"},{"predicate":{"custom_model_data":1116},"model":"modelengine:redsuit_guns/gunl3"},{"predicate":{"custom_model_data":1117},"model":"modelengine:redsuit_guns/gunl1"},{"predicate":{"custom_model_data":1118},"model":"modelengine:gold_slime_king/bodyslime"},{"predicate":{"custom_model_data":1119},"model":"modelengine:gold_slime_king/abajo"},{"predicate":{"custom_model_data":1120},"model":"modelengine:gold_slime_king/flaggg"},{"predicate":{"custom_model_data":1121},"model":"modelengine:gold_slime_king/arriba"},{"predicate":{"custom_model_data":1122},"model":"modelengine:gold_slime_king/2flag"},{"predicate":{"custom_model_data":1123},"model":"modelengine:gold_slime_king/crown"},{"predicate":{"custom_model_data":1124},"model":"modelengine:gold_slime_king/3flagg"},{"predicate":{"custom_model_data":1125},"model":"modelengine:gold_slime_king_pet/bodyslime"},{"predicate":{"custom_model_data":1126},"model":"modelengine:gold_slime_king_pet/abajo"},{"predicate":{"custom_model_data":1127},"model":"modelengine:gold_slime_king_pet/arriba"},{"predicate":{"custom_model_data":1128},"model":"modelengine:gold_slime_king_pet/crown"},{"predicate":{"custom_model_data":1129},"model":"modelengine:soldierslimegold/body"},{"predicate":{"custom_model_data":1130},"model":"modelengine:soldierslimegold/headslime"},{"predicate":{"custom_model_data":1131},"model":"modelengine:soldierslimegoldgi/body"},{"predicate":{"custom_model_data":1132},"model":"modelengine:soldierslimegoldgi/headslime"}],"parent":"minecraft:item/generated","textures":{"layer0":"minecraft:item/leather_horse_armor"}}