{"parent":"item/generated","textures":{"layer0":"item/leather_boots","layer1":"item/leather_boots_overlay"},"overrides":[{"predicate":{"custom_model_data":10000},"model":"elitecreatures:archangel_weapon_assortment/boots"},{"predicate":{"custom_model_data":10001},"model":"azureset:ia_auto_gen/azureboots"},{"predicate":{"custom_model_data":10002},"model":"elitecreatures:elven_elf_weapon/elven_boots"},{"predicate":{"custom_model_data":10003},"model":"evergreenset:ia_auto_gen/evergreenboots"},{"predicate":{"custom_model_data":10004},"model":"elitecreatures:demonic_weapon_assortment/boots"},{"predicate":{"custom_model_data":10005},"model":"starlight:ia_auto_gen/starlightboots"},{"predicate":{"custom_model_data":10006},"model":"elitecreatures:ia_auto_gen/verdant_animated-boots"},{"predicate":{"custom_model_data":10007},"model":"elitecreatures:ia_auto_gen/ifrit_animated-boots"},{"predicate":{"custom_model_data":10008},"model":"lunardragonset:ia_auto_gen/lunardragonsetboots"},{"predicate":{"custom_model_data":10009},"model":"shogunset:ia_auto_gen/shogunboots"},{"predicate":{"custom_model_data":10010},"model":"item/leather_boots"}]}