{"parent":"item/generated","textures":{"layer0":"item/leather_helmet","layer1":"item/leather_helmet_overlay"},"overrides":[{"predicate":{"custom_model_data":10000},"model":"azureset:ia_auto_gen/azurehelmet"},{"predicate":{"custom_model_data":10004},"model":"starlight:ia_auto_gen/starlighthelmet"},{"predicate":{"custom_model_data":10005},"model":"elitecreatures:ia_auto_gen/verdant_animated-helmet"},{"predicate":{"custom_model_data":10006},"model":"elitecreatures:ia_auto_gen/ifrit_animated-helmet"},{"predicate":{"custom_model_data":10007},"model":"lunardragonset:ia_auto_gen/lunardragonsethelmet"},{"predicate":{"custom_model_data":10008},"model":"shogunset:ia_auto_gen/shogunhelmet"},{"predicate":{"custom_model_data":10009},"model":"item/leather_helmet"}]}