{"parent":"minecraft:item/generated","textures":{"layer0":"minecraft:item/paper"},"overrides":[{"predicate":{"custom_model_data":1},"model":"ae_config:ia_auto_gen/rename-feather"},{"predicate":{"custom_model_data":2},"model":"ae_config:ia_auto_gen/soul-gem"},{"predicate":{"custom_model_data":3},"model":"ae_config:ia_auto_gen/lucky-gem"},{"predicate":{"custom_model_data":4},"model":"ae_config:ia_auto_gen/secret-gem"},{"predicate":{"custom_model_data":5},"model":"ae_config:ia_auto_gen/randomization-gem"},{"predicate":{"custom_model_data":6},"model":"ae_config:ia_auto_gen/armor-orb"},{"predicate":{"custom_model_data":7},"model":"ae_config:ia_auto_gen/weapon-orb"},{"predicate":{"custom_model_data":8},"model":"ae_config:ia_auto_gen/tool-orb"},{"predicate":{"custom_model_data":9},"model":"ae_config:ia_auto_gen/kill-tracker"},{"predicate":{"custom_model_data":10},"model":"ae_config:ia_auto_gen/mob-tracker"},{"predicate":{"custom_model_data":11},"model":"ae_config:ia_auto_gen/block-tracker"},{"predicate":{"custom_model_data":12},"model":"ae_config:ia_auto_gen/protection-scroll"},{"predicate":{"custom_model_data":13},"model":"ae_config:ia_auto_gen/remove-scroll"},{"predicate":{"custom_model_data":14},"model":"ae_config:ia_auto_gen/slot-scroll"},{"predicate":{"custom_model_data":15},"model":"ae_config:ia_auto_gen/soulbound-scroll"},{"predicate":{"custom_model_data":16},"model":"ae_config:ia_auto_gen/transmog-scroll"},{"predicate":{"custom_model_data":17},"model":"ae_config:ia_auto_gen/soul-tracker"},{"predicate":{"custom_model_data":18},"model":"ae_config:ia_auto_gen/rc-simple"},{"predicate":{"custom_model_data":19},"model":"ae_config:ia_auto_gen/rc-unique"},{"predicate":{"custom_model_data":20},"model":"ae_config:ia_auto_gen/rc-elite"},{"predicate":{"custom_model_data":21},"model":"ae_config:ia_auto_gen/rc-ultimate"},{"predicate":{"custom_model_data":22},"model":"ae_config:ia_auto_gen/rc-legendary"},{"predicate":{"custom_model_data":23},"model":"ae_config:ia_auto_gen/rc-fabled"},{"predicate":{"custom_model_data":24},"model":"ae_config:ia_auto_gen/rc-lethal"},{"predicate":{"custom_model_data":25},"model":"ae_config:ia_auto_gen/alchemist"},{"predicate":{"custom_model_data":26},"model":"ae_config:ia_auto_gen/question"},{"predicate":{"custom_model_data":99},"model":"ae_config:ia_auto_gen/empty"},{"predicate":{"custom_model_data":10000},"model":"_iainternal:ia_auto_gen/icon_left_blue"},{"predicate":{"custom_model_data":10001},"model":"_iainternal:ia_auto_gen/icon_right_blue"},{"predicate":{"custom_model_data":10002},"model":"_iainternal:ia_auto_gen/icon_search"},{"predicate":{"custom_model_data":10003},"model":"_iainternal:ia_auto_gen/icon_cancel"},{"predicate":{"custom_model_data":10004},"model":"_iainternal:ia_auto_gen/icon_arrow_chest"},{"predicate":{"custom_model_data":10005},"model":"_iainternal:ia_auto_gen/icon_back_orange"},{"predicate":{"custom_model_data":10006},"model":"_iainternal:ia_auto_gen/icon_next_orange"},{"predicate":{"custom_model_data":10007},"model":"lands_gui:ia_auto_gen/enter_message"},{"predicate":{"custom_model_data":10008},"model":"lands_gui:ia_auto_gen/role_new_areas"},{"predicate":{"custom_model_data":10009},"model":"lands_gui:ia_auto_gen/mainblock"},{"predicate":{"custom_model_data":10020},"model":"munchies:wilderness/cornstalk"},{"predicate":{"custom_model_data":10021},"model":"munchies:wilderness/cauliflowerplant"},{"predicate":{"custom_model_data":10022},"model":"munchies:wilderness/gingerplant"},{"predicate":{"custom_model_data":10023},"model":"munchies:wilderness/garlicplant"},{"predicate":{"custom_model_data":10024},"model":"munchies:wilderness/eggplantstalk"},{"predicate":{"custom_model_data":10025},"model":"munchies:wilderness/onionplant"},{"predicate":{"custom_model_data":10026},"model":"munchies:wilderness/peanutplant"},{"predicate":{"custom_model_data":10027},"model":"munchies:wilderness/squashplant"},{"predicate":{"custom_model_data":10028},"model":"munchies:wilderness/tomatoplant"},{"predicate":{"custom_model_data":10029},"model":"munchies:wilderness/grapebush"},{"predicate":{"custom_model_data":10030},"model":"munchies:wilderness/crabcage"},{"predicate":{"custom_model_data":10031},"model":"azureset:key"},{"predicate":{"custom_model_data":10032},"model":"azureset:wings"},{"predicate":{"custom_model_data":10033},"model":"azureset:helmet"},{"predicate":{"custom_model_data":10034},"model":"evergreenset:chest"},{"predicate":{"custom_model_data":10035},"model":"evergreenset:chest_opening"},{"predicate":{"custom_model_data":10036},"model":"evergreenset:crown"},{"predicate":{"custom_model_data":10037},"model":"evergreenset:key"},{"predicate":{"custom_model_data":10038},"model":"evergreenset:wings"},{"predicate":{"custom_model_data":10039},"model":"elitecreatures:archangel_weapon_assortment/chest"},{"predicate":{"custom_model_data":10040},"model":"elitecreatures:archangel_weapon_assortment/hood"},{"predicate":{"custom_model_data":10041},"model":"elitecreatures:archangel_weapon_assortment/key"},{"predicate":{"custom_model_data":10042},"model":"elitecreatures:archangel_weapon_assortment/wings"},{"predicate":{"custom_model_data":10043},"model":"elitecreatures:demonic_weapon_assortment/chest"},{"predicate":{"custom_model_data":10044},"model":"elitecreatures:demonic_weapon_assortment/helmet"},{"predicate":{"custom_model_data":10045},"model":"elitecreatures:demonic_weapon_assortment/key"},{"predicate":{"custom_model_data":10046},"model":"elitecreatures:demonic_weapon_assortment/wings"},{"predicate":{"custom_model_data":10222},"model":"starlight:key"},{"predicate":{"custom_model_data":10223},"model":"starlight:wings"},{"predicate":{"custom_model_data":10224},"model":"ai:ia_auto_gen/invisible_item"},{"predicate":{"custom_model_data":10225},"model":"ai:ia_auto_gen/chest"},{"predicate":{"custom_model_data":10226},"model":"ai:ia_auto_gen/discord"},{"predicate":{"custom_model_data":10227},"model":"ai:ia_auto_gen/duatop"},{"predicate":{"custom_model_data":10228},"model":"ai:ia_auto_gen/gematk"},{"predicate":{"custom_model_data":10229},"model":"ai:ia_auto_gen/gemcrit"},{"predicate":{"custom_model_data":10230},"model":"ai:ia_auto_gen/gemdef"},{"predicate":{"custom_model_data":10231},"model":"ai:ia_auto_gen/gemhp"},{"predicate":{"custom_model_data":10232},"model":"ai:ia_auto_gen/land"},{"predicate":{"custom_model_data":10233},"model":"ai:ia_auto_gen/question"},{"predicate":{"custom_model_data":10234},"model":"ai:ia_auto_gen/setting"},{"predicate":{"custom_model_data":10235},"model":"ai:ia_auto_gen/tiktok"},{"predicate":{"custom_model_data":10236},"model":"ai:ia_auto_gen/anvil"},{"predicate":{"custom_model_data":10237},"model":"ai:ia_auto_gen/mob1"},{"predicate":{"custom_model_data":10238},"model":"ai:ia_auto_gen/mob2"},{"predicate":{"custom_model_data":10239},"model":"ai:ia_auto_gen/mob3"},{"predicate":{"custom_model_data":10240},"model":"ai:ia_auto_gen/mob4"},{"predicate":{"custom_model_data":10241},"model":"ai:ia_auto_gen/mob5"},{"predicate":{"custom_model_data":10242},"model":"ai:ia_auto_gen/quest"},{"predicate":{"custom_model_data":10243},"model":"ai:ia_auto_gen/true"},{"predicate":{"custom_model_data":10244},"model":"ai:ia_auto_gen/false"},{"predicate":{"custom_model_data":10245},"model":"ai:ia_auto_gen/left"},{"predicate":{"custom_model_data":10246},"model":"ai:ia_auto_gen/right"},{"predicate":{"custom_model_data":10247},"model":"ai:ia_auto_gen/mob6"},{"predicate":{"custom_model_data":10248},"model":"ai:ia_auto_gen/mob7"},{"predicate":{"custom_model_data":10249},"model":"ai:ia_auto_gen/mob8"},{"predicate":{"custom_model_data":10250},"model":"ai:ia_auto_gen/mob9"},{"predicate":{"custom_model_data":10251},"model":"ai:ia_auto_gen/boss1"},{"predicate":{"custom_model_data":10252},"model":"ai:ia_auto_gen/boss2"},{"predicate":{"custom_model_data":10253},"model":"ai:ia_auto_gen/mob10"},{"predicate":{"custom_model_data":10254},"model":"ai:ia_auto_gen/mob11"},{"predicate":{"custom_model_data":10255},"model":"ai:ia_auto_gen/mob12"},{"predicate":{"custom_model_data":10256},"model":"ai:ia_auto_gen/mob13"},{"predicate":{"custom_model_data":10257},"model":"ai:ia_auto_gen/mob14"},{"predicate":{"custom_model_data":10258},"model":"ai:ia_auto_gen/mob15"},{"predicate":{"custom_model_data":10259},"model":"ai:ia_auto_gen/mob16"},{"predicate":{"custom_model_data":10260},"model":"ai:ia_auto_gen/mob17"},{"predicate":{"custom_model_data":10261},"model":"ai:ia_auto_gen/mob18"},{"predicate":{"custom_model_data":10262},"model":"ai:ia_auto_gen/boss3"},{"predicate":{"custom_model_data":10263},"model":"ai:ia_auto_gen/boss4"},{"predicate":{"custom_model_data":10264},"model":"ai:ia_auto_gen/boss5"},{"predicate":{"custom_model_data":10265},"model":"ai:ia_auto_gen/warp"},{"predicate":{"custom_model_data":10266},"model":"ai:ia_auto_gen/vault"},{"predicate":{"custom_model_data":10267},"model":"ai:ia_auto_gen/ngoc1"},{"predicate":{"custom_model_data":10268},"model":"ai:ia_auto_gen/ngoc2"},{"predicate":{"custom_model_data":10269},"model":"ai:ia_auto_gen/ngoc3"},{"predicate":{"custom_model_data":10270},"model":"ai:ia_auto_gen/ngoc4"},{"predicate":{"custom_model_data":10271},"model":"ai:ia_auto_gen/ngoc5"},{"predicate":{"custom_model_data":10272},"model":"ai:ia_auto_gen/shopgui"},{"predicate":{"custom_model_data":10273},"model":"ai:ia_auto_gen/level"},{"predicate":{"custom_model_data":10274},"model":"ai:ia_auto_gen/donateshop"},{"predicate":{"custom_model_data":10275},"model":"ai:ia_auto_gen/book"},{"predicate":{"custom_model_data":10276},"model":"ai:ia_auto_gen/pet"},{"predicate":{"custom_model_data":10277},"model":"ai:ia_auto_gen/warp1"},{"predicate":{"custom_model_data":10278},"model":"ai:ia_auto_gen/warp2"},{"predicate":{"custom_model_data":10279},"model":"ai:ia_auto_gen/warp3"},{"predicate":{"custom_model_data":10280},"model":"ai:ia_auto_gen/warp4"},{"predicate":{"custom_model_data":10281},"model":"ai:ia_auto_gen/warp5"},{"predicate":{"custom_model_data":10282},"model":"ai:ia_auto_gen/hom"},{"predicate":{"custom_model_data":10283},"model":"ai:ia_auto_gen/boss"},{"predicate":{"custom_model_data":10284},"model":"ai:ia_auto_gen/eventtrade"},{"predicate":{"custom_model_data":10285},"model":"ai:ia_auto_gen/petfood1"},{"predicate":{"custom_model_data":10286},"model":"ai:ia_auto_gen/petfood2"},{"predicate":{"custom_model_data":10287},"model":"ai:ia_auto_gen/petfood3"},{"predicate":{"custom_model_data":10288},"model":"ai:ia_auto_gen/pickaxe"},{"predicate":{"custom_model_data":10289},"model":"ai:ia_auto_gen/sword"},{"predicate":{"custom_model_data":10290},"model":"ai:ia_auto_gen/armor"},{"predicate":{"custom_model_data":10291},"model":"ai:ia_auto_gen/rank"},{"predicate":{"custom_model_data":10292},"model":"ai:ia_auto_gen/rank1"},{"predicate":{"custom_model_data":10293},"model":"ai:ia_auto_gen/rank2"},{"predicate":{"custom_model_data":10294},"model":"ai:ia_auto_gen/rank3"},{"predicate":{"custom_model_data":10295},"model":"ai:ia_auto_gen/rank4"},{"predicate":{"custom_model_data":10296},"model":"ai:ia_auto_gen/rankmain"},{"predicate":{"custom_model_data":10297},"model":"ai:ia_auto_gen/crate"},{"predicate":{"custom_model_data":10298},"model":"ai:ia_auto_gen/number1"},{"predicate":{"custom_model_data":10299},"model":"ai:ia_auto_gen/number2"},{"predicate":{"custom_model_data":10300},"model":"ai:ia_auto_gen/number3"},{"predicate":{"custom_model_data":10301},"model":"ai:ia_auto_gen/number4"},{"predicate":{"custom_model_data":10302},"model":"ai:ia_auto_gen/number5"},{"predicate":{"custom_model_data":10303},"model":"elitecreatures:ifrit_animated/chest"},{"predicate":{"custom_model_data":10304},"model":"elitecreatures:verdant_animated/chest"},{"predicate":{"custom_model_data":10305},"model":"lunardragonset:key"},{"predicate":{"custom_model_data":10306},"model":"lunardragonset:helmet"},{"predicate":{"custom_model_data":10307},"model":"lunardragonset:wings"},{"predicate":{"custom_model_data":10308},"model":"shogunset:key"},{"predicate":{"custom_model_data":10309},"model":"shogunset:katana_sheath"},{"predicate":{"custom_model_data":10310},"model":"shogunset:flag_backpack"},{"predicate":{"custom_model_data":10311},"model":"shogunset:helmet"},{"predicate":{"custom_model_data":10312},"model":"ai:ia_auto_gen/goldslime"},{"predicate":{"custom_model_data":10313},"model":"ai:ia_auto_gen/eldric"},{"predicate":{"custom_model_data":10314},"model":"ai:ia_auto_gen/fill"},{"predicate":{"custom_model_data":10315},"model":"ai:ia_auto_gen/fill1"},{"predicate":{"custom_model_data":55900},"model":"lands_gui:ia_auto_gen/yunke_1"},{"predicate":{"custom_model_data":55901},"model":"lands_gui:ia_auto_gen/icon"},{"predicate":{"custom_model_data":55942},"model":"lands_gui:ia_auto_gen/profile"},{"predicate":{"custom_model_data":55943},"model":"lands_gui:ia_auto_gen/all_lands"},{"predicate":{"custom_model_data":55944},"model":"lands_gui:ia_auto_gen/all_nations"},{"predicate":{"custom_model_data":55945},"model":"lands_gui:ia_auto_gen/rentable"},{"predicate":{"custom_model_data":55946},"model":"lands_gui:ia_auto_gen/settings"},{"predicate":{"custom_model_data":55947},"model":"lands_gui:ia_auto_gen/back"},{"predicate":{"custom_model_data":55948},"model":"lands_gui:ia_auto_gen/invites"},{"predicate":{"custom_model_data":55949},"model":"lands_gui:ia_auto_gen/nations"},{"predicate":{"custom_model_data":55950},"model":"lands_gui:ia_auto_gen/your_lands"},{"predicate":{"custom_model_data":55951},"model":"lands_gui:ia_auto_gen/spawn"},{"predicate":{"custom_model_data":55952},"model":"lands_gui:ia_auto_gen/inbox"},{"predicate":{"custom_model_data":55953},"model":"lands_gui:ia_auto_gen/stats"},{"predicate":{"custom_model_data":55954},"model":"lands_gui:ia_auto_gen/mail"},{"predicate":{"custom_model_data":55955},"model":"lands_gui:ia_auto_gen/level"},{"predicate":{"custom_model_data":55956},"model":"lands_gui:ia_auto_gen/relations"},{"predicate":{"custom_model_data":55957},"model":"lands_gui:ia_auto_gen/taxes"},{"predicate":{"custom_model_data":55958},"model":"lands_gui:ia_auto_gen/roles"},{"predicate":{"custom_model_data":55959},"model":"lands_gui:ia_auto_gen/natural_flags"},{"predicate":{"custom_model_data":55960},"model":"lands_gui:ia_auto_gen/player_management"},{"predicate":{"custom_model_data":55961},"model":"lands_gui:ia_auto_gen/clear"},{"predicate":{"custom_model_data":55962},"model":"lands_gui:ia_auto_gen/filter"},{"predicate":{"custom_model_data":55963},"model":"lands_gui:ia_auto_gen/up"},{"predicate":{"custom_model_data":55964},"model":"lands_gui:ia_auto_gen/current"},{"predicate":{"custom_model_data":55965},"model":"lands_gui:ia_auto_gen/next_page"},{"predicate":{"custom_model_data":55966},"model":"lands_gui:ia_auto_gen/back_page"},{"predicate":{"custom_model_data":55967},"model":"lands_gui:ia_auto_gen/locked"},{"predicate":{"custom_model_data":55968},"model":"lands_gui:ia_auto_gen/unlocked"},{"predicate":{"custom_model_data":55969},"model":"lands_gui:ia_auto_gen/ally"},{"predicate":{"custom_model_data":55970},"model":"lands_gui:ia_auto_gen/enemies"},{"predicate":{"custom_model_data":55971},"model":"lands_gui:ia_auto_gen/send_offers"},{"predicate":{"custom_model_data":55972},"model":"lands_gui:ia_auto_gen/animal"},{"predicate":{"custom_model_data":55973},"model":"lands_gui:ia_auto_gen/griefing"},{"predicate":{"custom_model_data":55974},"model":"lands_gui:ia_auto_gen/fire"},{"predicate":{"custom_model_data":55975},"model":"lands_gui:ia_auto_gen/leaf"},{"predicate":{"custom_model_data":55976},"model":"lands_gui:ia_auto_gen/phantom"},{"predicate":{"custom_model_data":55977},"model":"lands_gui:ia_auto_gen/ban"},{"predicate":{"custom_model_data":55978},"model":"lands_gui:ia_auto_gen/invit"},{"predicate":{"custom_model_data":55979},"model":"lands_gui:ia_auto_gen/tnt"},{"predicate":{"custom_model_data":55980},"model":"lands_gui:ia_auto_gen/spawn_mobs"},{"predicate":{"custom_model_data":55981},"model":"lands_gui:ia_auto_gen/dirtmc"},{"predicate":{"custom_model_data":55982},"model":"lands_gui:ia_auto_gen/create"},{"predicate":{"custom_model_data":55983},"model":"lands_gui:ia_auto_gen/delete"},{"predicate":{"custom_model_data":55985},"model":"lands_gui:ia_auto_gen/only_public"},{"predicate":{"custom_model_data":55986},"model":"lands_gui:ia_auto_gen/category"},{"predicate":{"custom_model_data":55987},"model":"lands_gui:ia_auto_gen/type"},{"predicate":{"custom_model_data":55988},"model":"lands_gui:ia_auto_gen/receive_invites"},{"predicate":{"custom_model_data":55989},"model":"lands_gui:ia_auto_gen/enter_leavemsg"},{"predicate":{"custom_model_data":55990},"model":"lands_gui:ia_auto_gen/role_1"},{"predicate":{"custom_model_data":55991},"model":"lands_gui:ia_auto_gen/untrusted_icon"},{"predicate":{"custom_model_data":55993},"model":"lands_gui:ia_auto_gen/role_2"},{"predicate":{"custom_model_data":55994},"model":"lands_gui:ia_auto_gen/banned"},{"predicate":{"custom_model_data":55995},"model":"lands_gui:ia_auto_gen/banned_2"},{"predicate":{"custom_model_data":55996},"model":"lands_gui:ia_auto_gen/remove_taxes"},{"predicate":{"custom_model_data":55997},"model":"lands_gui:ia_auto_gen/add_taxes"},{"predicate":{"custom_model_data":55998},"model":"lands_gui:ia_auto_gen/money"},{"predicate":{"custom_model_data":954120},"model":"castle_battlepass:bp_icons_empty"},{"predicate":{"custom_model_data":954121},"model":"castle_battlepass:bp_icons_01"},{"predicate":{"custom_model_data":954122},"model":"castle_battlepass:bp_icons_02"},{"predicate":{"custom_model_data":954123},"model":"castle_battlepass:bp_icons_03"},{"predicate":{"custom_model_data":954124},"model":"castle_battlepass:bp_icons_04"},{"predicate":{"custom_model_data":954125},"model":"castle_battlepass:bp_icons_05"},{"predicate":{"custom_model_data":954126},"model":"castle_battlepass:bp_icons_06"},{"predicate":{"custom_model_data":954127},"model":"castle_battlepass:bp_icons_07"},{"predicate":{"custom_model_data":954128},"model":"castle_battlepass:bp_icons_08"},{"predicate":{"custom_model_data":954129},"model":"castle_battlepass:bp_icons_09"},{"predicate":{"custom_model_data":954130},"model":"castle_battlepass:bp_icons_10"},{"predicate":{"custom_model_data":1110201},"model":"skills_dragon_red:dragon_claw/dragon_claw_1"},{"predicate":{"custom_model_data":1110202},"model":"skills_dragon_red:dragon_claw/dragon_claw_2"},{"predicate":{"custom_model_data":1110203},"model":"skills_dragon_red:dragon_claw/dragon_claw_3"},{"predicate":{"custom_model_data":1110204},"model":"skills_dragon_red:dragon_claw/dragon_claw_4"},{"predicate":{"custom_model_data":1110205},"model":"skills_dragon_red:dragon_claw/dragon_claw_5"},{"predicate":{"custom_model_data":1110401},"model":"skills_dragon_red:dragon_dash/dragon_dash_1"},{"predicate":{"custom_model_data":1110402},"model":"skills_dragon_red:dragon_dash/dragon_dash_2"},{"predicate":{"custom_model_data":1110403},"model":"skills_dragon_red:dragon_dash/dragon_dash_3"},{"predicate":{"custom_model_data":1110404},"model":"skills_dragon_red:dragon_dash/dragon_dash_4"},{"predicate":{"custom_model_data":1110405},"model":"skills_dragon_red:dragon_dash/dragon_dash_5"},{"predicate":{"custom_model_data":1110601},"model":"skills_dragon_red:dragon_jump/dragon_jump_1"},{"predicate":{"custom_model_data":1110602},"model":"skills_dragon_red:dragon_jump/dragon_jump_2"},{"predicate":{"custom_model_data":1110603},"model":"skills_dragon_red:dragon_jump/dragon_jump_3"},{"predicate":{"custom_model_data":1110604},"model":"skills_dragon_red:dragon_jump/dragon_jump_4"},{"predicate":{"custom_model_data":1110801},"model":"skills_dragon_red:dragon_roar/dragon_roar_1"},{"predicate":{"custom_model_data":1110802},"model":"skills_dragon_red:dragon_roar/dragon_roar_2"},{"predicate":{"custom_model_data":1110803},"model":"skills_dragon_red:dragon_roar/dragon_roar_3"},{"predicate":{"custom_model_data":1110804},"model":"skills_dragon_red:dragon_roar/dragon_roar_4"},{"predicate":{"custom_model_data":1110805},"model":"skills_dragon_red:dragon_roar/dragon_roar_5"},{"predicate":{"custom_model_data":1110901},"model":"skills_dragon_red:dragon_shot/dragon_shot"},{"predicate":{"custom_model_data":4800001},"model":"forest_skills:s1_forest_hit/s1_forest_hit_1"},{"predicate":{"custom_model_data":4800002},"model":"forest_skills:s1_forest_hit/s1_forest_hit_2"},{"predicate":{"custom_model_data":4800003},"model":"forest_skills:s1_forest_hit/s1_forest_hit_3"},{"predicate":{"custom_model_data":4800004},"model":"forest_skills:s1_forest_hit/s1_forest_hit_4"},{"predicate":{"custom_model_data":4800005},"model":"forest_skills:s1_forest_hit/s1_forest_hit_5"},{"predicate":{"custom_model_data":4800006},"model":"forest_skills:s1_forest_hit/s1_forest_hit_6"},{"predicate":{"custom_model_data":4800101},"model":"forest_skills:s3_forest_buff/s3_forest_buff_1"},{"predicate":{"custom_model_data":4800102},"model":"forest_skills:s3_forest_buff/s3_forest_buff_2"},{"predicate":{"custom_model_data":4800103},"model":"forest_skills:s3_forest_buff/s3_forest_buff_3"},{"predicate":{"custom_model_data":4800201},"model":"forest_skills:s3_forest_buff_re/s3_forest_buff_re_1"},{"predicate":{"custom_model_data":4800202},"model":"forest_skills:s3_forest_buff_re/s3_forest_buff_re_2"},{"predicate":{"custom_model_data":4800203},"model":"forest_skills:s3_forest_buff_re/s3_forest_buff_re_3"},{"predicate":{"custom_model_data":4800204},"model":"forest_skills:s3_forest_buff_re/s3_forest_buff_re_4"},{"predicate":{"custom_model_data":4800205},"model":"forest_skills:s3_forest_buff_re/s3_forest_buff_re_5"},{"predicate":{"custom_model_data":4800301},"model":"forest_skills:s5_forest_drop/s5_forest_drop_1"},{"predicate":{"custom_model_data":4800302},"model":"forest_skills:s5_forest_drop/s5_forest_drop_2"},{"predicate":{"custom_model_data":4800303},"model":"forest_skills:s5_forest_drop/s5_forest_drop_3"},{"predicate":{"custom_model_data":4800304},"model":"forest_skills:s5_forest_drop/s5_forest_drop_4"},{"predicate":{"custom_model_data":4800305},"model":"forest_skills:s5_forest_drop/s5_forest_drop_5"},{"predicate":{"custom_model_data":4800306},"model":"forest_skills:s5_forest_drop/s5_forest_drop_6"},{"predicate":{"custom_model_data":4890005},"model":"forestset:forestset/forest_wing"},{"predicate":{"custom_model_data":4890006},"model":"item/paper"}]}