{"credit":"MythicMMC Team","textures":{"0":"forest_skills:s1_forest_hit/s1_forest_hit_6","particle":"forest_skills:s1_forest_hit/s1_forest_hit_6"},"elements":[{"from":[-8,-15.5,8],"to":[24,15.5,8],"rotation":{"angle":22.5,"axis":"y","origin":[8,1,8]},"faces":{"north":{"uv":[1.5,1.5,14.625,15.125],"texture":"#0"},"east":{"uv":[0,0,0,16],"texture":"#missing"},"south":{"uv":[14.625,1.5,1.5,15.125],"texture":"#0"},"west":{"uv":[0,0,0,16],"texture":"#missing"},"up":{"uv":[0,0,16,0],"texture":"#missing"},"down":{"uv":[0,0,16,0],"texture":"#missing"}}},{"from":[-8,-14.25,8],"to":[24,16.75,8],"rotation":{"angle":-22.5,"axis":"y","origin":[8,1.25,8]},"faces":{"north":{"uv":[14.625,15.125,1.5,1.5],"texture":"#0"},"east":{"uv":[0,0,0,16],"texture":"#missing"},"south":{"uv":[1.5,15.125,14.625,1.5],"texture":"#0"},"west":{"uv":[0,0,0,16],"texture":"#missing"},"up":{"uv":[0,0,16,0],"texture":"#missing"},"down":{"uv":[0,0,16,0],"texture":"#missing"}}}],"display":{"head":{"translation":[0,9.5,0],"scale":[3.72,3.66,3.72]}}}