{"credit":"Made with Blockbench","texture_size":[48,48],"textures":{"4":"elitecreatures:verdant_animated/1","5":"elitecreatures:verdant_animated/2","6":"elitecreatures:verdant_animated/crossbow","particle":"elitecreatures:verdant_animated/1"},"elements":[{"from":[6.75,6.75,-1.73528],"to":[9.25,9.25,1.26472],"rotation":{"angle":0,"axis":"y","origin":[8,8,4]},"faces":{"north":{"uv":[4.33333,11.33333,5.16667,12.16667],"texture":"#6"},"east":{"uv":[6,10.66667,7,11.5],"texture":"#6"},"south":{"uv":[11.33333,11.33333,12.16667,12.16667],"texture":"#6"},"west":{"uv":[7,10.66667,8,11.5],"texture":"#6"},"up":{"uv":[11.5,10,10.66667,9],"texture":"#6"},"down":{"uv":[11.5,10,10.66667,11],"texture":"#6"}}},{"from":[4.75,7.5,-0.23528],"to":[11.25,8.5,0.76472],"rotation":{"angle":0,"axis":"y","origin":[8,8,4]},"faces":{"north":{"uv":[2,11.33333,4.16667,11.66667],"texture":"#6"},"east":{"uv":[12.33333,12,12.66667,12.33333],"texture":"#6"},"south":{"uv":[11.33333,7.66667,13.5,8],"texture":"#6"},"west":{"uv":[13,6,13.33333,6.33333],"texture":"#6"},"up":{"uv":[13.5,8.33333,11.33333,8],"texture":"#6"},"down":{"uv":[13.5,11,11.33333,11.33333],"texture":"#6"}}},{"from":[2.75,7.25,-2.23528],"to":[13.25,8.75,-0.23528],"rotation":{"angle":0,"axis":"y","origin":[8,8,4]},"faces":{"north":{"uv":[2,7.66667,5.5,8.16667],"texture":"#6"},"east":{"uv":[6.66667,12.33333,7.33333,12.83333],"texture":"#6"},"south":{"uv":[5.66667,7.66667,9.16667,8.16667],"texture":"#6"},"west":{"uv":[7.33333,12.33333,8,12.83333],"texture":"#6"},"up":{"uv":[10.83333,2,7.33333,1.33333],"texture":"#6"},"down":{"uv":[10.83333,2,7.33333,2.66667],"texture":"#6"}}},{"from":[14.70711,7,2.71751],"to":[18.20711,9,4.71751],"rotation":{"angle":45,"axis":"y","origin":[8,8,4]},"faces":{"north":{"uv":[11,1.33333,12.16667,2],"texture":"#6"},"east":{"uv":[1.33333,12.33333,2,13],"texture":"#6"},"south":{"uv":[11,2,12.16667,2.66667],"texture":"#6"},"west":{"uv":[12.33333,2,13,2.66667],"texture":"#6"},"up":{"uv":[12.16667,3.33333,11,2.66667],"texture":"#6"},"down":{"uv":[12.16667,3.33333,11,4],"texture":"#6"}}},{"from":[16.70711,7.25,0.71751],"to":[18.20711,8.75,2.71751],"rotation":{"angle":45,"axis":"y","origin":[8,8,4]},"faces":{"north":{"uv":[1.33333,13,1.83333,13.5],"texture":"#6"},"east":{"uv":[8,12.33333,8.66667,12.83333],"texture":"#6"},"south":{"uv":[13,2,13.5,2.5],"texture":"#6"},"west":{"uv":[8.66667,12.33333,9.33333,12.83333],"texture":"#6"},"up":{"uv":[12.83333,10.33333,12.33333,9.66667],"texture":"#6"},"down":{"uv":[12.83333,10.33333,12.33333,11],"texture":"#6"}}},{"from":[14.70711,7.25,4.71751],"to":[16.20711,8.75,6.71751],"rotation":{"angle":45,"axis":"y","origin":[8,8,4]},"faces":{"north":{"uv":[13,2.66667,13.5,3.16667],"texture":"#6"},"east":{"uv":[11.33333,12.33333,12,12.83333],"texture":"#6"},"south":{"uv":[13,3.33333,13.5,3.83333],"texture":"#6"},"west":{"uv":[12.33333,11.33333,13,11.83333],"texture":"#6"},"up":{"uv":[12.5,13,12,12.33333],"texture":"#6"},"down":{"uv":[2.5,12.66667,2,13.33333],"texture":"#6"}}},{"from":[18.20711,7,1.21751],"to":[19.70711,10.5,2.71751],"rotation":{"angle":45,"axis":"y","origin":[8,8,4]},"faces":{"north":{"uv":[9.33333,11.66667,9.83333,12.83333],"texture":"#6"},"east":{"uv":[11.66667,9.66667,12.16667,10.83333],"texture":"#6"},"south":{"uv":[10,11.66667,10.5,12.83333],"texture":"#6"},"west":{"uv":[10.66667,11.66667,11.16667,12.83333],"texture":"#6"},"up":{"uv":[4.5,13.5,4,13],"texture":"#6"},"down":{"uv":[13.5,4,13,4.5],"texture":"#6"}}},{"from":[18.20711,9,2.71751],"to":[19.70711,10.5,8.21751],"rotation":{"angle":45,"axis":"y","origin":[8,8,4]},"faces":{"north":{"uv":[4.66667,13,5.16667,13.5],"texture":"#6"},"east":{"uv":[9.33333,7.66667,11.16667,8.16667],"texture":"#6"},"south":{"uv":[13,4.66667,13.5,5.16667],"texture":"#6"},"west":{"uv":[10,8.33333,11.83333,8.83333],"texture":"#6"},"up":{"uv":[10.5,10.83333,10,9],"texture":"#6"},"down":{"uv":[1.83333,10.33333,1.33333,12.16667],"texture":"#6"}}},{"from":[17.95711,8.75,8.21751],"to":[19.95711,10.75,11.71751],"rotation":{"angle":45,"axis":"y","origin":[8,8,4]},"faces":{"north":{"uv":[12.33333,2.66667,13,3.33333],"texture":"#6"},"east":{"uv":[11,4,12.16667,4.66667],"texture":"#6"},"south":{"uv":[12.33333,3.33333,13,4],"texture":"#6"},"west":{"uv":[11,4.66667,12.16667,5.33333],"texture":"#6"},"up":{"uv":[10,11.5,9.33333,10.33333],"texture":"#6"},"down":{"uv":[11.66667,5.33333,11,6.5],"texture":"#6"}}},{"from":[17.95711,8.75,6.21751],"to":[19.95711,10.75,7.21751],"rotation":{"angle":45,"axis":"y","origin":[8,8,4]},"faces":{"north":{"uv":[4,12.33333,4.66667,13],"texture":"#6"},"east":{"uv":[4,11.66667,4.33333,12.33333],"texture":"#6"},"south":{"uv":[12.33333,4,13,4.66667],"texture":"#6"},"west":{"uv":[6,13,6.33333,13.66667],"texture":"#6"},"up":{"uv":[6,11.66667,5.33333,11.33333],"texture":"#6"},"down":{"uv":[13.33333,9.33333,12.66667,9.66667],"texture":"#6"}}},{"from":[15.95711,8.75,11.71751],"to":[19.45711,10.75,13.21751],"rotation":{"angle":45,"axis":"y","origin":[8,8,4]},"faces":{"north":{"uv":[8,11,9.16667,11.66667],"texture":"#6"},"east":{"uv":[2.66667,12.66667,3.16667,13.33333],"texture":"#6"},"south":{"uv":[10,11,11.16667,11.66667],"texture":"#6"},"west":{"uv":[3.33333,12.66667,3.83333,13.33333],"texture":"#6"},"up":{"uv":[13.16667,8.83333,12,8.33333],"texture":"#6"},"down":{"uv":[13.5,1.33333,12.33333,1.83333],"texture":"#6"}}},{"from":[15.95711,8.75,9.71751],"to":[16.95711,10.75,11.71751],"rotation":{"angle":45,"axis":"y","origin":[8,8,4]},"faces":{"north":{"uv":[6.33333,13,6.66667,13.66667],"texture":"#6"},"east":{"uv":[4.66667,12.33333,5.33333,13],"texture":"#6"},"south":{"uv":[6.66667,13,7,13.66667],"texture":"#6"},"west":{"uv":[12.33333,4.66667,13,5.33333],"texture":"#6"},"up":{"uv":[7.33333,13.66667,7,13],"texture":"#6"},"down":{"uv":[7.66667,13,7.33333,13.66667],"texture":"#6"}}},{"from":[-0.20711,7.25,4.71751],"to":[1.29289,8.75,6.71751],"rotation":{"angle":-45,"axis":"y","origin":[8,8,4]},"faces":{"north":{"uv":[13.5,2.66667,13,3.16667],"texture":"#6"},"east":{"uv":[13,11.33333,12.33333,11.83333],"texture":"#6"},"south":{"uv":[13.5,3.33333,13,3.83333],"texture":"#6"},"west":{"uv":[12,12.33333,11.33333,12.83333],"texture":"#6"},"up":{"uv":[12,13,12.5,12.33333],"texture":"#6"},"down":{"uv":[2,12.66667,2.5,13.33333],"texture":"#6"}}},{"from":[-2.20711,7.25,0.71751],"to":[-0.70711,8.75,2.71751],"rotation":{"angle":-45,"axis":"y","origin":[8,8,4]},"faces":{"north":{"uv":[1.83333,13,1.33333,13.5],"texture":"#6"},"east":{"uv":[9.33333,12.33333,8.66667,12.83333],"texture":"#6"},"south":{"uv":[13.5,2,13,2.5],"texture":"#6"},"west":{"uv":[8.66667,12.33333,8,12.83333],"texture":"#6"},"up":{"uv":[12.33333,10.33333,12.83333,9.66667],"texture":"#6"},"down":{"uv":[12.33333,10.33333,12.83333,11],"texture":"#6"}}},{"from":[-2.20711,7,2.71751],"to":[1.29289,9,4.71751],"rotation":{"angle":-45,"axis":"y","origin":[8,8,4]},"faces":{"north":{"uv":[12.16667,1.33333,11,2],"texture":"#6"},"east":{"uv":[13,2,12.33333,2.66667],"texture":"#6"},"south":{"uv":[12.16667,2,11,2.66667],"texture":"#6"},"west":{"uv":[2,12.33333,1.33333,13],"texture":"#6"},"up":{"uv":[11,3.33333,12.16667,2.66667],"texture":"#6"},"down":{"uv":[11,3.33333,12.16667,4],"texture":"#6"}}},{"from":[-3.70711,7,1.21751],"to":[-2.20711,10.5,2.71751],"rotation":{"angle":-45,"axis":"y","origin":[8,8,4]},"faces":{"north":{"uv":[9.83333,11.66667,9.33333,12.83333],"texture":"#6"},"east":{"uv":[11.16667,11.66667,10.66667,12.83333],"texture":"#6"},"south":{"uv":[10.5,11.66667,10,12.83333],"texture":"#6"},"west":{"uv":[12.16667,9.66667,11.66667,10.83333],"texture":"#6"},"up":{"uv":[4,13.5,4.5,13],"texture":"#6"},"down":{"uv":[13,4,13.5,4.5],"texture":"#6"}}},{"from":[-3.70711,9,2.71751],"to":[-2.20711,10.5,8.21751],"rotation":{"angle":-45,"axis":"y","origin":[8,8,4]},"faces":{"north":{"uv":[5.16667,13,4.66667,13.5],"texture":"#6"},"east":{"uv":[11.83333,8.33333,10,8.83333],"texture":"#6"},"south":{"uv":[13.5,4.66667,13,5.16667],"texture":"#6"},"west":{"uv":[11.16667,7.66667,9.33333,8.16667],"texture":"#6"},"up":{"uv":[10,10.83333,10.5,9],"texture":"#6"},"down":{"uv":[1.33333,10.33333,1.83333,12.16667],"texture":"#6"}}},{"from":[-3.95711,8.75,8.21751],"to":[-1.95711,10.75,11.71751],"rotation":{"angle":-45,"axis":"y","origin":[8,8,4]},"faces":{"north":{"uv":[13,2.66667,12.33333,3.33333],"texture":"#6"},"east":{"uv":[12.16667,4.66667,11,5.33333],"texture":"#6"},"south":{"uv":[13,3.33333,12.33333,4],"texture":"#6"},"west":{"uv":[12.16667,4,11,4.66667],"texture":"#6"},"up":{"uv":[9.33333,11.5,10,10.33333],"texture":"#6"},"down":{"uv":[11,5.33333,11.66667,6.5],"texture":"#6"}}},{"from":[-3.45711,8.75,11.71751],"to":[0.04289,10.75,13.21751],"rotation":{"angle":-45,"axis":"y","origin":[8,8,4]},"faces":{"north":{"uv":[9.16667,11,8,11.66667],"texture":"#6"},"east":{"uv":[3.83333,12.66667,3.33333,13.33333],"texture":"#6"},"south":{"uv":[11.16667,11,10,11.66667],"texture":"#6"},"west":{"uv":[3.16667,12.66667,2.66667,13.33333],"texture":"#6"},"up":{"uv":[12,8.83333,13.16667,8.33333],"texture":"#6"},"down":{"uv":[12.33333,1.33333,13.5,1.83333],"texture":"#6"}}},{"from":[-0.95711,8.75,9.71751],"to":[0.04289,10.75,11.71751],"rotation":{"angle":-45,"axis":"y","origin":[8,8,4]},"faces":{"north":{"uv":[6.66667,13,6.33333,13.66667],"texture":"#6"},"east":{"uv":[13,4.66667,12.33333,5.33333],"texture":"#6"},"south":{"uv":[7,13,6.66667,13.66667],"texture":"#6"},"west":{"uv":[5.33333,12.33333,4.66667,13],"texture":"#6"},"up":{"uv":[7,13.66667,7.33333,13],"texture":"#6"},"down":{"uv":[7.33333,13,7.66667,13.66667],"texture":"#6"}}},{"from":[-3.95711,8.75,6.21751],"to":[-1.95711,10.75,7.21751],"rotation":{"angle":-45,"axis":"y","origin":[8,8,4]},"faces":{"north":{"uv":[4.66667,12.33333,4,13],"texture":"#6"},"east":{"uv":[6.33333,13,6,13.66667],"texture":"#6"},"south":{"uv":[13,4,12.33333,4.66667],"texture":"#6"},"west":{"uv":[4.33333,11.66667,4,12.33333],"texture":"#6"},"up":{"uv":[5.33333,11.66667,6,11.33333],"texture":"#6"},"down":{"uv":[12.66667,9.33333,13.33333,9.66667],"texture":"#6"}}},{"from":[6.75,6.75,13.26472],"to":[9.25,9.25,14.26472],"rotation":{"angle":0,"axis":"y","origin":[8,8,8]},"faces":{"north":{"uv":[2,11.66667,2.83333,12.5],"texture":"#6"},"east":{"uv":[12.66667,5.33333,13,6.16667],"texture":"#6"},"south":{"uv":[3,11.66667,3.83333,12.5],"texture":"#6"},"west":{"uv":[12.66667,12,13,12.83333],"texture":"#6"},"up":{"uv":[13.5,6.66667,12.66667,6.33333],"texture":"#6"},"down":{"uv":[13.5,9,12.66667,9.33333],"texture":"#6"}}},{"from":[6.5,6.5,14.26472],"to":[9.5,9.5,17.26472],"rotation":{"angle":0,"axis":"y","origin":[8,8,8]},"faces":{"north":{"uv":[8,8.33333,9,9.33333],"texture":"#6"},"east":{"uv":[9,4,10,5],"texture":"#6"},"south":{"uv":[9,5,10,6],"texture":"#6"},"west":{"uv":[9,8.33333,10,9.33333],"texture":"#6"},"up":{"uv":[9,10.33333,8,9.33333],"texture":"#6"},"down":{"uv":[10,9.33333,9,10.33333],"texture":"#6"}}},{"from":[2.09099,6.5,-1.90901],"to":[5.09099,9.5,1.09099],"rotation":{"angle":-45,"axis":"y","origin":[8,8,4]},"faces":{"north":{"uv":[2,9.66667,3,10.66667],"texture":"#6"},"east":{"uv":[3,9.66667,4,10.66667],"texture":"#6"},"south":{"uv":[4,9.66667,5,10.66667],"texture":"#6"},"west":{"uv":[5,9.66667,6,10.66667],"texture":"#6"},"up":{"uv":[7,10.66667,6,9.66667],"texture":"#6"},"down":{"uv":[8,9.66667,7,10.66667],"texture":"#6"}}},{"from":[1.09099,7,-2.90901],"to":[4.09099,9,0.09099],"rotation":{"angle":-45,"axis":"y","origin":[8,8,4]},"faces":{"north":{"uv":[9,6,10,6.66667],"texture":"#6"},"east":{"uv":[5.33333,11.66667,6.33333,12.33333],"texture":"#6"},"south":{"uv":[11.66667,5.33333,12.66667,6],"texture":"#6"},"west":{"uv":[11.66667,6,12.66667,6.66667],"texture":"#6"},"up":{"uv":[11,3.66667,10,2.66667],"texture":"#6"},"down":{"uv":[11,3.66667,10,4.66667],"texture":"#6"}}},{"from":[13.38388,6.25,13.38388],"to":[16.38388,9.75,16.38388],"rotation":{"angle":-45,"axis":"y","origin":[8,8,8]},"faces":{"north":{"uv":[4,8.33333,5,9.5],"texture":"#6"},"east":{"uv":[5,8.33333,6,9.5],"texture":"#6"},"south":{"uv":[6,8.33333,7,9.5],"texture":"#6"},"west":{"uv":[7,8.33333,8,9.5],"texture":"#6"},"up":{"uv":[11,5.66667,10,4.66667],"texture":"#6"},"down":{"uv":[11,5.66667,10,6.66667],"texture":"#6"}}},{"from":[7,7,5.26472],"to":[9,9,13.26472],"rotation":{"angle":0,"axis":"y","origin":[8,8,8]},"faces":{"north":{"uv":[5.33333,12.33333,6,13],"texture":"#6"},"east":{"uv":[7.33333,2.66667,10,3.33333],"texture":"#6"},"south":{"uv":[6,12.33333,6.66667,13],"texture":"#6"},"west":{"uv":[7.33333,3.33333,10,4],"texture":"#6"},"up":{"uv":[8,6.66667,7.33333,4],"texture":"#6"},"down":{"uv":[2,7.66667,1.33333,10.33333],"texture":"#6"}}},{"from":[9.35964,7,14.88351],"to":[12.35964,9,18.88351],"rotation":{"angle":-22.5,"axis":"y","origin":[8,8,8]},"faces":{"north":{"uv":[6.33333,11.66667,7.33333,12.33333],"texture":"#6"},"east":{"uv":[8,10.33333,9.33333,11],"texture":"#6"},"south":{"uv":[7.33333,11.66667,8.33333,12.33333],"texture":"#6"},"west":{"uv":[2,10.66667,3.33333,11.33333],"texture":"#6"},"up":{"uv":[9,5.33333,8,4],"texture":"#6"},"down":{"uv":[9,5.33333,8,6.66667],"texture":"#6"}}},{"from":[3.64036,7,14.88351],"to":[6.64036,9,18.88351],"rotation":{"angle":22.5,"axis":"y","origin":[8,8,8]},"faces":{"north":{"uv":[8.33333,11.66667,9.33333,12.33333],"texture":"#6"},"east":{"uv":[3.33333,10.66667,4.66667,11.33333],"texture":"#6"},"south":{"uv":[11.66667,9,12.66667,9.66667],"texture":"#6"},"west":{"uv":[4.66667,10.66667,6,11.33333],"texture":"#6"},"up":{"uv":[3,9.66667,2,8.33333],"texture":"#6"},"down":{"uv":[4,8.33333,3,9.66667],"texture":"#6"}}},{"from":[7.25,8.25,-4.75],"to":[8.75,9.75,13.25],"rotation":{"angle":0,"axis":"y","origin":[8,1,4]},"faces":{"north":{"uv":[5.33333,13,5.83333,13.5],"texture":"#6"},"east":{"uv":[7.33333,0,13.33333,0.5],"texture":"#6"},"south":{"uv":[13,5.33333,13.5,5.83333],"texture":"#6"},"west":{"uv":[7.33333,0.66667,13.33333,1.16667],"texture":"#6"},"up":{"uv":[0.5,13.66667,0,7.66667],"texture":"#6"},"down":{"uv":[1.16667,7.66667,0.66667,13.66667],"texture":"#6"}}},{"from":[-3,9.85,2],"to":[19,9.85,12],"faces":{"north":{"uv":[0,0,7.33333,0],"texture":"#6"},"east":{"uv":[0,0,3.33333,0],"texture":"#6"},"south":{"uv":[0,0,7.33333,0],"texture":"#6"},"west":{"uv":[0,0,3.33333,0],"texture":"#6"},"up":{"uv":[7.33333,3.33333,0,0],"texture":"#6"},"down":{"uv":[7.33333,3.33333,0,6.66667],"texture":"#6"}}},{"from":[12.75,8,-3.73528],"to":[16.75,8,0.26472],"rotation":{"angle":0,"axis":"y","origin":[8,8,8]},"faces":{"north":{"uv":[0,4,0,0],"rotation":270,"texture":"#5"},"east":{"uv":[0,0,0,4],"rotation":90,"texture":"#5"},"south":{"uv":[0,0,0,4],"rotation":270,"texture":"#5"},"west":{"uv":[0,0,0,4],"rotation":270,"texture":"#5"},"up":{"uv":[6,0,10,4],"texture":"#5"},"down":{"uv":[10,0,6,4],"rotation":180,"texture":"#5"}}},{"from":[-0.75,8,-3.73528],"to":[3.25,8,0.26472],"rotation":{"angle":0,"axis":"y","origin":[8,8,8]},"faces":{"north":{"uv":[0,0,0,4],"rotation":270,"texture":"#5"},"east":{"uv":[0,0,0,4],"rotation":90,"texture":"#5"},"south":{"uv":[0,4,0,0],"rotation":270,"texture":"#5"},"west":{"uv":[0,0,0,4],"rotation":270,"texture":"#5"},"up":{"uv":[10,0,6,4],"texture":"#5"},"down":{"uv":[6,0,10,4],"rotation":180,"texture":"#5"}}},{"from":[2.5,8,14.76472],"to":[6.5,8,18.76472],"rotation":{"angle":0,"axis":"y","origin":[8,8,8]},"faces":{"north":{"uv":[0,0,0,4],"rotation":270,"texture":"#5"},"east":{"uv":[0,0,0,4],"rotation":90,"texture":"#5"},"south":{"uv":[0,4,0,0],"rotation":270,"texture":"#5"},"west":{"uv":[0,0,0,4],"rotation":270,"texture":"#5"},"up":{"uv":[10,0,6,4],"texture":"#5"},"down":{"uv":[6,0,10,4],"rotation":180,"texture":"#5"}}},{"from":[9.5,8,14.76472],"to":[13.5,8,18.76472],"rotation":{"angle":0,"axis":"y","origin":[8,8,8]},"faces":{"north":{"uv":[0,4,0,0],"rotation":270,"texture":"#5"},"east":{"uv":[0,0,0,4],"rotation":90,"texture":"#5"},"south":{"uv":[0,0,0,4],"rotation":270,"texture":"#5"},"west":{"uv":[0,0,0,4],"rotation":270,"texture":"#5"},"up":{"uv":[6,0,10,4],"texture":"#5"},"down":{"uv":[10,0,6,4],"rotation":180,"texture":"#5"}}},{"from":[5,6.75,-2.23528],"to":[11,6.75,1.76472],"rotation":{"angle":0,"axis":"y","origin":[8,8,8]},"faces":{"north":{"uv":[0,6,0,0],"rotation":270,"texture":"#5"},"east":{"uv":[0,0,0,4],"rotation":90,"texture":"#5"},"south":{"uv":[0,0,0,6],"rotation":270,"texture":"#5"},"west":{"uv":[0,0,0,4],"rotation":270,"texture":"#5"},"up":{"uv":[0,0,6,4],"texture":"#5"},"down":{"uv":[0,0,6,4],"rotation":180,"texture":"#5"}}},{"from":[5,9.25,-2.23528],"to":[11,9.25,1.76472],"rotation":{"angle":0,"axis":"y","origin":[8,8,8]},"faces":{"north":{"uv":[0,6,0,0],"rotation":270,"texture":"#5"},"east":{"uv":[0,0,0,4],"rotation":90,"texture":"#5"},"south":{"uv":[0,0,0,6],"rotation":270,"texture":"#5"},"west":{"uv":[0,0,0,4],"rotation":270,"texture":"#5"},"up":{"uv":[6,0,0,4],"texture":"#5"},"down":{"uv":[6,0,0,4],"rotation":180,"texture":"#5"}}},{"from":[9,8,-0.23528],"to":[13,8,2.76472],"rotation":{"angle":0,"axis":"y","origin":[8,8,8]},"faces":{"north":{"uv":[0,4,0,0],"rotation":270,"texture":"#5"},"east":{"uv":[0,0,0,3],"rotation":90,"texture":"#5"},"south":{"uv":[0,0,0,4],"rotation":270,"texture":"#5"},"west":{"uv":[0,0,0,3],"rotation":270,"texture":"#5"},"up":{"uv":[0,4.5,4,7.5],"texture":"#5"},"down":{"uv":[4,4.5,0,7.5],"rotation":180,"texture":"#5"}}},{"from":[3,8,-0.23528],"to":[7,8,2.76472],"rotation":{"angle":0,"axis":"y","origin":[8,8,8]},"faces":{"north":{"uv":[0,0,0,4],"rotation":270,"texture":"#5"},"east":{"uv":[0,0,0,3],"rotation":90,"texture":"#5"},"south":{"uv":[0,4,0,0],"rotation":270,"texture":"#5"},"west":{"uv":[0,0,0,3],"rotation":270,"texture":"#5"},"up":{"uv":[4,4.5,0,7.5],"texture":"#5"},"down":{"uv":[0,4.5,4,7.5],"rotation":180,"texture":"#5"}}},{"from":[6.75,1.23143,-3.93393],"to":[9.25,5.23143,-3.93393],"rotation":{"angle":22.5,"axis":"x","origin":[4.11472,8,2.75]},"faces":{"north":{"uv":[10,0,12.5,4],"rotation":180,"texture":"#5"},"east":{"uv":[0,4,0,0],"texture":"#5"},"south":{"uv":[10,0,12.5,4],"rotation":180,"texture":"#5"},"west":{"uv":[0,4,0,0],"texture":"#5"},"up":{"uv":[0,0,0,2.5],"rotation":90,"texture":"#5"},"down":{"uv":[0,2.5,0,0],"rotation":270,"texture":"#5"}}},{"from":[0.93568,6.75,-5.42076],"to":[4.93568,9.25,-5.42076],"rotation":{"angle":-22.5,"axis":"y","origin":[4.11472,8,2.75]},"faces":{"north":{"uv":[12.5,0,10,4],"rotation":90,"texture":"#5"},"east":{"uv":[0,0,0,2.5],"texture":"#5"},"south":{"uv":[12.5,0,10,4],"rotation":270,"texture":"#5"},"west":{"uv":[0,2.5,0,0],"rotation":180,"texture":"#5"},"up":{"uv":[0,0,0,4],"rotation":270,"texture":"#5"},"down":{"uv":[0,0,0,4],"rotation":270,"texture":"#5"}}},{"from":[10.47282,6.75,-2.4471],"to":[14.47282,9.25,-2.4471],"rotation":{"angle":22.5,"axis":"y","origin":[4.11472,8,2.75]},"faces":{"north":{"uv":[12.5,0,10,4],"rotation":270,"texture":"#5"},"east":{"uv":[0,2.5,0,0],"texture":"#5"},"south":{"uv":[12.5,0,10,4],"rotation":90,"texture":"#5"},"west":{"uv":[0,0,0,2.5],"rotation":180,"texture":"#5"},"up":{"uv":[0,0,0,4],"rotation":90,"texture":"#5"},"down":{"uv":[0,0,0,4],"rotation":90,"texture":"#5"}}},{"from":[10.73223,9.85,2.26777],"to":[13.73223,9.85,5.26777],"rotation":{"angle":45,"axis":"y","origin":[8,8,8]},"faces":{"north":{"uv":[0,9.5,3,12.5],"texture":"#4"},"east":{"uv":[0,9.5,3,12.5],"texture":"#4"},"south":{"uv":[0,9.5,3,12.5],"texture":"#4"},"west":{"uv":[0,9.5,3,12.5],"texture":"#4"},"up":{"uv":[0,9.5,3,12.5],"texture":"#4"},"down":{"uv":[0,9.5,3,12.5],"texture":"#4"}}}],"gui_light":"front","display":{"thirdperson_righthand":{"translation":[0,3.25,2],"scale":[0.6,0.6,0.6]},"thirdperson_lefthand":{"translation":[0,3.25,2],"scale":[0.6,0.6,0.6]},"firstperson_righthand":{"rotation":[33,12,0],"translation":[0.75,1.25,2],"scale":[0.6,0.6,0.6]},"firstperson_lefthand":{"rotation":[33,12,0],"translation":[0.75,1.25,2],"scale":[0.6,0.6,0.6]},"ground":{"translation":[0,2.5,0],"scale":[0.6,0.6,0.6]},"gui":{"rotation":[52,141,0],"translation":[1.25,0.5,0],"scale":[0.5,0.5,0.5]},"head":{"translation":[0,10.5,1.75],"scale":[0.725,0.725,0.725]},"fixed":{"rotation":[-90,0,0],"translation":[0,1.75,-6.75]}}}