{"credit":"Made with Blockbench","texture_size":[40,40],"textures":{"4":"elitecreatures:verdant_animated/1","5":"elitecreatures:verdant_animated/2","6":"elitecreatures:verdant_animated/hoe","particle":"elitecreatures:verdant_animated/1"},"elements":[{"from":[6.75,16,6.75],"to":[9.25,19,9.25],"rotation":{"angle":0,"axis":"y","origin":[-0.25,15,-0.25]},"faces":{"north":{"uv":[10,5.2,11,6.4],"texture":"#6"},"east":{"uv":[8.8,10,9.8,11.2],"texture":"#6"},"south":{"uv":[10,8.8,11,10],"texture":"#6"},"west":{"uv":[10,10,11,11.2],"texture":"#6"},"up":{"uv":[5,11.4,4,10.4],"texture":"#6"},"down":{"uv":[6.2,10.4,5.2,11.4],"texture":"#6"}}},{"from":[7.5,16.5,4.75],"to":[8.5,17.5,11.25],"rotation":{"angle":0,"axis":"y","origin":[8,17.5,8]},"faces":{"north":{"uv":[7.2,4.4,7.6,4.8],"texture":"#6"},"east":{"uv":[9.6,4,12.2,4.4],"texture":"#6"},"south":{"uv":[10.8,8.4,11.2,8.8],"texture":"#6"},"west":{"uv":[10.4,3.2,13,3.6],"texture":"#6"},"up":{"uv":[2.8,13,2.4,10.4],"texture":"#6"},"down":{"uv":[3.2,10.4,2.8,13],"texture":"#6"}}},{"from":[7.25,17.5,2.75],"to":[8.75,19.5,13.25],"rotation":{"angle":0,"axis":"y","origin":[8,17.5,9]},"faces":{"north":{"uv":[12,7.6,12.6,8.4],"texture":"#6"},"east":{"uv":[3.2,4.8,7.4,5.6],"texture":"#6"},"south":{"uv":[12,9.6,12.6,10.4],"texture":"#6"},"west":{"uv":[3.2,5.6,7.4,6.4],"texture":"#6"},"up":{"uv":[6.6,4.2,6,0],"texture":"#6"},"down":{"uv":[3.8,6.4,3.2,10.6],"texture":"#6"}}},{"from":[6.75,-11,6.75],"to":[9.25,-10,9.25],"rotation":{"angle":0,"axis":"y","origin":[-0.25,-3,-0.25]},"faces":{"north":{"uv":[6,4.4,7,4.8],"texture":"#6"},"east":{"uv":[10.4,3.6,11.4,4],"texture":"#6"},"south":{"uv":[11.2,2.8,12.2,3.2],"texture":"#6"},"west":{"uv":[12,10.4,13,10.8],"texture":"#6"},"up":{"uv":[11.8,8.2,10.8,7.2],"texture":"#6"},"down":{"uv":[1,11.2,0,12.2],"texture":"#6"}}},{"from":[6.75,14,6.75],"to":[9.25,15,9.25],"rotation":{"angle":0,"axis":"y","origin":[-0.25,-3,-0.25]},"faces":{"north":{"uv":[12.4,6,13.4,6.4],"texture":"#6"},"east":{"uv":[12.4,6.4,13.4,6.8],"texture":"#6"},"south":{"uv":[9.2,12.4,10.2,12.8],"texture":"#6"},"west":{"uv":[10.4,12.4,11.4,12.8],"texture":"#6"},"up":{"uv":[12.2,2.6,11.2,1.6],"texture":"#6"},"down":{"uv":[12.2,4.4,11.2,5.4],"texture":"#6"}}},{"from":[6.75,3.5,6.75],"to":[9.25,4.5,9.25],"rotation":{"angle":0,"axis":"y","origin":[-0.25,-3,-0.25]},"faces":{"north":{"uv":[12.4,10.8,13.4,11.2],"texture":"#6"},"east":{"uv":[12.4,11.2,13.4,11.6],"texture":"#6"},"south":{"uv":[12.4,11.6,13.4,12],"texture":"#6"},"west":{"uv":[12.4,12,13.4,12.4],"texture":"#6"},"up":{"uv":[12.2,9.4,11.2,8.4],"texture":"#6"},"down":{"uv":[9.8,11.2,8.8,12.2],"texture":"#6"}}},{"from":[6.9,10,6.9],"to":[9.1,14,9.1],"rotation":{"angle":0,"axis":"y","origin":[-0.25,-3,-0.25]},"faces":{"north":{"uv":[9.6,0.8,10.4,2.4],"texture":"#6"},"east":{"uv":[9.6,2.4,10.4,4],"texture":"#6"},"south":{"uv":[6.4,10,7.2,11.6],"texture":"#6"},"west":{"uv":[7.2,10,8,11.6],"texture":"#6"},"up":{"uv":[11.2,5.2,10.4,4.4],"texture":"#6"},"down":{"uv":[12.8,0,12,0.8],"texture":"#6"}}},{"from":[6.5,-14,6.5],"to":[9.5,-11,9.5],"rotation":{"angle":0,"axis":"y","origin":[-0.25,-2,-0.25]},"faces":{"north":{"uv":[7.6,5.2,8.8,6.4],"texture":"#6"},"east":{"uv":[6.4,7.6,7.6,8.8],"texture":"#6"},"south":{"uv":[7.6,7.6,8.8,8.8],"texture":"#6"},"west":{"uv":[4,8,5.2,9.2],"texture":"#6"},"up":{"uv":[6.4,9.2,5.2,8],"texture":"#6"},"down":{"uv":[9.2,6.4,8,7.6],"texture":"#6"}}},{"from":[6.5,18,6.5],"to":[9.5,21,9.5],"rotation":{"angle":-45,"axis":"x","origin":[8,19.5,8]},"faces":{"north":{"uv":[8.4,0,9.6,1.2],"texture":"#6"},"east":{"uv":[8.4,1.2,9.6,2.4],"texture":"#6"},"south":{"uv":[8.4,2.4,9.6,3.6],"texture":"#6"},"west":{"uv":[8.8,5.2,10,6.4],"texture":"#6"},"up":{"uv":[7.6,10,6.4,8.8],"texture":"#6"},"down":{"uv":[8.8,8.8,7.6,10],"texture":"#6"}}},{"from":[7,19,7.5],"to":[9,22,10.5],"rotation":{"angle":-45,"axis":"x","origin":[8,19.5,8]},"faces":{"north":{"uv":[3.2,10.8,4,12],"texture":"#6"},"east":{"uv":[8.8,7.6,10,8.8],"texture":"#6"},"south":{"uv":[11.2,9.6,12,10.8],"texture":"#6"},"west":{"uv":[8.8,8.8,10,10],"texture":"#6"},"up":{"uv":[10.8,12.4,10,11.2],"texture":"#6"},"down":{"uv":[11.6,11.2,10.8,12.4],"texture":"#6"}}},{"from":[6.25,-11,-5.5],"to":[9.75,-8,-2.5],"rotation":{"angle":-45,"axis":"x","origin":[8,2.5,8]},"faces":{"north":{"uv":[6.4,6.4,7.8,7.6],"texture":"#6"},"east":{"uv":[4,9.2,5.2,10.4],"texture":"#6"},"south":{"uv":[6.8,0,8.2,1.2],"texture":"#6"},"west":{"uv":[5.2,9.2,6.4,10.4],"texture":"#6"},"up":{"uv":[8.2,2.4,6.8,1.2],"texture":"#6"},"down":{"uv":[8.2,2.4,6.8,3.6],"texture":"#6"}}},{"from":[7,-10,7],"to":[9,16,9],"rotation":{"angle":0,"axis":"y","origin":[0,-3,0]},"faces":{"north":{"uv":[0,0,0.8,10.4],"texture":"#6"},"east":{"uv":[0.8,0,1.6,10.4],"texture":"#6"},"south":{"uv":[1.6,0,2.4,10.4],"texture":"#6"},"west":{"uv":[2.4,0,3.2,10.4],"texture":"#6"},"up":{"uv":[12.8,1.6,12,0.8],"texture":"#6"},"down":{"uv":[2,12,1.2,12.8],"texture":"#6"}}},{"from":[7,-15.75,5.7],"to":[9,-11.75,8.7],"rotation":{"angle":22.5,"axis":"x","origin":[8,-14,6.5]},"faces":{"north":{"uv":[10,7.2,10.8,8.8],"texture":"#6"},"east":{"uv":[4,6.4,5.2,8],"texture":"#6"},"south":{"uv":[8,10,8.8,11.6],"texture":"#6"},"west":{"uv":[5.2,6.4,6.4,8],"texture":"#6"},"up":{"uv":[4.8,12.8,4,11.6],"texture":"#6"},"down":{"uv":[5.6,11.6,4.8,12.8],"texture":"#6"}}},{"from":[7,20.5052,0.4948],"to":[9,22.5052,3.9948],"rotation":{"angle":45,"axis":"x","origin":[8,20.5052,-0.2552]},"faces":{"north":{"uv":[3.2,12,4,12.8],"texture":"#6"},"east":{"uv":[0,10.4,1.4,11.2],"texture":"#6"},"south":{"uv":[12,6.8,12.8,7.6],"texture":"#6"},"west":{"uv":[10.4,0.8,11.8,1.6],"texture":"#6"},"up":{"uv":[2.4,11.8,1.6,10.4],"texture":"#6"},"down":{"uv":[11.2,1.6,10.4,3],"texture":"#6"}}},{"from":[7.25,22.5052,0.4948],"to":[8.75,24.5052,1.9948],"rotation":{"angle":45,"axis":"x","origin":[8,20.5052,-0.2552]},"faces":{"north":{"uv":[11.6,12,12.2,12.8],"texture":"#6"},"east":{"uv":[0,12.4,0.6,13.2],"texture":"#6"},"south":{"uv":[12.4,1.6,13,2.4],"texture":"#6"},"west":{"uv":[12.4,2.4,13,3.2],"texture":"#6"},"up":{"uv":[13,13,12.4,12.4],"texture":"#6"},"down":{"uv":[13.4,0,12.8,0.6],"texture":"#6"}}},{"from":[7.25,22.5052,14.0052],"to":[8.75,24.5052,15.5052],"rotation":{"angle":-45,"axis":"x","origin":[8,20.5052,16.2552]},"faces":{"north":{"uv":[13,1.6,12.4,2.4],"texture":"#6"},"east":{"uv":[0.6,12.4,0,13.2],"texture":"#6"},"south":{"uv":[12.2,12,11.6,12.8],"texture":"#6"},"west":{"uv":[13,2.4,12.4,3.2],"texture":"#6"},"up":{"uv":[13,12.4,12.4,13],"texture":"#6"},"down":{"uv":[13.4,0.6,12.8,0],"texture":"#6"}}},{"from":[7,20.5052,12.0052],"to":[9,22.5052,15.5052],"rotation":{"angle":-45,"axis":"x","origin":[8,20.5052,16.2552]},"faces":{"north":{"uv":[12.8,6.8,12,7.6],"texture":"#6"},"east":{"uv":[1.4,10.4,0,11.2],"texture":"#6"},"south":{"uv":[4,12,3.2,12.8],"texture":"#6"},"west":{"uv":[11.8,0.8,10.4,1.6],"texture":"#6"},"up":{"uv":[2.4,10.4,1.6,11.8],"texture":"#6"},"down":{"uv":[11.2,3,10.4,1.6],"texture":"#6"}}},{"from":[7,-15.75,7.3],"to":[9,-11.75,10.3],"rotation":{"angle":-22.5,"axis":"x","origin":[8,-14,9.5]},"faces":{"north":{"uv":[8.8,10,8,11.6],"texture":"#6"},"east":{"uv":[5.2,6.4,4,8],"texture":"#6"},"south":{"uv":[10.8,7.2,10,8.8],"texture":"#6"},"west":{"uv":[6.4,6.4,5.2,8],"texture":"#6"},"up":{"uv":[4.8,11.6,4,12.8],"texture":"#6"},"down":{"uv":[5.6,12.8,4.8,11.6],"texture":"#6"}}},{"from":[4.75,17.25,-2],"to":[11.25,18.75,4],"rotation":{"angle":-22.5,"axis":"x","origin":[8,18.09835,3.40901]},"faces":{"north":{"uv":[6.8,3.6,9.4,4.2],"texture":"#6"},"east":{"uv":[9.2,6.4,11.6,7],"texture":"#6"},"south":{"uv":[7.6,4.4,10.2,5],"texture":"#6"},"west":{"uv":[9.6,0,12,0.6],"texture":"#6"},"up":{"uv":[5.8,2.4,3.2,0],"texture":"#6"},"down":{"uv":[5.8,2.4,3.2,4.8],"texture":"#6"}}},{"from":[9.65,11.73439,-0.77652],"to":[11.15,14.73439,0.22348],"rotation":{"angle":22.5,"axis":"x","origin":[8,18.09835,3.40901]},"faces":{"north":{"uv":[5.6,11.6,6.2,12.8],"texture":"#6"},"east":{"uv":[2,12,2.4,13.2],"texture":"#6"},"south":{"uv":[11.6,5.6,12.2,6.8],"texture":"#6"},"west":{"uv":[0.8,12.4,1.2,13.6],"texture":"#6"},"up":{"uv":[9.8,7.6,9.2,7.2],"texture":"#6"},"down":{"uv":[12.2,3.6,11.6,4],"texture":"#6"}}},{"from":[4.85,11.73439,-0.77652],"to":[6.35,14.73439,0.22348],"rotation":{"angle":22.5,"axis":"x","origin":[8,18.09835,3.40901]},"faces":{"north":{"uv":[6.4,11.6,7,12.8],"texture":"#6"},"east":{"uv":[12.4,3.6,12.8,4.8],"texture":"#6"},"south":{"uv":[7.2,11.6,7.8,12.8],"texture":"#6"},"west":{"uv":[12.4,4.8,12.8,6],"texture":"#6"},"up":{"uv":[13.4,1.2,12.8,0.8],"texture":"#6"},"down":{"uv":[1.8,12.8,1.2,13.2],"texture":"#6"}}},{"from":[7.25,11.73439,-0.77652],"to":[8.85,14.73439,0.22348],"rotation":{"angle":22.5,"axis":"x","origin":[8,18.09835,3.40901]},"faces":{"north":{"uv":[8,11.6,8.6,12.8],"texture":"#6"},"east":{"uv":[12.4,8.4,12.8,9.6],"texture":"#6"},"south":{"uv":[11.6,10.8,12.2,12],"texture":"#6"},"west":{"uv":[8.8,12.4,9.2,13.6],"texture":"#6"},"up":{"uv":[13.4,1.6,12.8,1.2],"texture":"#6"},"down":{"uv":[3.8,12.8,3.2,13.2],"texture":"#6"}}},{"from":[8,21,12.75],"to":[8,25,16.75],"rotation":{"angle":0,"axis":"y","origin":[0,18,16]},"faces":{"north":{"uv":[0,0,0,0.256],"texture":"#missing"},"east":{"uv":[10,0,6,4],"texture":"#5"},"south":{"uv":[0,0,0,0.256],"texture":"#missing"},"west":{"uv":[6,0,10,4],"texture":"#5"},"up":{"uv":[0,0,0,0.256],"texture":"#missing"},"down":{"uv":[0,0.256,0,0],"texture":"#missing"}}},{"from":[8,21,-0.75],"to":[8,25,3.25],"rotation":{"angle":0,"axis":"y","origin":[0,18,0]},"faces":{"north":{"uv":[0,0,0,0.256],"texture":"#missing"},"east":{"uv":[6,0,10,4],"texture":"#5"},"south":{"uv":[0,0,0,0.256],"texture":"#missing"},"west":{"uv":[10,0,6,4],"texture":"#5"},"up":{"uv":[0,0.256,0,0],"texture":"#missing"},"down":{"uv":[0,0,0,0.256],"texture":"#missing"}}},{"from":[6.25,16.5,-0.75],"to":[6.25,20.5,3.25],"rotation":{"angle":-45,"axis":"x","origin":[5,19,1.25]},"faces":{"north":{"uv":[0,0,0,0.256],"rotation":180,"texture":"#missing"},"east":{"uv":[6,0,10,4],"rotation":270,"texture":"#5"},"south":{"uv":[0,0.256,0,0],"texture":"#missing"},"west":{"uv":[10,0,6,4],"rotation":90,"texture":"#5"},"up":{"uv":[0,0,0,0.256],"rotation":180,"texture":"#missing"},"down":{"uv":[0,0,0,0.256],"texture":"#missing"}}},{"from":[9.75,16.5,-0.75],"to":[9.75,20.5,3.25],"rotation":{"angle":-45,"axis":"x","origin":[11,19,1.25]},"faces":{"north":{"uv":[0,0,0,0.256],"rotation":180,"texture":"#missing"},"east":{"uv":[10,4,6,0],"rotation":90,"texture":"#5"},"south":{"uv":[0,0.256,0,0],"texture":"#missing"},"west":{"uv":[6,4,10,0],"rotation":270,"texture":"#5"},"up":{"uv":[0,0,0,0.256],"rotation":180,"texture":"#missing"},"down":{"uv":[0,0,0,0.256],"texture":"#missing"}}},{"from":[6.65,19.5,5],"to":[6.65,23.5,11],"rotation":{"angle":0,"axis":"y","origin":[8,19,8]},"faces":{"north":{"uv":[0,0,0,0.256],"texture":"#missing"},"east":{"uv":[0,0,6,4],"texture":"#5"},"south":{"uv":[0,0,0,0.256],"texture":"#missing"},"west":{"uv":[0,0,6,4],"texture":"#5"},"up":{"uv":[0,0.384,0,0],"texture":"#missing"},"down":{"uv":[0,0,0,0.384],"texture":"#missing"}}},{"from":[9.35,19.5,5],"to":[9.35,23.5,11],"rotation":{"angle":0,"axis":"y","origin":[8,19,8]},"faces":{"north":{"uv":[0,0,0,0.256],"texture":"#missing"},"east":{"uv":[6,0,0,4],"texture":"#5"},"south":{"uv":[0,0,0,0.256],"texture":"#missing"},"west":{"uv":[6,0,0,4],"texture":"#5"},"up":{"uv":[0,0.384,0,0],"texture":"#missing"},"down":{"uv":[0,0,0,0.384],"texture":"#missing"}}},{"from":[8,14.5,3],"to":[8,17.5,7],"rotation":{"angle":0,"axis":"y","origin":[8,1,8]},"faces":{"north":{"uv":[0,0,0,0.192],"texture":"#missing"},"east":{"uv":[0,4.5,4,7.5],"texture":"#5"},"south":{"uv":[0,0,0,0.192],"texture":"#missing"},"west":{"uv":[4,4.5,0,7.5],"texture":"#5"},"up":{"uv":[0,0.256,0,0],"texture":"#missing"},"down":{"uv":[0,0,0,0.256],"texture":"#missing"}}},{"from":[8,14.5,9],"to":[8,17.5,13],"rotation":{"angle":0,"axis":"y","origin":[8,1,8]},"faces":{"north":{"uv":[0,0,0,0.192],"texture":"#missing"},"east":{"uv":[4,4.5,0,7.5],"texture":"#5"},"south":{"uv":[0,0,0,0.192],"texture":"#missing"},"west":{"uv":[0,4.5,4,7.5],"texture":"#5"},"up":{"uv":[0,0,0,0.256],"texture":"#missing"},"down":{"uv":[0,0.256,0,0],"texture":"#missing"}}},{"from":[9.05,13.35,6.75],"to":[9.05,17.35,9.25],"rotation":{"angle":-22.5,"axis":"z","origin":[9.05,13.35,8]},"faces":{"north":{"uv":[0,0,0,0.256],"texture":"#missing"},"east":{"uv":[12.5,0,10,4],"texture":"#5"},"south":{"uv":[0,0,0,0.256],"texture":"#missing"},"west":{"uv":[12.5,0,10,4],"texture":"#5"},"up":{"uv":[0,0.16,0,0],"texture":"#missing"},"down":{"uv":[0,0,0,0.16],"texture":"#missing"}}},{"from":[9.05,12.1,8],"to":[9.05,14.6,12],"rotation":{"angle":22.5,"axis":"y","origin":[9.05,13.35,8]},"faces":{"north":{"uv":[0,0,0,0.16],"texture":"#missing"},"east":{"uv":[10,0,12.5,4],"rotation":270,"texture":"#5"},"south":{"uv":[0,0.16,0,0],"rotation":180,"texture":"#missing"},"west":{"uv":[10,0,12.5,4],"rotation":90,"texture":"#5"},"up":{"uv":[0,0.256,0,0],"texture":"#missing"},"down":{"uv":[0,0.256,0,0],"rotation":180,"texture":"#missing"}}},{"from":[9.05,9.35,6.75],"to":[9.05,13.35,9.25],"rotation":{"angle":22.5,"axis":"z","origin":[9.05,13.35,8]},"faces":{"north":{"uv":[0,0,0,0.256],"rotation":180,"texture":"#missing"},"east":{"uv":[12.5,0,10,4],"rotation":180,"texture":"#5"},"south":{"uv":[0,0,0,0.256],"rotation":180,"texture":"#missing"},"west":{"uv":[12.5,0,10,4],"rotation":180,"texture":"#5"},"up":{"uv":[0,0,0,0.16],"texture":"#missing"},"down":{"uv":[0,0.16,0,0],"texture":"#missing"}}},{"from":[9.05,12.1,4],"to":[9.05,14.6,8],"rotation":{"angle":-22.5,"axis":"y","origin":[9.05,13.35,8]},"faces":{"north":{"uv":[0,0.16,0,0],"rotation":180,"texture":"#missing"},"east":{"uv":[10,4,12.5,0],"rotation":270,"texture":"#5"},"south":{"uv":[0,0,0,0.16],"texture":"#missing"},"west":{"uv":[10,4,12.5,0],"rotation":90,"texture":"#5"},"up":{"uv":[0,0,0,0.256],"texture":"#missing"},"down":{"uv":[0,0,0,0.256],"rotation":180,"texture":"#missing"}}},{"from":[6.95,12.1,4],"to":[6.95,14.6,8],"rotation":{"angle":22.5,"axis":"y","origin":[6.95,13.35,8]},"faces":{"north":{"uv":[0,0.16,0,0],"rotation":180,"texture":"#missing"},"east":{"uv":[10,0,12.5,4],"rotation":90,"texture":"#5"},"south":{"uv":[0,0,0,0.16],"texture":"#missing"},"west":{"uv":[10,0,12.5,4],"rotation":270,"texture":"#5"},"up":{"uv":[0,0,0,0.256],"texture":"#missing"},"down":{"uv":[0,0,0,0.256],"rotation":180,"texture":"#missing"}}},{"from":[6.95,9.35,6.75],"to":[6.95,13.35,9.25],"rotation":{"angle":-22.5,"axis":"z","origin":[6.95,13.35,8]},"faces":{"north":{"uv":[0,0,0,0.256],"rotation":180,"texture":"#missing"},"east":{"uv":[10,0,12.5,4],"rotation":180,"texture":"#5"},"south":{"uv":[0,0,0,0.256],"rotation":180,"texture":"#missing"},"west":{"uv":[10,0,12.5,4],"rotation":180,"texture":"#5"},"up":{"uv":[0,0,0,0.16],"texture":"#missing"},"down":{"uv":[0,0.16,0,0],"texture":"#missing"}}},{"from":[6.95,12.1,8],"to":[6.95,14.6,12],"rotation":{"angle":-22.5,"axis":"y","origin":[6.95,13.35,8]},"faces":{"north":{"uv":[0,0,0,0.16],"texture":"#missing"},"east":{"uv":[10,4,12.5,0],"rotation":90,"texture":"#5"},"south":{"uv":[0,0.16,0,0],"rotation":180,"texture":"#missing"},"west":{"uv":[10,4,12.5,0],"rotation":270,"texture":"#5"},"up":{"uv":[0,0.256,0,0],"texture":"#missing"},"down":{"uv":[0,0.256,0,0],"rotation":180,"texture":"#missing"}}},{"from":[6.95,13.35,6.75],"to":[6.95,17.35,9.25],"rotation":{"angle":22.5,"axis":"z","origin":[6.95,13.35,8]},"faces":{"north":{"uv":[0,0,0,0.256],"texture":"#missing"},"east":{"uv":[10,0,12.5,4],"texture":"#5"},"south":{"uv":[0,0,0,0.256],"texture":"#missing"},"west":{"uv":[10,0,12.5,4],"texture":"#5"},"up":{"uv":[0,0.16,0,0],"texture":"#missing"},"down":{"uv":[0,0,0,0.16],"texture":"#missing"}}},{"from":[4.29289,18.7,0.45711],"to":[8.29289,21.2,0.45711],"rotation":{"angle":-22.5,"axis":"y","origin":[8,19.95,-0.25]},"faces":{"north":{"uv":[10,0,12.5,4],"rotation":90,"texture":"#5"},"east":{"uv":[0,0,0,0.16],"rotation":180,"texture":"#missing"},"south":{"uv":[10,0,12.5,4],"rotation":270,"texture":"#5"},"west":{"uv":[0,0.16,0,0],"texture":"#missing"},"up":{"uv":[0,0,0,0.256],"rotation":270,"texture":"#missing"},"down":{"uv":[0,0,0,0.256],"rotation":270,"texture":"#missing"}}},{"from":[6.75,19.65711,0.45711],"to":[9.25,23.65711,0.45711],"rotation":{"angle":-22.5,"axis":"x","origin":[8,19.95,-0.25]},"faces":{"north":{"uv":[10,0,12.5,4],"texture":"#5"},"east":{"uv":[0,0,0,0.256],"texture":"#missing"},"south":{"uv":[10,0,12.5,4],"texture":"#5"},"west":{"uv":[0,0,0,0.256],"texture":"#missing"},"up":{"uv":[0,0.16,0,0],"rotation":90,"texture":"#missing"},"down":{"uv":[0,0,0,0.16],"rotation":270,"texture":"#missing"}}},{"from":[7.70711,18.7,0.45711],"to":[11.70711,21.2,0.45711],"rotation":{"angle":22.5,"axis":"y","origin":[8,19.95,-0.25]},"faces":{"north":{"uv":[10,0,12.5,4],"rotation":270,"texture":"#5"},"east":{"uv":[0,0.16,0,0],"rotation":180,"texture":"#missing"},"south":{"uv":[10,0,12.5,4],"rotation":90,"texture":"#5"},"west":{"uv":[0,0,0,0.16],"texture":"#missing"},"up":{"uv":[0,0,0,0.256],"rotation":90,"texture":"#missing"},"down":{"uv":[0,0,0,0.256],"rotation":90,"texture":"#missing"}}},{"from":[6.75,16.24289,0.45711],"to":[9.25,20.24289,0.45711],"rotation":{"angle":22.5,"axis":"x","origin":[8,19.95,-0.25]},"faces":{"north":{"uv":[10,4,12.5,0],"texture":"#5"},"east":{"uv":[0,0.256,0,0],"texture":"#missing"},"south":{"uv":[10,4,12.5,0],"texture":"#5"},"west":{"uv":[0,0.256,0,0],"texture":"#missing"},"up":{"uv":[0,0,0,0.16],"rotation":270,"texture":"#missing"},"down":{"uv":[0,0.16,0,0],"rotation":90,"texture":"#missing"}}},{"from":[8,-15.5,2.5],"to":[8,-11.5,6.5],"faces":{"north":{"uv":[0,0,0,0.21943],"texture":"#missing"},"east":{"uv":[9.94643,0,6.01786,3.42857],"texture":"#5"},"south":{"uv":[0,0,0,0.21943],"texture":"#missing"},"west":{"uv":[9.94643,0,6.01786,3.42857],"texture":"#5"},"up":{"uv":[0,0.21943,0,0],"texture":"#missing"},"down":{"uv":[0,0,0,0.21943],"texture":"#missing"}}},{"from":[8,-15.5,9.5],"to":[8,-11.5,13.5],"rotation":{"angle":0,"axis":"y","origin":[0,0,16]},"faces":{"north":{"uv":[0.63657,0,0.38514,0.21943],"texture":"#missing"},"east":{"uv":[9.94643,0,6.01786,3.42857],"texture":"#5"},"south":{"uv":[0.63657,0,0.38514,0.21943],"texture":"#missing"},"west":{"uv":[6.01786,0,9.94643,3.42857],"texture":"#5"},"up":{"uv":[0.63657,0,0.38514,0.21943],"texture":"#missing"},"down":{"uv":[0.63657,0,0.38514,0.21943],"texture":"#missing"}}},{"from":[6.25,17.75,6.5],"to":[6.25,20.75,9.5],"rotation":{"angle":-45,"axis":"x","origin":[8,19.25,8]},"faces":{"north":{"uv":[0.05486,0.18286,0.07314,0.20114],"texture":"#missing"},"east":{"uv":[0,9.5,3,12.5],"texture":"#4"},"south":{"uv":[0.18286,0.09143,0.20114,0.10971],"texture":"#missing"},"west":{"uv":[0,9.5,3,12.5],"texture":"#4"},"up":{"uv":[0.20114,0.17676,0.18286,0.15848],"texture":"#missing"},"down":{"uv":[0.20114,0.17676,0.18286,0.19505],"texture":"#missing"}}},{"from":[9.75,17.75,6.5],"to":[9.75,20.75,9.5],"rotation":{"angle":45,"axis":"x","origin":[8,19.25,8]},"faces":{"north":{"uv":[0.18286,0.09143,0.20114,0.10971],"texture":"#missing"},"east":{"uv":[0,9.5,3,12.5],"texture":"#4"},"south":{"uv":[0.05486,0.18286,0.07314,0.20114],"texture":"#missing"},"west":{"uv":[0,9.5,3,12.5],"texture":"#4"},"up":{"uv":[0.18286,0.15848,0.20114,0.17676],"texture":"#missing"},"down":{"uv":[0.18286,0.19505,0.20114,0.17676],"texture":"#missing"}}},{"from":[8,26,11.25],"to":[8,29,14.75],"rotation":{"angle":0,"axis":"y","origin":[6,0,1.25]},"faces":{"north":{"uv":[0,18.2,4.9,22.4],"texture":"#4"},"east":{"uv":[0,13,3.5,16],"texture":"#4"},"south":{"uv":[0,18.2,4.9,22.4],"texture":"#4"},"west":{"uv":[0,13,3.5,16],"texture":"#4"},"up":{"uv":[0,18.2,4.9,22.4],"texture":"#4"},"down":{"uv":[0,18.2,4.9,22.4],"texture":"#4"}}},{"from":[8,10,2.75],"to":[8,13,6.25],"rotation":{"angle":0,"axis":"y","origin":[6,0,1.25]},"faces":{"north":{"uv":[0,18.2,4.9,22.4],"texture":"#4"},"east":{"uv":[0,13,3.5,16],"texture":"#4"},"south":{"uv":[0,18.2,4.9,22.4],"texture":"#4"},"west":{"uv":[0,13,3.5,16],"texture":"#4"},"up":{"uv":[0,18.2,4.9,22.4],"texture":"#4"},"down":{"uv":[0,18.2,4.9,22.4],"texture":"#4"}}}],"gui_light":"front","display":{"thirdperson_righthand":{"translation":[0,3,0.5],"scale":[0.6,0.6,0.6]},"thirdperson_lefthand":{"translation":[0,3,0.5],"scale":[0.6,0.6,0.6]},"firstperson_righthand":{"rotation":[-12,15,3],"translation":[3,3.25,-1],"scale":[0.5,0.5,0.5]},"firstperson_lefthand":{"rotation":[-12,15,3],"translation":[3,3.25,-1],"scale":[0.5,0.5,0.5]},"ground":{"rotation":[0,0,90],"translation":[-4.75,0.25,0],"scale":[0.5,0.5,0.5]},"gui":{"rotation":[64,148,-64],"translation":[-0.75,0.25,-1.5],"scale":[0.41797,0.41797,0.41797]},"head":{"rotation":[90,-168,90],"translation":[-0.5,11.75,0],"scale":[0.56,0.56,0.56]},"fixed":{"rotation":[0,90,0],"translation":[0,3,-2.25],"scale":[1.07898,1.07898,1.07898]}}}