{"credit":"Made with Blockbench","texture_size":[40,40],"textures":{"4":"elitecreatures:verdant_animated/1","5":"elitecreatures:verdant_animated/2","6":"elitecreatures:verdant_animated/scythe","particle":"elitecreatures:verdant_animated/1"},"elements":[{"from":[6.75,16,6.75],"to":[9.25,19,9.25],"rotation":{"angle":0,"axis":"y","origin":[-0.25,15,-0.25]},"faces":{"north":{"uv":[11.6,0,12.6,1.2],"texture":"#6"},"east":{"uv":[0.8,11.6,1.8,12.8],"texture":"#6"},"south":{"uv":[11.6,1.2,12.6,2.4],"texture":"#6"},"west":{"uv":[11.6,2.4,12.6,3.6],"texture":"#6"},"up":{"uv":[11.8,12.6,10.8,11.6],"texture":"#6"},"down":{"uv":[13,8.4,12,9.4],"texture":"#6"}}},{"from":[7.5,16.5,4.75],"to":[8.5,17.5,11.25],"rotation":{"angle":0,"axis":"y","origin":[8,17.5,8]},"faces":{"north":{"uv":[10.4,8.4,10.8,8.8],"texture":"#6"},"east":{"uv":[11.6,7.6,14.2,8],"texture":"#6"},"south":{"uv":[10.8,8.4,11.2,8.8],"texture":"#6"},"west":{"uv":[11.6,8,14.2,8.4],"texture":"#6"},"up":{"uv":[2.4,14.2,2,11.6],"texture":"#6"},"down":{"uv":[10.8,11.6,10.4,14.2],"texture":"#6"}}},{"from":[7.25,17.5,2.75],"to":[8.75,19.5,13.25],"rotation":{"angle":0,"axis":"y","origin":[8,17.5,9]},"faces":{"north":{"uv":[13.2,8.4,13.8,9.2],"texture":"#6"},"east":{"uv":[3.2,5.6,7.4,6.4],"texture":"#6"},"south":{"uv":[13.6,0,14.2,0.8],"texture":"#6"},"west":{"uv":[3.2,6.4,7.4,7.2],"texture":"#6"},"up":{"uv":[3.8,11.4,3.2,7.2],"texture":"#6"},"down":{"uv":[4.6,7.2,4,11.4],"texture":"#6"}}},{"from":[7,20.5052,12.0052],"to":[9,22.5052,15.5052],"rotation":{"angle":-45,"axis":"x","origin":[8,20.5052,16.2552]},"faces":{"north":{"uv":[6.8,8,7.6,8.8],"texture":"#6"},"east":{"uv":[3.2,11.6,4.6,12.4],"texture":"#6"},"south":{"uv":[10.8,12.8,11.6,13.6],"texture":"#6"},"west":{"uv":[11.6,3.6,13,4.4],"texture":"#6"},"up":{"uv":[12.4,5.8,11.6,4.4],"texture":"#6"},"down":{"uv":[12.4,6,11.6,7.4],"texture":"#6"}}},{"from":[7.25,22.5052,14.0052],"to":[8.75,24.5052,15.5052],"rotation":{"angle":-45,"axis":"x","origin":[8,20.5052,16.2552]},"faces":{"north":{"uv":[13.6,0.8,14.2,1.6],"texture":"#6"},"east":{"uv":[13.6,1.6,14.2,2.4],"texture":"#6"},"south":{"uv":[2.4,13.6,3,14.4],"texture":"#6"},"west":{"uv":[13.6,2.4,14.2,3.2],"texture":"#6"},"up":{"uv":[12.6,14.2,12,13.6],"texture":"#6"},"down":{"uv":[14.2,12,13.6,12.6],"texture":"#6"}}},{"from":[6.75,-11,6.75],"to":[9.25,-10,9.25],"rotation":{"angle":0,"axis":"y","origin":[-0.25,-3,-0.25]},"faces":{"north":{"uv":[13.2,9.2,14.2,9.6],"texture":"#6"},"east":{"uv":[3.2,13.6,4.2,14],"texture":"#6"},"south":{"uv":[13.6,3.2,14.6,3.6],"texture":"#6"},"west":{"uv":[4.4,13.6,5.4,14],"texture":"#6"},"up":{"uv":[13,12.6,12,11.6],"texture":"#6"},"down":{"uv":[3.4,12.4,2.4,13.4],"texture":"#6"}}},{"from":[6.75,14,6.75],"to":[9.25,15,9.25],"rotation":{"angle":0,"axis":"y","origin":[-0.25,-3,-0.25]},"faces":{"north":{"uv":[13.6,4.4,14.6,4.8],"texture":"#6"},"east":{"uv":[13.6,4.8,14.6,5.2],"texture":"#6"},"south":{"uv":[13.6,5.2,14.6,5.6],"texture":"#6"},"west":{"uv":[5.6,13.6,6.6,14],"texture":"#6"},"up":{"uv":[4.6,13.4,3.6,12.4],"texture":"#6"},"down":{"uv":[13.4,4.4,12.4,5.4],"texture":"#6"}}},{"from":[6.75,3.5,6.75],"to":[9.25,4.5,9.25],"rotation":{"angle":0,"axis":"y","origin":[-0.25,-3,-0.25]},"faces":{"north":{"uv":[13.6,5.6,14.6,6],"texture":"#6"},"east":{"uv":[13.6,6,14.6,6.4],"texture":"#6"},"south":{"uv":[13.6,6.4,14.6,6.8],"texture":"#6"},"west":{"uv":[13.6,6.8,14.6,7.2],"texture":"#6"},"up":{"uv":[13.4,6.6,12.4,5.6],"texture":"#6"},"down":{"uv":[13.4,9.6,12.4,10.6],"texture":"#6"}}},{"from":[6.9,10,6.9],"to":[9.1,14,9.1],"rotation":{"angle":0,"axis":"y","origin":[-0.25,-3,-0.25]},"faces":{"north":{"uv":[2.4,10.4,3.2,12],"texture":"#6"},"east":{"uv":[4.8,10.8,5.6,12.4],"texture":"#6"},"south":{"uv":[6.8,11.2,7.6,12.8],"texture":"#6"},"west":{"uv":[7.6,11.2,8.4,12.8],"texture":"#6"},"up":{"uv":[12.4,13.6,11.6,12.8],"texture":"#6"},"down":{"uv":[13.2,12.8,12.4,13.6],"texture":"#6"}}},{"from":[6.5,-14,6.5],"to":[9.5,-11,9.5],"rotation":{"angle":0,"axis":"y","origin":[-0.25,-2,-0.25]},"faces":{"north":{"uv":[9.2,0.8,10.4,2],"texture":"#6"},"east":{"uv":[9.2,2,10.4,3.2],"texture":"#6"},"south":{"uv":[4.8,9.6,6,10.8],"texture":"#6"},"west":{"uv":[6.8,10,8,11.2],"texture":"#6"},"up":{"uv":[9.2,11.2,8,10],"texture":"#6"},"down":{"uv":[11.2,8.8,10,10],"texture":"#6"}}},{"from":[6.5,18,6.5],"to":[9.5,21,9.5],"rotation":{"angle":-45,"axis":"x","origin":[8,19.5,8]},"faces":{"north":{"uv":[9.2,10,10.4,11.2],"texture":"#6"},"east":{"uv":[0,10.4,1.2,11.6],"texture":"#6"},"south":{"uv":[10.4,0,11.6,1.2],"texture":"#6"},"west":{"uv":[1.2,10.4,2.4,11.6],"texture":"#6"},"up":{"uv":[11.6,2.4,10.4,1.2],"texture":"#6"},"down":{"uv":[11.6,2.4,10.4,3.6],"texture":"#6"}}},{"from":[7,19,7.5],"to":[9,22,10.5],"rotation":{"angle":-45,"axis":"x","origin":[8,19.5,8]},"faces":{"north":{"uv":[4.8,12.4,5.6,13.6],"texture":"#6"},"east":{"uv":[10.4,3.6,11.6,4.8],"texture":"#6"},"south":{"uv":[6,12.4,6.8,13.6],"texture":"#6"},"west":{"uv":[10.4,4.8,11.6,6],"texture":"#6"},"up":{"uv":[13.6,1.2,12.8,0],"texture":"#6"},"down":{"uv":[1.6,12.8,0.8,14],"texture":"#6"}}},{"from":[6.25,-11,-5.5],"to":[9.75,-8,-2.5],"rotation":{"angle":-45,"axis":"x","origin":[8,2.5,8]},"faces":{"north":{"uv":[8.8,4,10.2,5.2],"texture":"#6"},"east":{"uv":[10.4,6,11.6,7.2],"texture":"#6"},"south":{"uv":[8.8,5.2,10.2,6.4],"texture":"#6"},"west":{"uv":[10.4,7.2,11.6,8.4],"texture":"#6"},"up":{"uv":[10.2,7.6,8.8,6.4],"texture":"#6"},"down":{"uv":[8.2,8.8,6.8,10],"texture":"#6"}}},{"from":[7,-10,7],"to":[9,16,9],"rotation":{"angle":0,"axis":"y","origin":[0,-3,0]},"faces":{"north":{"uv":[0,0,0.8,10.4],"texture":"#6"},"east":{"uv":[0.8,0,1.6,10.4],"texture":"#6"},"south":{"uv":[1.6,0,2.4,10.4],"texture":"#6"},"west":{"uv":[2.4,0,3.2,10.4],"texture":"#6"},"up":{"uv":[0.8,14,0,13.2],"texture":"#6"},"down":{"uv":[14,3.6,13.2,4.4],"texture":"#6"}}},{"from":[7,-15.75,5.7],"to":[9,-11.75,8.7],"rotation":{"angle":22.5,"axis":"x","origin":[8,-14,6.5]},"faces":{"north":{"uv":[8.4,11.2,9.2,12.8],"texture":"#6"},"east":{"uv":[7.6,4,8.8,5.6],"texture":"#6"},"south":{"uv":[11.2,8.4,12,10],"texture":"#6"},"west":{"uv":[7.6,5.6,8.8,7.2],"texture":"#6"},"up":{"uv":[13.6,2.4,12.8,1.2],"texture":"#6"},"down":{"uv":[13.6,2.4,12.8,3.6],"texture":"#6"}}},{"from":[7,-15.75,7.3],"to":[9,-11.75,10.3],"rotation":{"angle":-22.5,"axis":"x","origin":[8,-14,9.5]},"faces":{"north":{"uv":[9.2,11.2,10,12.8],"texture":"#6"},"east":{"uv":[7.6,7.2,8.8,8.8],"texture":"#6"},"south":{"uv":[0,11.6,0.8,13.2],"texture":"#6"},"west":{"uv":[4.8,8,6,9.6],"texture":"#6"},"up":{"uv":[7.6,14,6.8,12.8],"texture":"#6"},"down":{"uv":[8.4,12.8,7.6,14],"texture":"#6"}}},{"from":[7.5,19.5,4.5],"to":[8.5,21.5,11.5],"rotation":{"angle":0,"axis":"y","origin":[8,20.5,8]},"faces":{"north":{"uv":[12.8,13.6,13.2,14.4],"texture":"#6"},"east":{"uv":[4.8,7.2,7.6,8],"texture":"#6"},"south":{"uv":[13.6,12.8,14,13.6],"texture":"#6"},"west":{"uv":[7.6,0,10.4,0.8],"texture":"#6"},"up":{"uv":[6,13.6,5.6,10.8],"texture":"#6"},"down":{"uv":[10.4,11.2,10,14],"texture":"#6"}}},{"from":[7.5,18.5,0.15],"to":[8.5,20.5,4.5],"rotation":{"angle":0,"axis":"y","origin":[8,19.5,1.9]},"faces":{"north":{"uv":[13.6,13.6,14,14.4],"texture":"#6"},"east":{"uv":[10.4,10,12.2,10.8],"texture":"#6"},"south":{"uv":[0,14,0.4,14.8],"texture":"#6"},"west":{"uv":[10.4,10.8,12.2,11.6],"texture":"#6"},"up":{"uv":[2,14.6,1.6,12.8],"texture":"#6"},"down":{"uv":[10,12.8,9.6,14.6],"texture":"#6"}}},{"from":[7.501,20.04658,-0.73037],"to":[8.499,21.94458,1.61763],"rotation":{"angle":45,"axis":"x","origin":[8,21.04558,-0.98137]},"faces":{"north":{"uv":[0.4,14,0.8,14.8],"texture":"#6"},"east":{"uv":[9.2,3.2,10.2,4],"texture":"#6"},"south":{"uv":[0.8,14,1.2,14.8],"texture":"#6"},"west":{"uv":[12.4,6.8,13.4,7.6],"texture":"#6"},"up":{"uv":[8.8,14.6,8.4,13.6],"texture":"#6"},"down":{"uv":[9.2,13.6,8.8,14.6],"texture":"#6"}}},{"from":[7.5,20.34647,-11.5828],"to":[8.5,22.69647,-0.5828],"rotation":{"angle":-22.5,"axis":"x","origin":[8,22.94647,-1.5828]},"faces":{"north":{"uv":[9.2,13.6,9.6,14.6],"texture":"#6"},"east":{"uv":[3.2,3.2,7.6,4.2],"texture":"#6"},"south":{"uv":[13.6,9.6,14,10.6],"texture":"#6"},"west":{"uv":[3.2,4.4,7.6,5.4],"texture":"#6"},"up":{"uv":[6.4,12.4,6,8],"texture":"#6"},"down":{"uv":[6.8,8,6.4,12.4],"texture":"#6"}}},{"from":[7.99,16.98647,-11.5928],"to":[8.01,20.35647,-0.5728],"rotation":{"angle":-22.5,"axis":"x","origin":[8,22.94647,-1.5828]},"faces":{"north":{"uv":[0,0,0,1.4],"texture":"#6"},"east":{"uv":[3.2,0,7.6,1.4],"texture":"#6"},"south":{"uv":[0,0,0,1.4],"texture":"#6"},"west":{"uv":[3.2,1.6,7.6,3],"texture":"#6"},"up":{"uv":[0,4.4,0,0],"texture":"#6"},"down":{"uv":[0,0,0,4.4],"texture":"#6"}}},{"from":[8,14.91881,-13.08155],"to":[8,18.26881,-9.08155],"rotation":{"angle":-45,"axis":"x","origin":[8,16.59381,-7.58155]},"faces":{"north":{"uv":[0,0,0,1.4],"texture":"#6"},"east":{"uv":[7.6,0.8,9.2,2.2],"texture":"#6"},"south":{"uv":[0,0,0,1.4],"texture":"#6"},"west":{"uv":[7.6,2.4,9.2,3.8],"texture":"#6"},"up":{"uv":[0,1.6,0,0],"texture":"#6"},"down":{"uv":[0,0,0,1.6],"texture":"#6"}}},{"from":[7.501,15.75934,-14.60881],"to":[8.499,18.10734,-10.61081],"rotation":{"angle":-45,"axis":"x","origin":[8,18.35834,-11.60981]},"faces":{"north":{"uv":[10.8,13.6,11.2,14.6],"texture":"#6"},"east":{"uv":[8.8,7.6,10.4,8.6],"texture":"#6"},"south":{"uv":[13.6,10.8,14,11.8],"texture":"#6"},"west":{"uv":[8.4,8.8,10,9.8],"texture":"#6"},"up":{"uv":[13.6,13.2,13.2,11.6],"texture":"#6"},"down":{"uv":[13.6,13.2,13.2,14.8],"texture":"#6"}}},{"from":[7.502,14.23403,-13.916],"to":[8.498,16.23003,-11.57],"rotation":{"angle":22.5,"axis":"x","origin":[8,15.23203,-14.168]},"faces":{"north":{"uv":[1.2,14,1.6,14.8],"texture":"#6"},"east":{"uv":[12.4,10.8,13.4,11.6],"texture":"#6"},"south":{"uv":[3.2,14,3.6,14.8],"texture":"#6"},"west":{"uv":[8.4,12.8,9.4,13.6],"texture":"#6"},"up":{"uv":[11.6,14.6,11.2,13.6],"texture":"#6"},"down":{"uv":[12,13.6,11.6,14.6],"texture":"#6"}}},{"from":[8,21,12.75],"to":[8,25,16.75],"rotation":{"angle":0,"axis":"y","origin":[0,18,16]},"faces":{"north":{"uv":[0,0,0,0.64],"texture":"#missing"},"east":{"uv":[10,0,6,4],"texture":"#5"},"south":{"uv":[0,0,0,0.64],"texture":"#missing"},"west":{"uv":[6,0,10,4],"texture":"#5"},"up":{"uv":[0,0,0,0.64],"texture":"#missing"},"down":{"uv":[0,0.64,0,0],"texture":"#missing"}}},{"from":[8,19.75,1.5],"to":[8,23.75,5.5],"rotation":{"angle":0,"axis":"y","origin":[0,18,0]},"faces":{"north":{"uv":[0,0,0,0.64],"texture":"#missing"},"east":{"uv":[6,0,10,4],"texture":"#5"},"south":{"uv":[0,0,0,0.64],"texture":"#missing"},"west":{"uv":[10,0,6,4],"texture":"#5"},"up":{"uv":[0,0.64,0,0],"texture":"#missing"},"down":{"uv":[0,0,0,0.64],"texture":"#missing"}}},{"from":[6.65,19.5,5],"to":[6.65,23.5,11],"rotation":{"angle":0,"axis":"y","origin":[8,19,8]},"faces":{"north":{"uv":[0,0,0,0.64],"texture":"#missing"},"east":{"uv":[0,0,6,4],"texture":"#5"},"south":{"uv":[0,0,0,0.64],"texture":"#missing"},"west":{"uv":[0,0,6,4],"texture":"#5"},"up":{"uv":[0,0.96,0,0],"texture":"#missing"},"down":{"uv":[0,0,0,0.96],"texture":"#missing"}}},{"from":[9.35,19.5,5],"to":[9.35,23.5,11],"rotation":{"angle":0,"axis":"y","origin":[8,19,8]},"faces":{"north":{"uv":[0,0,0,0.64],"texture":"#missing"},"east":{"uv":[6,0,0,4],"texture":"#5"},"south":{"uv":[0,0,0,0.64],"texture":"#missing"},"west":{"uv":[6,0,0,4],"texture":"#5"},"up":{"uv":[0,0.96,0,0],"texture":"#missing"},"down":{"uv":[0,0,0,0.96],"texture":"#missing"}}},{"from":[8,14.5,3],"to":[8,17.5,7],"rotation":{"angle":0,"axis":"y","origin":[8,1,8]},"faces":{"north":{"uv":[0,0,0,0.48],"texture":"#missing"},"east":{"uv":[0,4.5,4,7.5],"texture":"#5"},"south":{"uv":[0,0,0,0.48],"texture":"#missing"},"west":{"uv":[4,4.5,0,7.5],"texture":"#5"},"up":{"uv":[0,0.64,0,0],"texture":"#missing"},"down":{"uv":[0,0,0,0.64],"texture":"#missing"}}},{"from":[8,14.5,9],"to":[8,17.5,13],"rotation":{"angle":0,"axis":"y","origin":[8,1,8]},"faces":{"north":{"uv":[0,0,0,0.48],"texture":"#missing"},"east":{"uv":[4,4.5,0,7.5],"texture":"#5"},"south":{"uv":[0,0,0,0.48],"texture":"#missing"},"west":{"uv":[0,4.5,4,7.5],"texture":"#5"},"up":{"uv":[0,0,0,0.64],"texture":"#missing"},"down":{"uv":[0,0.64,0,0],"texture":"#missing"}}},{"from":[9.05,13.35,6.75],"to":[9.05,17.35,9.25],"rotation":{"angle":-22.5,"axis":"z","origin":[9.05,13.35,8]},"faces":{"north":{"uv":[0,0,0,0.64],"texture":"#missing"},"east":{"uv":[12.5,0,10,4],"texture":"#5"},"south":{"uv":[0,0,0,0.64],"texture":"#missing"},"west":{"uv":[12.5,0,10,4],"texture":"#5"},"up":{"uv":[0,0.4,0,0],"texture":"#missing"},"down":{"uv":[0,0,0,0.4],"texture":"#missing"}}},{"from":[9.05,12.1,8],"to":[9.05,14.6,12],"rotation":{"angle":22.5,"axis":"y","origin":[9.05,13.35,8]},"faces":{"north":{"uv":[0,0,0,0.4],"texture":"#missing"},"east":{"uv":[10,0,12.5,4],"rotation":270,"texture":"#5"},"south":{"uv":[0,0.4,0,0],"rotation":180,"texture":"#missing"},"west":{"uv":[10,0,12.5,4],"rotation":90,"texture":"#5"},"up":{"uv":[0,0.64,0,0],"texture":"#missing"},"down":{"uv":[0,0.64,0,0],"rotation":180,"texture":"#missing"}}},{"from":[9.05,9.35,6.75],"to":[9.05,13.35,9.25],"rotation":{"angle":22.5,"axis":"z","origin":[9.05,13.35,8]},"faces":{"north":{"uv":[0,0,0,0.64],"rotation":180,"texture":"#missing"},"east":{"uv":[12.5,0,10,4],"rotation":180,"texture":"#5"},"south":{"uv":[0,0,0,0.64],"rotation":180,"texture":"#missing"},"west":{"uv":[12.5,0,10,4],"rotation":180,"texture":"#5"},"up":{"uv":[0,0,0,0.4],"texture":"#missing"},"down":{"uv":[0,0.4,0,0],"texture":"#missing"}}},{"from":[9.05,12.1,4],"to":[9.05,14.6,8],"rotation":{"angle":-22.5,"axis":"y","origin":[9.05,13.35,8]},"faces":{"north":{"uv":[0,0.4,0,0],"rotation":180,"texture":"#missing"},"east":{"uv":[10,4,12.5,0],"rotation":270,"texture":"#5"},"south":{"uv":[0,0,0,0.4],"texture":"#missing"},"west":{"uv":[10,4,12.5,0],"rotation":90,"texture":"#5"},"up":{"uv":[0,0,0,0.64],"texture":"#missing"},"down":{"uv":[0,0,0,0.64],"rotation":180,"texture":"#missing"}}},{"from":[6.95,12.1,4],"to":[6.95,14.6,8],"rotation":{"angle":22.5,"axis":"y","origin":[6.95,13.35,8]},"faces":{"north":{"uv":[0,0.4,0,0],"rotation":180,"texture":"#missing"},"east":{"uv":[10,0,12.5,4],"rotation":90,"texture":"#5"},"south":{"uv":[0,0,0,0.4],"texture":"#missing"},"west":{"uv":[10,0,12.5,4],"rotation":270,"texture":"#5"},"up":{"uv":[0,0,0,0.64],"texture":"#missing"},"down":{"uv":[0,0,0,0.64],"rotation":180,"texture":"#missing"}}},{"from":[6.95,9.35,6.75],"to":[6.95,13.35,9.25],"rotation":{"angle":-22.5,"axis":"z","origin":[6.95,13.35,8]},"faces":{"north":{"uv":[0,0,0,0.64],"rotation":180,"texture":"#missing"},"east":{"uv":[10,0,12.5,4],"rotation":180,"texture":"#5"},"south":{"uv":[0,0,0,0.64],"rotation":180,"texture":"#missing"},"west":{"uv":[10,0,12.5,4],"rotation":180,"texture":"#5"},"up":{"uv":[0,0,0,0.4],"texture":"#missing"},"down":{"uv":[0,0.4,0,0],"texture":"#missing"}}},{"from":[6.95,12.1,8],"to":[6.95,14.6,12],"rotation":{"angle":-22.5,"axis":"y","origin":[6.95,13.35,8]},"faces":{"north":{"uv":[0,0,0,0.4],"texture":"#missing"},"east":{"uv":[10,4,12.5,0],"rotation":90,"texture":"#5"},"south":{"uv":[0,0.4,0,0],"rotation":180,"texture":"#missing"},"west":{"uv":[10,4,12.5,0],"rotation":270,"texture":"#5"},"up":{"uv":[0,0.64,0,0],"texture":"#missing"},"down":{"uv":[0,0.64,0,0],"rotation":180,"texture":"#missing"}}},{"from":[6.95,13.35,6.75],"to":[6.95,17.35,9.25],"rotation":{"angle":22.5,"axis":"z","origin":[6.95,13.35,8]},"faces":{"north":{"uv":[0,0,0,0.64],"texture":"#missing"},"east":{"uv":[10,0,12.5,4],"texture":"#5"},"south":{"uv":[0,0,0,0.64],"texture":"#missing"},"west":{"uv":[10,0,12.5,4],"texture":"#5"},"up":{"uv":[0,0.4,0,0],"texture":"#missing"},"down":{"uv":[0,0,0,0.4],"texture":"#missing"}}},{"from":[8,-15.5,2.5],"to":[8,-11.5,6.5],"faces":{"north":{"uv":[0,0,0,0.54857],"texture":"#missing"},"east":{"uv":[9.94643,0,6.01786,3.42857],"texture":"#5"},"south":{"uv":[0,0,0,0.54857],"texture":"#missing"},"west":{"uv":[9.94643,0,6.01786,3.42857],"texture":"#5"},"up":{"uv":[0,0.54857,0,0],"texture":"#missing"},"down":{"uv":[0,0,0,0.54857],"texture":"#missing"}}},{"from":[8,-15.5,9.5],"to":[8,-11.5,13.5],"rotation":{"angle":0,"axis":"y","origin":[0,0,16]},"faces":{"north":{"uv":[1.59143,0,0.96286,0.54857],"texture":"#missing"},"east":{"uv":[9.94643,0,6.01786,3.42857],"texture":"#5"},"south":{"uv":[1.59143,0,0.96286,0.54857],"texture":"#missing"},"west":{"uv":[6.01786,0,9.94643,3.42857],"texture":"#5"},"up":{"uv":[1.59143,0,0.96286,0.54857],"texture":"#missing"},"down":{"uv":[1.59143,0,0.96286,0.54857],"texture":"#missing"}}},{"from":[6.25,17.75,6.5],"to":[6.25,20.75,9.5],"rotation":{"angle":-45,"axis":"x","origin":[8,19.25,8]},"faces":{"north":{"uv":[0.13714,0.45714,0.18286,0.50286],"texture":"#missing"},"east":{"uv":[0,9.5,3,12.5],"texture":"#4"},"south":{"uv":[0.45714,0.22857,0.50286,0.27429],"texture":"#missing"},"west":{"uv":[0,9.5,3,12.5],"texture":"#4"},"up":{"uv":[0.50286,0.4419,0.45714,0.39619],"texture":"#missing"},"down":{"uv":[0.50286,0.4419,0.45714,0.48762],"texture":"#missing"}}},{"from":[9.75,17.75,6.5],"to":[9.75,20.75,9.5],"rotation":{"angle":45,"axis":"x","origin":[8,19.25,8]},"faces":{"north":{"uv":[0.45714,0.22857,0.50286,0.27429],"texture":"#missing"},"east":{"uv":[0,9.5,3,12.5],"texture":"#4"},"south":{"uv":[0.13714,0.45714,0.18286,0.50286],"texture":"#missing"},"west":{"uv":[0,9.5,3,12.5],"texture":"#4"},"up":{"uv":[0.45714,0.39619,0.50286,0.4419],"texture":"#missing"},"down":{"uv":[0.45714,0.48762,0.50286,0.4419],"texture":"#missing"}}},{"from":[8,10,2.75],"to":[8,13,6.25],"rotation":{"angle":0,"axis":"y","origin":[6,0,1.25]},"faces":{"north":{"uv":[0,18.2,4.9,22.4],"texture":"#4"},"east":{"uv":[0,13,3.5,16],"texture":"#4"},"south":{"uv":[0,18.2,4.9,22.4],"texture":"#4"},"west":{"uv":[0,13,3.5,16],"texture":"#4"},"up":{"uv":[0,18.2,4.9,22.4],"texture":"#4"},"down":{"uv":[0,18.2,4.9,22.4],"texture":"#4"}}},{"from":[8,26,11.25],"to":[8,29,14.75],"rotation":{"angle":0,"axis":"y","origin":[6,0,1.25]},"faces":{"north":{"uv":[0,18.2,4.9,22.4],"texture":"#4"},"east":{"uv":[0,13,3.5,16],"texture":"#4"},"south":{"uv":[0,18.2,4.9,22.4],"texture":"#4"},"west":{"uv":[0,13,3.5,16],"texture":"#4"},"up":{"uv":[0,18.2,4.9,22.4],"texture":"#4"},"down":{"uv":[0,18.2,4.9,22.4],"texture":"#4"}}}],"gui_light":"front","display":{"thirdperson_righthand":{"translation":[0,5.75,1.25],"scale":[0.6,0.6,0.6]},"thirdperson_lefthand":{"translation":[0,5.75,1.25],"scale":[0.6,0.6,0.6]},"firstperson_righthand":{"rotation":[-10,5,0],"translation":[5.25,2.75,-3],"scale":[0.6,0.6,0.6]},"firstperson_lefthand":{"rotation":[-10,5,0],"translation":[5.25,2.75,-3],"scale":[0.6,0.6,0.6]},"ground":{"rotation":[0,0,88],"translation":[-2,2.5,0.25],"scale":[0.45,0.45,0.45]},"gui":{"rotation":[-90,-135,-90],"translation":[-0.5,-0.25,-1.5],"scale":[0.35,0.35,0.35]},"head":{"rotation":[90,-156,90],"translation":[-6.5,10.5,1.75],"scale":[0.6,0.6,0.6]},"fixed":{"rotation":[-90,-90,-90],"translation":[0,1.25,0.25],"scale":[1.2,1.2,1.2]}}}