{"credit":"Made with Blockbench","texture_size":[40,40],"textures":{"3":"elitecreatures:verdant_animated/spear","4":"elitecreatures:verdant_animated/1","5":"elitecreatures:verdant_animated/2","particle":"elitecreatures:verdant_animated/1"},"elements":[{"from":[6.75,16,6.75],"to":[9.25,19,9.25],"rotation":{"angle":0,"axis":"y","origin":[-0.25,15,-0.25]},"faces":{"north":{"uv":[10,4,11,5.2],"texture":"#3"},"east":{"uv":[10.4,1.6,11.4,2.8],"texture":"#3"},"south":{"uv":[10.4,2.8,11.4,4],"texture":"#3"},"west":{"uv":[3.2,10.4,4.2,11.6],"texture":"#3"},"up":{"uv":[11.8,8.6,10.8,7.6],"texture":"#3"},"down":{"uv":[9.8,10.8,8.8,11.8],"texture":"#3"}}},{"from":[7.5,16.5,4.75],"to":[8.5,17.5,11.25],"rotation":{"angle":0,"axis":"y","origin":[8,17.5,8]},"faces":{"north":{"uv":[7.6,2.8,8,3.2],"texture":"#3"},"east":{"uv":[10.4,9.2,13,9.6],"texture":"#3"},"south":{"uv":[7.6,5.6,8,6],"texture":"#3"},"west":{"uv":[10.4,9.6,13,10],"texture":"#3"},"up":{"uv":[8.8,13,8.4,10.4],"texture":"#3"},"down":{"uv":[10.8,10,10.4,12.6],"texture":"#3"}}},{"from":[7.25,17.5,2.75],"to":[8.75,19.5,13.25],"rotation":{"angle":0,"axis":"y","origin":[8,17.5,9]},"faces":{"north":{"uv":[12.4,2.4,13,3.2],"texture":"#3"},"east":{"uv":[3.2,4.4,7.4,5.2],"texture":"#3"},"south":{"uv":[12.4,3.2,13,4],"texture":"#3"},"west":{"uv":[3.2,5.2,7.4,6],"texture":"#3"},"up":{"uv":[6.2,4.2,5.6,0],"texture":"#3"},"down":{"uv":[3.8,6,3.2,10.2],"texture":"#3"}}},{"from":[6.75,-11,6.75],"to":[9.25,-10,9.25],"rotation":{"angle":0,"axis":"y","origin":[-0.25,-3,-0.25]},"faces":{"north":{"uv":[10.8,8.8,11.8,9.2],"texture":"#3"},"east":{"uv":[12,10.8,13,11.2],"texture":"#3"},"south":{"uv":[12.4,6.8,13.4,7.2],"texture":"#3"},"west":{"uv":[10.8,12.4,11.8,12.8],"texture":"#3"},"up":{"uv":[11.8,11,10.8,10],"texture":"#3"},"down":{"uv":[12.2,0,11.2,1],"texture":"#3"}}},{"from":[6.75,14,6.75],"to":[9.25,15,9.25],"rotation":{"angle":0,"axis":"y","origin":[-0.25,-3,-0.25]},"faces":{"north":{"uv":[12.4,11.2,13.4,11.6],"texture":"#3"},"east":{"uv":[12.4,11.6,13.4,12],"texture":"#3"},"south":{"uv":[12,12.4,13,12.8],"texture":"#3"},"west":{"uv":[12.4,12,13.4,12.4],"texture":"#3"},"up":{"uv":[12.2,5,11.2,4],"texture":"#3"},"down":{"uv":[5.8,11.2,4.8,12.2],"texture":"#3"}}},{"from":[6.75,3.5,6.75],"to":[9.25,4.5,9.25],"rotation":{"angle":0,"axis":"y","origin":[-0.25,-3,-0.25]},"faces":{"north":{"uv":[12.8,4,13.8,4.4],"texture":"#3"},"east":{"uv":[12.8,4.4,13.8,4.8],"texture":"#3"},"south":{"uv":[12.8,4.8,13.8,5.2],"texture":"#3"},"west":{"uv":[12.8,5.2,13.8,5.6],"texture":"#3"},"up":{"uv":[7,12.2,6,11.2],"texture":"#3"},"down":{"uv":[12.2,6,11.2,7],"texture":"#3"}}},{"from":[6.9,10,6.9],"to":[9.1,14,9.1],"rotation":{"angle":0,"axis":"y","origin":[-0.25,-3,-0.25]},"faces":{"north":{"uv":[9.2,7.6,10,9.2],"texture":"#3"},"east":{"uv":[8.8,9.2,9.6,10.8],"texture":"#3"},"south":{"uv":[6.4,9.6,7.2,11.2],"texture":"#3"},"west":{"uv":[9.6,9.2,10.4,10.8],"texture":"#3"},"up":{"uv":[12.8,6,12,5.2],"texture":"#3"},"down":{"uv":[8.4,12,7.6,12.8],"texture":"#3"}}},{"from":[6.5,-14,6.5],"to":[9.5,-11,9.5],"rotation":{"angle":0,"axis":"y","origin":[-0.25,-2,-0.25]},"faces":{"north":{"uv":[7.6,4.4,8.8,5.6],"texture":"#3"},"east":{"uv":[8,2.8,9.2,4],"texture":"#3"},"south":{"uv":[4,8,5.2,9.2],"texture":"#3"},"west":{"uv":[5.2,8,6.4,9.2],"texture":"#3"},"up":{"uv":[9.2,6.8,8,5.6],"texture":"#3"},"down":{"uv":[9.2,6.8,8,8],"texture":"#3"}}},{"from":[6.5,18,6.5],"to":[9.5,21,9.5],"rotation":{"angle":-45,"axis":"x","origin":[8,19.5,8]},"faces":{"north":{"uv":[8,8,9.2,9.2],"texture":"#3"},"east":{"uv":[6.4,8.4,7.6,9.6],"texture":"#3"},"south":{"uv":[8.8,4,10,5.2],"texture":"#3"},"west":{"uv":[9.2,0,10.4,1.2],"texture":"#3"},"up":{"uv":[10.4,4,9.2,2.8],"texture":"#3"},"down":{"uv":[5.2,9.2,4,10.4],"texture":"#3"}}},{"from":[7,19,7.5],"to":[9,22,10.5],"rotation":{"angle":-45,"axis":"x","origin":[8,19.5,8]},"faces":{"north":{"uv":[10.8,11.2,11.6,12.4],"texture":"#3"},"east":{"uv":[5.2,9.2,6.4,10.4],"texture":"#3"},"south":{"uv":[11.6,1.2,12.4,2.4],"texture":"#3"},"west":{"uv":[9.2,5.2,10.4,6.4],"texture":"#3"},"up":{"uv":[12.4,3.6,11.6,2.4],"texture":"#3"},"down":{"uv":[4,11.6,3.2,12.8],"texture":"#3"}}},{"from":[6.25,-11,-5.5],"to":[9.75,-8,-2.5],"rotation":{"angle":-45,"axis":"x","origin":[8,2.5,8]},"faces":{"north":{"uv":[6.4,3.2,7.8,4.4],"texture":"#3"},"east":{"uv":[9.2,6.4,10.4,7.6],"texture":"#3"},"south":{"uv":[6.4,6,7.8,7.2],"texture":"#3"},"west":{"uv":[7.6,9.2,8.8,10.4],"texture":"#3"},"up":{"uv":[7.8,8.4,6.4,7.2],"texture":"#3"},"down":{"uv":[9,0,7.6,1.2],"texture":"#3"}}},{"from":[7,-10,7],"to":[9,16,9],"rotation":{"angle":0,"axis":"y","origin":[0,-3,0]},"faces":{"north":{"uv":[0,4.4,0.8,14.8],"texture":"#3"},"east":{"uv":[0.8,4.4,1.6,14.8],"texture":"#3"},"south":{"uv":[1.6,4.4,2.4,14.8],"texture":"#3"},"west":{"uv":[2.4,4.4,3.2,14.8],"texture":"#3"},"up":{"uv":[12.8,9.2,12,8.4],"texture":"#3"},"down":{"uv":[9.6,12,8.8,12.8],"texture":"#3"}}},{"from":[7,-15.75,5.7],"to":[9,-11.75,8.7],"rotation":{"angle":22.5,"axis":"x","origin":[8,-14,6.5]},"faces":{"north":{"uv":[10,7.6,10.8,9.2],"texture":"#3"},"east":{"uv":[6.4,0,7.6,1.6],"texture":"#3"},"south":{"uv":[10.4,0,11.2,1.6],"texture":"#3"},"west":{"uv":[6.4,1.6,7.6,3.2],"texture":"#3"},"up":{"uv":[12.4,12.4,11.6,11.2],"texture":"#3"},"down":{"uv":[12.8,7.2,12,8.4],"texture":"#3"}}},{"from":[7.5,19.5,4.5],"to":[8.5,21,11.5],"rotation":{"angle":0,"axis":"y","origin":[8,20.5,8]},"faces":{"north":{"uv":[8.8,12.8,9.2,13.4],"texture":"#3"},"east":{"uv":[7.6,1.2,10.4,1.8],"texture":"#3"},"south":{"uv":[9.2,12.8,9.6,13.4],"texture":"#3"},"west":{"uv":[7.6,2,10.4,2.6],"texture":"#3"},"up":{"uv":[7.6,12.4,7.2,9.6],"texture":"#3"},"down":{"uv":[4.8,10.4,4.4,13.2],"texture":"#3"}}},{"from":[7.5,21.5,6.5],"to":[8.5,26.5,9.5],"rotation":{"angle":0,"axis":"y","origin":[8,22.5,8]},"faces":{"north":{"uv":[10,10.8,10.4,12.8],"texture":"#3"},"east":{"uv":[4,6,5.2,8],"texture":"#3"},"south":{"uv":[4,11.6,4.4,13.6],"texture":"#3"},"west":{"uv":[5.2,6,6.4,8],"texture":"#3"},"up":{"uv":[10,13.2,9.6,12],"texture":"#3"},"down":{"uv":[12.8,4,12.4,5.2],"texture":"#3"}}},{"from":[8,21,4.75],"to":[8,32,11.25],"rotation":{"angle":0,"axis":"y","origin":[8,25.5,8]},"faces":{"north":{"uv":[0,0,0,4.4],"texture":"#3"},"east":{"uv":[0,0,2.6,4.4],"texture":"#3"},"south":{"uv":[0,0,0,4.4],"texture":"#3"},"west":{"uv":[2.8,0,5.4,4.4],"texture":"#3"},"up":{"uv":[0,2.6,0,0],"texture":"#3"},"down":{"uv":[0,0,0,2.6],"texture":"#3"}}},{"from":[7.501,26.051,5.551],"to":[8.499,28.049,7.549],"rotation":{"angle":-45,"axis":"x","origin":[8,28.5,8]},"faces":{"north":{"uv":[7.6,8.4,8,9.2],"texture":"#3"},"east":{"uv":[12,10,12.8,10.8],"texture":"#3"},"south":{"uv":[12.8,7.2,13.2,8],"texture":"#3"},"west":{"uv":[12.4,0,13.2,0.8],"texture":"#3"},"up":{"uv":[8.4,13.6,8,12.8],"texture":"#3"},"down":{"uv":[13.2,8,12.8,8.8],"texture":"#3"}}},{"from":[7,15.96612,1.80546],"to":[9,19.46612,3.80546],"rotation":{"angle":22.5,"axis":"x","origin":[8,18.5052,3.2448]},"faces":{"north":{"uv":[11.2,7.4,10.4,6],"rotation":180,"texture":"#3"},"east":{"uv":[4.8,10.4,6.2,11.2],"rotation":90,"texture":"#3"},"south":{"uv":[8.4,10.4,7.6,11.8],"texture":"#3"},"west":{"uv":[10.4,5.2,11.8,6],"rotation":270,"texture":"#3"},"up":{"uv":[12.4,1.6,13.2,2.4],"texture":"#3"},"down":{"uv":[12.4,0.8,13.2,1.6],"rotation":180,"texture":"#3"}}},{"from":[7.25,15.96612,-0.19454],"to":[8.75,17.46612,1.80546],"rotation":{"angle":22.5,"axis":"x","origin":[8,18.5052,3.2448]},"faces":{"north":{"uv":[3.8,13.4,3.2,12.8],"rotation":180,"texture":"#3"},"east":{"uv":[5.6,12.4,6.2,13.2],"rotation":90,"texture":"#3"},"south":{"uv":[7.8,12.8,7.2,13.4],"texture":"#3"},"west":{"uv":[6.4,12.4,7,13.2],"rotation":270,"texture":"#3"},"up":{"uv":[12.4,6,13,6.8],"texture":"#3"},"down":{"uv":[4.8,12.4,5.4,13.2],"rotation":180,"texture":"#3"}}},{"from":[7,15.96612,12.19454],"to":[9,19.46612,14.19454],"rotation":{"angle":-22.5,"axis":"x","origin":[8,18.5052,12.7552]},"faces":{"north":{"uv":[7.6,10.4,8.4,11.8],"texture":"#3"},"east":{"uv":[4.8,11.2,6.2,10.4],"rotation":90,"texture":"#3"},"south":{"uv":[10.4,7.4,11.2,6],"rotation":180,"texture":"#3"},"west":{"uv":[10.4,6,11.8,5.2],"rotation":270,"texture":"#3"},"up":{"uv":[12.4,2.4,13.2,1.6],"texture":"#3"},"down":{"uv":[12.4,1.6,13.2,0.8],"rotation":180,"texture":"#3"}}},{"from":[7.25,15.96612,14.19454],"to":[8.75,17.46612,16.19454],"rotation":{"angle":-22.5,"axis":"x","origin":[8,18.5052,12.7552]},"faces":{"north":{"uv":[7.2,12.8,7.8,13.4],"texture":"#3"},"east":{"uv":[5.6,13.2,6.2,12.4],"rotation":90,"texture":"#3"},"south":{"uv":[3.2,13.4,3.8,12.8],"rotation":180,"texture":"#3"},"west":{"uv":[6.4,13.2,7,12.4],"rotation":270,"texture":"#3"},"up":{"uv":[12.4,6.8,13,6],"texture":"#3"},"down":{"uv":[4.8,13.2,5.4,12.4],"rotation":180,"texture":"#3"}}},{"from":[7,-15.75,7.3],"to":[9,-11.75,10.3],"rotation":{"angle":-22.5,"axis":"x","origin":[8,-14,9.5]},"faces":{"north":{"uv":[11.2,0,10.4,1.6],"texture":"#3"},"east":{"uv":[7.6,0,6.4,1.6],"texture":"#3"},"south":{"uv":[10.8,7.6,10,9.2],"texture":"#3"},"west":{"uv":[7.6,1.6,6.4,3.2],"texture":"#3"},"up":{"uv":[12.4,11.2,11.6,12.4],"texture":"#3"},"down":{"uv":[12.8,8.4,12,7.2],"texture":"#3"}}},{"from":[8,18,-1.25],"to":[8,22,2.75],"rotation":{"angle":0,"axis":"y","origin":[0,18,0]},"faces":{"north":{"uv":[0,0,0,0.256],"texture":"#missing"},"east":{"uv":[6,0,10,4],"texture":"#5"},"south":{"uv":[0,0,0,0.256],"texture":"#missing"},"west":{"uv":[10,0,6,4],"texture":"#5"},"up":{"uv":[0,0.256,0,0],"texture":"#missing"},"down":{"uv":[0,0,0,0.256],"texture":"#missing"}}},{"from":[8,18,13.25],"to":[8,22,17.25],"rotation":{"angle":0,"axis":"y","origin":[0,18,16]},"faces":{"north":{"uv":[0,0,0,0.256],"texture":"#missing"},"east":{"uv":[10,0,6,4],"texture":"#5"},"south":{"uv":[0,0,0,0.256],"texture":"#missing"},"west":{"uv":[6,0,10,4],"texture":"#5"},"up":{"uv":[0,0,0,0.256],"texture":"#missing"},"down":{"uv":[0,0.256,0,0],"texture":"#missing"}}},{"from":[6.65,19.5,5],"to":[6.65,23.5,11],"rotation":{"angle":0,"axis":"y","origin":[8,19,8]},"faces":{"north":{"uv":[0,0,0,0.256],"texture":"#missing"},"east":{"uv":[0,0,6,4],"texture":"#5"},"south":{"uv":[0,0,0,0.256],"texture":"#missing"},"west":{"uv":[0,0,6,4],"texture":"#5"},"up":{"uv":[0,0.384,0,0],"texture":"#missing"},"down":{"uv":[0,0,0,0.384],"texture":"#missing"}}},{"from":[9.35,19.5,5],"to":[9.35,23.5,11],"rotation":{"angle":0,"axis":"y","origin":[8,19,8]},"faces":{"north":{"uv":[0,0,0,0.256],"texture":"#missing"},"east":{"uv":[6,0,0,4],"texture":"#5"},"south":{"uv":[0,0,0,0.256],"texture":"#missing"},"west":{"uv":[6,0,0,4],"texture":"#5"},"up":{"uv":[0,0.384,0,0],"texture":"#missing"},"down":{"uv":[0,0,0,0.384],"texture":"#missing"}}},{"from":[8,14.5,3],"to":[8,17.5,7],"rotation":{"angle":0,"axis":"y","origin":[8,1,8]},"faces":{"north":{"uv":[0,0,0,0.192],"texture":"#missing"},"east":{"uv":[0,4.5,4,7.5],"texture":"#5"},"south":{"uv":[0,0,0,0.192],"texture":"#missing"},"west":{"uv":[4,4.5,0,7.5],"texture":"#5"},"up":{"uv":[0,0.256,0,0],"texture":"#missing"},"down":{"uv":[0,0,0,0.256],"texture":"#missing"}}},{"from":[8,14.5,9],"to":[8,17.5,13],"rotation":{"angle":0,"axis":"y","origin":[8,1,8]},"faces":{"north":{"uv":[0,0,0,0.192],"texture":"#missing"},"east":{"uv":[4,4.5,0,7.5],"texture":"#5"},"south":{"uv":[0,0,0,0.192],"texture":"#missing"},"west":{"uv":[0,4.5,4,7.5],"texture":"#5"},"up":{"uv":[0,0,0,0.256],"texture":"#missing"},"down":{"uv":[0,0.256,0,0],"texture":"#missing"}}},{"from":[9.05,13.35,6.75],"to":[9.05,17.35,9.25],"rotation":{"angle":-22.5,"axis":"z","origin":[9.05,13.35,8]},"faces":{"north":{"uv":[0,0,0,0.256],"texture":"#missing"},"east":{"uv":[12.5,0,10,4],"texture":"#5"},"south":{"uv":[0,0,0,0.256],"texture":"#missing"},"west":{"uv":[12.5,0,10,4],"texture":"#5"},"up":{"uv":[0,0.16,0,0],"texture":"#missing"},"down":{"uv":[0,0,0,0.16],"texture":"#missing"}}},{"from":[9.05,12.1,8],"to":[9.05,14.6,12],"rotation":{"angle":22.5,"axis":"y","origin":[9.05,13.35,8]},"faces":{"north":{"uv":[0,0,0,0.16],"texture":"#missing"},"east":{"uv":[10,0,12.5,4],"rotation":270,"texture":"#5"},"south":{"uv":[0,0.16,0,0],"rotation":180,"texture":"#missing"},"west":{"uv":[10,0,12.5,4],"rotation":90,"texture":"#5"},"up":{"uv":[0,0.256,0,0],"texture":"#missing"},"down":{"uv":[0,0.256,0,0],"rotation":180,"texture":"#missing"}}},{"from":[9.05,9.35,6.75],"to":[9.05,13.35,9.25],"rotation":{"angle":22.5,"axis":"z","origin":[9.05,13.35,8]},"faces":{"north":{"uv":[0,0,0,0.256],"rotation":180,"texture":"#missing"},"east":{"uv":[12.5,0,10,4],"rotation":180,"texture":"#5"},"south":{"uv":[0,0,0,0.256],"rotation":180,"texture":"#missing"},"west":{"uv":[12.5,0,10,4],"rotation":180,"texture":"#5"},"up":{"uv":[0,0,0,0.16],"texture":"#missing"},"down":{"uv":[0,0.16,0,0],"texture":"#missing"}}},{"from":[9.05,12.1,4],"to":[9.05,14.6,8],"rotation":{"angle":-22.5,"axis":"y","origin":[9.05,13.35,8]},"faces":{"north":{"uv":[0,0.16,0,0],"rotation":180,"texture":"#missing"},"east":{"uv":[10,4,12.5,0],"rotation":270,"texture":"#5"},"south":{"uv":[0,0,0,0.16],"texture":"#missing"},"west":{"uv":[10,4,12.5,0],"rotation":90,"texture":"#5"},"up":{"uv":[0,0,0,0.256],"texture":"#missing"},"down":{"uv":[0,0,0,0.256],"rotation":180,"texture":"#missing"}}},{"from":[6.95,12.1,4],"to":[6.95,14.6,8],"rotation":{"angle":22.5,"axis":"y","origin":[6.95,13.35,8]},"faces":{"north":{"uv":[0,0.16,0,0],"rotation":180,"texture":"#missing"},"east":{"uv":[10,0,12.5,4],"rotation":90,"texture":"#5"},"south":{"uv":[0,0,0,0.16],"texture":"#missing"},"west":{"uv":[10,0,12.5,4],"rotation":270,"texture":"#5"},"up":{"uv":[0,0,0,0.256],"texture":"#missing"},"down":{"uv":[0,0,0,0.256],"rotation":180,"texture":"#missing"}}},{"from":[6.95,9.35,6.75],"to":[6.95,13.35,9.25],"rotation":{"angle":-22.5,"axis":"z","origin":[6.95,13.35,8]},"faces":{"north":{"uv":[0,0,0,0.256],"rotation":180,"texture":"#missing"},"east":{"uv":[10,0,12.5,4],"rotation":180,"texture":"#5"},"south":{"uv":[0,0,0,0.256],"rotation":180,"texture":"#missing"},"west":{"uv":[10,0,12.5,4],"rotation":180,"texture":"#5"},"up":{"uv":[0,0,0,0.16],"texture":"#missing"},"down":{"uv":[0,0.16,0,0],"texture":"#missing"}}},{"from":[6.95,12.1,8],"to":[6.95,14.6,12],"rotation":{"angle":-22.5,"axis":"y","origin":[6.95,13.35,8]},"faces":{"north":{"uv":[0,0,0,0.16],"texture":"#missing"},"east":{"uv":[10,4,12.5,0],"rotation":90,"texture":"#5"},"south":{"uv":[0,0.16,0,0],"rotation":180,"texture":"#missing"},"west":{"uv":[10,4,12.5,0],"rotation":270,"texture":"#5"},"up":{"uv":[0,0.256,0,0],"texture":"#missing"},"down":{"uv":[0,0.256,0,0],"rotation":180,"texture":"#missing"}}},{"from":[6.95,13.35,6.75],"to":[6.95,17.35,9.25],"rotation":{"angle":22.5,"axis":"z","origin":[6.95,13.35,8]},"faces":{"north":{"uv":[0,0,0,0.256],"texture":"#missing"},"east":{"uv":[10,0,12.5,4],"texture":"#5"},"south":{"uv":[0,0,0,0.256],"texture":"#missing"},"west":{"uv":[10,0,12.5,4],"texture":"#5"},"up":{"uv":[0,0.16,0,0],"texture":"#missing"},"down":{"uv":[0,0,0,0.16],"texture":"#missing"}}},{"from":[8,-15.5,2.5],"to":[8,-11.5,6.5],"faces":{"north":{"uv":[0,0,0,0.21943],"texture":"#missing"},"east":{"uv":[9.94643,0,6.01786,3.42857],"texture":"#5"},"south":{"uv":[0,0,0,0.21943],"texture":"#missing"},"west":{"uv":[9.94643,0,6.01786,3.42857],"texture":"#5"},"up":{"uv":[0,0.21943,0,0],"texture":"#missing"},"down":{"uv":[0,0,0,0.21943],"texture":"#missing"}}},{"from":[8,-15.5,9.5],"to":[8,-11.5,13.5],"rotation":{"angle":0,"axis":"y","origin":[0,0,16]},"faces":{"north":{"uv":[0.63657,0,0.38514,0.21943],"texture":"#missing"},"east":{"uv":[9.94643,0,6.01786,3.42857],"texture":"#5"},"south":{"uv":[0.63657,0,0.38514,0.21943],"texture":"#missing"},"west":{"uv":[6.01786,0,9.94643,3.42857],"texture":"#5"},"up":{"uv":[0.63657,0,0.38514,0.21943],"texture":"#missing"},"down":{"uv":[0.63657,0,0.38514,0.21943],"texture":"#missing"}}},{"from":[6.25,17.75,6.5],"to":[6.25,20.75,9.5],"rotation":{"angle":-45,"axis":"x","origin":[8,19.25,8]},"faces":{"north":{"uv":[0.05486,0.18286,0.07314,0.20114],"texture":"#missing"},"east":{"uv":[0,9.5,3,12.5],"texture":"#4"},"south":{"uv":[0.18286,0.09143,0.20114,0.10971],"texture":"#missing"},"west":{"uv":[0,9.5,3,12.5],"texture":"#4"},"up":{"uv":[0.20114,0.17676,0.18286,0.15848],"texture":"#missing"},"down":{"uv":[0.20114,0.17676,0.18286,0.19505],"texture":"#missing"}}},{"from":[9.75,17.75,6.5],"to":[9.75,20.75,9.5],"rotation":{"angle":45,"axis":"x","origin":[8,19.25,8]},"faces":{"north":{"uv":[0.18286,0.09143,0.20114,0.10971],"texture":"#missing"},"east":{"uv":[0,9.5,3,12.5],"texture":"#4"},"south":{"uv":[0.05486,0.18286,0.07314,0.20114],"texture":"#missing"},"west":{"uv":[0,9.5,3,12.5],"texture":"#4"},"up":{"uv":[0.18286,0.15848,0.20114,0.17676],"texture":"#missing"},"down":{"uv":[0.18286,0.19505,0.20114,0.17676],"texture":"#missing"}}},{"from":[8,26,11.25],"to":[8,29,14.75],"rotation":{"angle":0,"axis":"y","origin":[6,0,1.25]},"faces":{"north":{"uv":[0,18.2,4.9,22.4],"texture":"#4"},"east":{"uv":[0,13,3.5,16],"texture":"#4"},"south":{"uv":[0,18.2,4.9,22.4],"texture":"#4"},"west":{"uv":[0,13,3.5,16],"texture":"#4"},"up":{"uv":[0,18.2,4.9,22.4],"texture":"#4"},"down":{"uv":[0,18.2,4.9,22.4],"texture":"#4"}}},{"from":[8,10,2.75],"to":[8,13,6.25],"rotation":{"angle":0,"axis":"y","origin":[6,0,1.25]},"faces":{"north":{"uv":[0,18.2,4.9,22.4],"texture":"#4"},"east":{"uv":[0,13,3.5,16],"texture":"#4"},"south":{"uv":[0,18.2,4.9,22.4],"texture":"#4"},"west":{"uv":[0,13,3.5,16],"texture":"#4"},"up":{"uv":[0,18.2,4.9,22.4],"texture":"#4"},"down":{"uv":[0,18.2,4.9,22.4],"texture":"#4"}}}],"gui_light":"front","display":{"thirdperson_righthand":{"translation":[0,2.25,0.5],"scale":[0.6,0.6,0.6]},"thirdperson_lefthand":{"translation":[0,2.25,0.5],"scale":[0.6,0.6,0.6]},"firstperson_righthand":{"rotation":[-12,15,3],"translation":[2,0,-3],"scale":[0.65234,0.65234,0.65234]},"firstperson_lefthand":{"rotation":[-12,15,3],"translation":[2,0,-3],"scale":[0.65234,0.65234,0.65234]},"ground":{"rotation":[0,0,90],"translation":[-4.75,0.25,0],"scale":[0.5,0.5,0.5]},"gui":{"rotation":[90,135,-90],"translation":[-0.5,0,-1.25],"scale":[0.37,0.37,0.37]},"head":{"rotation":[90,-168,90],"translation":[-0.5,11.75,0],"scale":[0.56,0.56,0.56]},"fixed":{"rotation":[0,90,0],"translation":[0,3,-2.25],"scale":[1.07898,1.07898,1.07898]}}}