{"credit":"Made with Blockbench","texture_size":[48,48],"textures":{"4":"elitecreatures:verdant_animated/1","5":"elitecreatures:verdant_animated/2","7":"elitecreatures:verdant_animated/sword","particle":"elitecreatures:verdant_animated/1"},"elements":[{"from":[6.75,-2,6.75],"to":[9.25,1,9.25],"rotation":{"angle":0,"axis":"y","origin":[-0.25,-3,-0.25]},"faces":{"north":{"uv":[0.66667,11,1.5,12],"texture":"#7"},"east":{"uv":[1.66667,11,2.5,12],"texture":"#7"},"south":{"uv":[2.66667,11,3.5,12],"texture":"#7"},"west":{"uv":[3.66667,11,4.5,12],"texture":"#7"},"up":{"uv":[11.83333,10.5,11,9.66667],"texture":"#7"},"down":{"uv":[12.16667,0,11.33333,0.83333],"texture":"#7"}}},{"from":[7.5,-1.5,4.75],"to":[8.5,-0.5,11.25],"rotation":{"angle":0,"axis":"y","origin":[8,-0.5,8]},"faces":{"north":{"uv":[9.66667,8.66667,10,9],"texture":"#7"},"east":{"uv":[11,6.66667,13.16667,7],"texture":"#7"},"south":{"uv":[5,10,5.33333,10.33333],"texture":"#7"},"west":{"uv":[11,7,13.16667,7.33333],"texture":"#7"},"up":{"uv":[11.33333,9.5,11,7.33333],"texture":"#7"},"down":{"uv":[11.66667,7.33333,11.33333,9.5],"texture":"#7"}}},{"from":[7.5,1.5,5.75],"to":[8.5,24.5,10.25],"rotation":{"angle":0,"axis":"y","origin":[8,-0.5,8.5]},"faces":{"north":{"uv":[5.33333,7.66667,5.66667,15.33333],"texture":"#7"},"east":{"uv":[5.33333,0,6.83333,7.66667],"texture":"#7"},"south":{"uv":[5.66667,7.66667,6,15.33333],"texture":"#7"},"west":{"uv":[7,0,8.5,7.66667],"texture":"#7"},"up":{"uv":[12,8.83333,11.66667,7.33333],"texture":"#7"},"down":{"uv":[10,11.66667,9.66667,13.16667],"texture":"#7"}}},{"from":[7.501,23.501,7.751],"to":[8.499,26.999,11.249],"rotation":{"angle":45,"axis":"x","origin":[8,26.75,8]},"faces":{"north":{"uv":[0.66667,12,1,13.16667],"texture":"#7"},"east":{"uv":[8.66667,5.33333,9.83333,6.5],"texture":"#7"},"south":{"uv":[1,12,1.33333,13.16667],"texture":"#7"},"west":{"uv":[8.66667,9,9.83333,10.16667],"texture":"#7"},"up":{"uv":[1.66667,13.16667,1.33333,12],"texture":"#7"},"down":{"uv":[2,12,1.66667,13.16667],"texture":"#7"}}},{"from":[7.25,-0.5,2.75],"to":[8.75,1.5,13.25],"rotation":{"angle":0,"axis":"y","origin":[8,-0.5,9]},"faces":{"north":{"uv":[2,12,2.5,12.66667],"texture":"#7"},"east":{"uv":[6,7.66667,9.5,8.33333],"texture":"#7"},"south":{"uv":[2.66667,12,3.16667,12.66667],"texture":"#7"},"west":{"uv":[6,8.33333,9.5,9],"texture":"#7"},"up":{"uv":[7.83333,12.5,7.33333,9],"texture":"#7"},"down":{"uv":[8.5,9,8,12.5],"texture":"#7"}}},{"from":[7.25,4.5052,14.0052],"to":[8.75,6.5052,15.5052],"rotation":{"angle":-45,"axis":"x","origin":[8,2.5052,16.2552]},"faces":{"north":{"uv":[3.33333,12,3.83333,12.66667],"texture":"#7"},"east":{"uv":[4,12,4.5,12.66667],"texture":"#7"},"south":{"uv":[12,4,12.5,4.66667],"texture":"#7"},"west":{"uv":[12,7.33333,12.5,8],"texture":"#7"},"up":{"uv":[12.5,12.16667,12,11.66667],"texture":"#7"},"down":{"uv":[0.5,12.33333,0,12.83333],"texture":"#7"}}},{"from":[7.25,0.5052,12.0052],"to":[8.75,2.5052,13.5052],"rotation":{"angle":-45,"axis":"x","origin":[8,2.5052,16.2552]},"faces":{"north":{"uv":[12,8,12.5,8.66667],"texture":"#7"},"east":{"uv":[12,9.66667,12.5,10.33333],"texture":"#7"},"south":{"uv":[12,10.33333,12.5,11],"texture":"#7"},"west":{"uv":[10.66667,12,11.16667,12.66667],"texture":"#7"},"up":{"uv":[12.83333,0.5,12.33333,0],"texture":"#7"},"down":{"uv":[12.83333,0.66667,12.33333,1.16667],"texture":"#7"}}},{"from":[7,2.5052,12.0052],"to":[9,4.5052,15.5052],"rotation":{"angle":-45,"axis":"x","origin":[8,2.5052,16.2552]},"faces":{"north":{"uv":[9.33333,4.66667,10,5.33333],"texture":"#7"},"east":{"uv":[10.66667,4,11.83333,4.66667],"texture":"#7"},"south":{"uv":[11.66667,9,12.33333,9.66667],"texture":"#7"},"west":{"uv":[11,4.66667,12.16667,5.33333],"texture":"#7"},"up":{"uv":[5.33333,12.16667,4.66667,11],"texture":"#7"},"down":{"uv":[11.66667,5.33333,11,6.5],"texture":"#7"}}},{"from":[7,2.5052,0.4948],"to":[9,4.5052,3.9948],"rotation":{"angle":45,"axis":"x","origin":[8,2.5052,-0.2552]},"faces":{"north":{"uv":[12.33333,9,11.66667,9.66667],"texture":"#7"},"east":{"uv":[11.83333,4,10.66667,4.66667],"texture":"#7"},"south":{"uv":[10,4.66667,9.33333,5.33333],"texture":"#7"},"west":{"uv":[12.16667,4.66667,11,5.33333],"texture":"#7"},"up":{"uv":[5.33333,11,4.66667,12.16667],"texture":"#7"},"down":{"uv":[11.66667,6.5,11,5.33333],"texture":"#7"}}},{"from":[7.25,4.5052,0.4948],"to":[8.75,6.5052,1.9948],"rotation":{"angle":45,"axis":"x","origin":[8,2.5052,-0.2552]},"faces":{"north":{"uv":[12.5,4,12,4.66667],"texture":"#7"},"east":{"uv":[4.5,12,4,12.66667],"texture":"#7"},"south":{"uv":[3.83333,12,3.33333,12.66667],"texture":"#7"},"west":{"uv":[12.5,7.33333,12,8],"texture":"#7"},"up":{"uv":[12.5,11.66667,12,12.16667],"texture":"#7"},"down":{"uv":[0.5,12.83333,0,12.33333],"texture":"#7"}}},{"from":[7.25,0.5052,2.4948],"to":[8.75,2.5052,3.9948],"rotation":{"angle":45,"axis":"x","origin":[8,2.5052,-0.2552]},"faces":{"north":{"uv":[12.5,10.33333,12,11],"texture":"#7"},"east":{"uv":[12.5,9.66667,12,10.33333],"texture":"#7"},"south":{"uv":[12.5,8,12,8.66667],"texture":"#7"},"west":{"uv":[11.16667,12,10.66667,12.66667],"texture":"#7"},"up":{"uv":[12.83333,0,12.33333,0.5],"texture":"#7"},"down":{"uv":[12.83333,1.16667,12.33333,0.66667],"texture":"#7"}}},{"from":[6.75,-11,6.75],"to":[9.25,-10,9.25],"rotation":{"angle":0,"axis":"y","origin":[-0.25,-3,-0.25]},"faces":{"north":{"uv":[11.66667,6.33333,12.5,6.66667],"texture":"#7"},"east":{"uv":[12,8.66667,12.83333,9],"texture":"#7"},"south":{"uv":[12,11,12.83333,11.33333],"texture":"#7"},"west":{"uv":[12,11.33333,12.83333,11.66667],"texture":"#7"},"up":{"uv":[12.16667,1.83333,11.33333,1],"texture":"#7"},"down":{"uv":[9.5,11.33333,8.66667,12.16667],"texture":"#7"}}},{"from":[6.5,-14,6.5],"to":[9.5,-11,9.5],"rotation":{"angle":0,"axis":"y","origin":[-0.25,-2,-0.25]},"faces":{"north":{"uv":[0,10,1,11],"texture":"#7"},"east":{"uv":[1,10,2,11],"texture":"#7"},"south":{"uv":[2,10,3,11],"texture":"#7"},"west":{"uv":[3,10,4,11],"texture":"#7"},"up":{"uv":[5,11,4,10],"texture":"#7"},"down":{"uv":[11,4.66667,10,5.66667],"texture":"#7"}}},{"from":[6.5,0,6.5],"to":[9.5,3,9.5],"rotation":{"angle":-45,"axis":"x","origin":[8,1.5,8]},"faces":{"north":{"uv":[10,5.66667,11,6.66667],"texture":"#7"},"east":{"uv":[10,6.66667,11,7.66667],"texture":"#7"},"south":{"uv":[10,8.66667,11,9.66667],"texture":"#7"},"west":{"uv":[10,9.66667,11,10.66667],"texture":"#7"},"up":{"uv":[11.33333,1,10.33333,0],"texture":"#7"},"down":{"uv":[11.33333,1,10.33333,2],"texture":"#7"}}},{"from":[7,1,7.5],"to":[9,4,10.5],"rotation":{"angle":-45,"axis":"x","origin":[8,1.5,8]},"faces":{"north":{"uv":[11.33333,10.66667,12,11.66667],"texture":"#7"},"east":{"uv":[8.66667,10.33333,9.66667,11.33333],"texture":"#7"},"south":{"uv":[11.66667,2,12.33333,3],"texture":"#7"},"west":{"uv":[10.66667,2,11.66667,3],"texture":"#7"},"up":{"uv":[12.33333,4,11.66667,3],"texture":"#7"},"down":{"uv":[12.33333,5.33333,11.66667,6.33333],"texture":"#7"}}},{"from":[6.25,-11,-5.5],"to":[9.75,-8,-2.5],"rotation":{"angle":-45,"axis":"x","origin":[8,2.5,8]},"faces":{"north":{"uv":[8.66667,6.66667,9.83333,7.66667],"texture":"#7"},"east":{"uv":[10.66667,3,11.66667,4],"texture":"#7"},"south":{"uv":[9.33333,2.66667,10.5,3.66667],"texture":"#7"},"west":{"uv":[9.66667,10.66667,10.66667,11.66667],"texture":"#7"},"up":{"uv":[10.5,4.66667,9.33333,3.66667],"texture":"#7"},"down":{"uv":[10.83333,7.66667,9.66667,8.66667],"texture":"#7"}}},{"from":[7,-10,7],"to":[9,-2,9],"rotation":{"angle":0,"axis":"y","origin":[0,-3,0]},"faces":{"north":{"uv":[8.66667,0,9.33333,2.66667],"texture":"#7"},"east":{"uv":[8.66667,2.66667,9.33333,5.33333],"texture":"#7"},"south":{"uv":[6,9,6.66667,11.66667],"texture":"#7"},"west":{"uv":[6.66667,9,7.33333,11.66667],"texture":"#7"},"up":{"uv":[10.66667,12.33333,10,11.66667],"texture":"#7"},"down":{"uv":[12,11.66667,11.33333,12.33333],"texture":"#7"}}},{"from":[7,-15.75,7.3],"to":[9,-11.75,10.3],"rotation":{"angle":-22.5,"axis":"x","origin":[8,-14,9.5]},"faces":{"north":{"uv":[10.66667,10.66667,11.33333,12],"texture":"#7"},"east":{"uv":[9.33333,0,10.33333,1.33333],"texture":"#7"},"south":{"uv":[0,11,0.66667,12.33333],"texture":"#7"},"west":{"uv":[9.33333,1.33333,10.33333,2.66667],"texture":"#7"},"up":{"uv":[6.66667,12.66667,6,11.66667],"texture":"#7"},"down":{"uv":[7.33333,11.66667,6.66667,12.66667],"texture":"#7"}}},{"from":[7,-15.75,5.7],"to":[9,-11.75,8.7],"rotation":{"angle":22.5,"axis":"x","origin":[8,-14,6.5]},"faces":{"north":{"uv":[0.66667,11,0,12.33333],"texture":"#7"},"east":{"uv":[10.33333,0,9.33333,1.33333],"texture":"#7"},"south":{"uv":[11.33333,10.66667,10.66667,12],"texture":"#7"},"west":{"uv":[10.33333,1.33333,9.33333,2.66667],"texture":"#7"},"up":{"uv":[6.66667,11.66667,6,12.66667],"texture":"#7"},"down":{"uv":[7.33333,12.66667,6.66667,11.66667],"texture":"#7"}}},{"from":[8,1.5,4.25],"to":[8,31.5,11.75],"rotation":{"angle":0,"axis":"y","origin":[8,16.5,8]},"faces":{"north":{"uv":[0,0,0,10],"texture":"#7"},"east":{"uv":[0,0,2.5,10],"texture":"#7"},"south":{"uv":[0,0,0,10],"texture":"#7"},"west":{"uv":[2.66667,0,5.16667,10],"texture":"#7"},"up":{"uv":[0,2.5,0,0],"texture":"#7"},"down":{"uv":[0,0,0,2.5],"texture":"#7"}}},{"from":[8,3,-0.75],"to":[8,7,3.25],"faces":{"north":{"uv":[0,0,0,4],"texture":"#5"},"east":{"uv":[6,0,10,4],"texture":"#5"},"south":{"uv":[0,0,0,4],"texture":"#5"},"west":{"uv":[10,0,6,4],"texture":"#5"},"up":{"uv":[0,4,0,0],"texture":"#5"},"down":{"uv":[0,0,0,4],"texture":"#5"}}},{"from":[8,3,12.75],"to":[8,7,16.75],"rotation":{"angle":0,"axis":"y","origin":[0,0,16]},"faces":{"north":{"uv":[0,0,0,4],"texture":"#5"},"east":{"uv":[10,0,6,4],"texture":"#5"},"south":{"uv":[0,0,0,4],"texture":"#5"},"west":{"uv":[6,0,10,4],"texture":"#5"},"up":{"uv":[0,0,0,4],"texture":"#5"},"down":{"uv":[0,4,0,0],"texture":"#5"}}},{"from":[8,-15.5,9.5],"to":[8,-11.5,13.5],"rotation":{"angle":0,"axis":"y","origin":[0,0,16]},"faces":{"north":{"uv":[0,0,0,4],"texture":"#5"},"east":{"uv":[10,0,6,4],"texture":"#5"},"south":{"uv":[0,0,0,4],"texture":"#5"},"west":{"uv":[6,0,10,4],"texture":"#5"},"up":{"uv":[0,0,0,4],"texture":"#5"},"down":{"uv":[0,4,0,0],"texture":"#5"}}},{"from":[8,-15.5,2.5],"to":[8,-11.5,6.5],"faces":{"north":{"uv":[0,0,0,4],"texture":"#5"},"east":{"uv":[6,0,10,4],"texture":"#5"},"south":{"uv":[0,0,0,4],"texture":"#5"},"west":{"uv":[10,0,6,4],"texture":"#5"},"up":{"uv":[0,4,0,0],"texture":"#5"},"down":{"uv":[0,0,0,4],"texture":"#5"}}},{"from":[6.75,1.5,5],"to":[6.75,5.5,11],"rotation":{"angle":0,"axis":"y","origin":[8,1,8]},"faces":{"north":{"uv":[0,0,0,4],"texture":"#5"},"east":{"uv":[0,0,6,4],"texture":"#5"},"south":{"uv":[0,0,0,4],"texture":"#5"},"west":{"uv":[0,0,6,4],"texture":"#5"},"up":{"uv":[0,6,0,0],"texture":"#5"},"down":{"uv":[0,0,0,6],"texture":"#5"}}},{"from":[9.25,1.5,5],"to":[9.25,5.5,11],"rotation":{"angle":0,"axis":"y","origin":[8,1,8]},"faces":{"north":{"uv":[0,0,0,4],"texture":"#5"},"east":{"uv":[6,0,0,4],"texture":"#5"},"south":{"uv":[0,0,0,4],"texture":"#5"},"west":{"uv":[6,0,0,4],"texture":"#5"},"up":{"uv":[0,6,0,0],"texture":"#5"},"down":{"uv":[0,0,0,6],"texture":"#5"}}},{"from":[8,-3.5,3],"to":[8,-0.5,7],"rotation":{"angle":0,"axis":"y","origin":[8,1,8]},"faces":{"north":{"uv":[0,0,0,3],"texture":"#5"},"east":{"uv":[0,4.5,4,7.5],"texture":"#5"},"south":{"uv":[0,0,0,3],"texture":"#5"},"west":{"uv":[4,4.5,0,7.5],"texture":"#5"},"up":{"uv":[0,4,0,0],"texture":"#5"},"down":{"uv":[0,0,0,4],"texture":"#5"}}},{"from":[8,-3.5,9],"to":[8,-0.5,13],"rotation":{"angle":0,"axis":"y","origin":[8,1,8]},"faces":{"north":{"uv":[0,0,0,3],"texture":"#5"},"east":{"uv":[4,4.5,0,7.5],"texture":"#5"},"south":{"uv":[0,0,0,3],"texture":"#5"},"west":{"uv":[0,4.5,4,7.5],"texture":"#5"},"up":{"uv":[0,0,0,4],"texture":"#5"},"down":{"uv":[0,4,0,0],"texture":"#5"}}},{"from":[8.4,7.25,6.75],"to":[8.4,11.25,9.25],"rotation":{"angle":-22.5,"axis":"z","origin":[8.4,7.25,8]},"faces":{"north":{"uv":[0,0,0,4],"texture":"#5"},"east":{"uv":[12.5,0,10,4],"texture":"#5"},"south":{"uv":[0,0,0,4],"texture":"#5"},"west":{"uv":[12.5,0,10,4],"texture":"#5"},"up":{"uv":[0,2.5,0,0],"texture":"#5"},"down":{"uv":[0,0,0,2.5],"texture":"#5"}}},{"from":[8.4,6,8],"to":[8.4,8.5,12],"rotation":{"angle":22.5,"axis":"y","origin":[8.4,7.25,8]},"faces":{"north":{"uv":[0,0,0,2.5],"texture":"#5"},"east":{"uv":[10,0,12.5,4],"rotation":270,"texture":"#5"},"south":{"uv":[0,2.5,0,0],"rotation":180,"texture":"#5"},"west":{"uv":[10,0,12.5,4],"rotation":90,"texture":"#5"},"up":{"uv":[0,4,0,0],"texture":"#5"},"down":{"uv":[0,4,0,0],"rotation":180,"texture":"#5"}}},{"from":[8.4,3.25,6.75],"to":[8.4,7.25,9.25],"rotation":{"angle":22.5,"axis":"z","origin":[8.4,7.25,8]},"faces":{"north":{"uv":[0,0,0,4],"rotation":180,"texture":"#5"},"east":{"uv":[12.5,0,10,4],"rotation":180,"texture":"#5"},"south":{"uv":[0,0,0,4],"rotation":180,"texture":"#5"},"west":{"uv":[12.5,0,10,4],"rotation":180,"texture":"#5"},"up":{"uv":[0,0,0,2.5],"texture":"#5"},"down":{"uv":[0,2.5,0,0],"texture":"#5"}}},{"from":[8.4,6,4],"to":[8.4,8.5,8],"rotation":{"angle":-22.5,"axis":"y","origin":[8.4,7.25,8]},"faces":{"north":{"uv":[0,2.5,0,0],"rotation":180,"texture":"#5"},"east":{"uv":[10,4,12.5,0],"rotation":270,"texture":"#5"},"south":{"uv":[0,0,0,2.5],"texture":"#5"},"west":{"uv":[10,4,12.5,0],"rotation":90,"texture":"#5"},"up":{"uv":[0,0,0,4],"texture":"#5"},"down":{"uv":[0,0,0,4],"rotation":180,"texture":"#5"}}},{"from":[4.29289,-2.1,15.29289],"to":[8.29289,0.4,15.29289],"rotation":{"angle":22.5,"axis":"y","origin":[8,-0.85,16]},"faces":{"north":{"uv":[10,0,12.5,4],"rotation":90,"texture":"#5"},"east":{"uv":[0,0,0,2.5],"texture":"#5"},"south":{"uv":[10,0,12.5,4],"rotation":270,"texture":"#5"},"west":{"uv":[0,2.5,0,0],"rotation":180,"texture":"#5"},"up":{"uv":[0,4,0,0],"rotation":90,"texture":"#5"},"down":{"uv":[0,4,0,0],"rotation":90,"texture":"#5"}}},{"from":[6.75,-4.55711,15.29289],"to":[9.25,-0.55711,15.29289],"rotation":{"angle":-22.5,"axis":"x","origin":[8,-0.85,16]},"faces":{"north":{"uv":[12.5,0,10,4],"rotation":180,"texture":"#5"},"east":{"uv":[0,0,0,4],"rotation":180,"texture":"#5"},"south":{"uv":[12.5,0,10,4],"rotation":180,"texture":"#5"},"west":{"uv":[0,0,0,4],"rotation":180,"texture":"#5"},"up":{"uv":[0,0,0,2.5],"rotation":90,"texture":"#5"},"down":{"uv":[0,2.5,0,0],"rotation":270,"texture":"#5"}}},{"from":[7.70711,-2.1,15.29289],"to":[11.70711,0.4,15.29289],"rotation":{"angle":-22.5,"axis":"y","origin":[8,-0.85,16]},"faces":{"north":{"uv":[10,4,12.5,0],"rotation":90,"texture":"#5"},"east":{"uv":[0,2.5,0,0],"rotation":180,"texture":"#5"},"south":{"uv":[10,4,12.5,0],"rotation":270,"texture":"#5"},"west":{"uv":[0,0,0,2.5],"texture":"#5"},"up":{"uv":[0,0,0,4],"rotation":90,"texture":"#5"},"down":{"uv":[0,0,0,4],"rotation":90,"texture":"#5"}}},{"from":[6.75,-1.14289,15.29289],"to":[9.25,2.85711,15.29289],"rotation":{"angle":22.5,"axis":"x","origin":[8,-0.85,16]},"faces":{"north":{"uv":[12.5,0,10,4],"texture":"#5"},"east":{"uv":[0,0,0,4],"texture":"#5"},"south":{"uv":[12.5,0,10,4],"texture":"#5"},"west":{"uv":[0,0,0,4],"texture":"#5"},"up":{"uv":[0,2.5,0,0],"rotation":90,"texture":"#5"},"down":{"uv":[0,0,0,2.5],"rotation":270,"texture":"#5"}}},{"from":[6.75,-1.14289,0.70711],"to":[9.25,2.85711,0.70711],"rotation":{"angle":-22.5,"axis":"x","origin":[8,-0.85,0]},"faces":{"north":{"uv":[10,0,12.5,4],"texture":"#5"},"east":{"uv":[0,0,0,4],"texture":"#5"},"south":{"uv":[10,0,12.5,4],"texture":"#5"},"west":{"uv":[0,0,0,4],"texture":"#5"},"up":{"uv":[0,2.5,0,0],"rotation":90,"texture":"#5"},"down":{"uv":[0,0,0,2.5],"rotation":270,"texture":"#5"}}},{"from":[7.70711,-2.1,0.70711],"to":[11.70711,0.4,0.70711],"rotation":{"angle":22.5,"axis":"y","origin":[8,-0.85,0]},"faces":{"north":{"uv":[10,0,12.5,4],"rotation":270,"texture":"#5"},"east":{"uv":[0,2.5,0,0],"rotation":180,"texture":"#5"},"south":{"uv":[10,0,12.5,4],"rotation":90,"texture":"#5"},"west":{"uv":[0,0,0,2.5],"texture":"#5"},"up":{"uv":[0,0,0,4],"rotation":90,"texture":"#5"},"down":{"uv":[0,0,0,4],"rotation":90,"texture":"#5"}}},{"from":[6.75,-4.55711,0.70711],"to":[9.25,-0.55711,0.70711],"rotation":{"angle":22.5,"axis":"x","origin":[8,-0.85,0]},"faces":{"north":{"uv":[10,0,12.5,4],"rotation":180,"texture":"#5"},"east":{"uv":[0,0,0,4],"rotation":180,"texture":"#5"},"south":{"uv":[10,0,12.5,4],"rotation":180,"texture":"#5"},"west":{"uv":[0,0,0,4],"rotation":180,"texture":"#5"},"up":{"uv":[0,0,0,2.5],"rotation":90,"texture":"#5"},"down":{"uv":[0,2.5,0,0],"rotation":270,"texture":"#5"}}},{"from":[4.29289,-2.1,0.70711],"to":[8.29289,0.4,0.70711],"rotation":{"angle":-22.5,"axis":"y","origin":[8,-0.85,0]},"faces":{"north":{"uv":[10,4,12.5,0],"rotation":270,"texture":"#5"},"east":{"uv":[0,0,0,2.5],"texture":"#5"},"south":{"uv":[10,4,12.5,0],"rotation":90,"texture":"#5"},"west":{"uv":[0,2.5,0,0],"rotation":180,"texture":"#5"},"up":{"uv":[0,4,0,0],"rotation":90,"texture":"#5"},"down":{"uv":[0,4,0,0],"rotation":90,"texture":"#5"}}},{"from":[7.6,7.25,6.75],"to":[7.6,11.25,9.25],"rotation":{"angle":22.5,"axis":"z","origin":[7.6,7.25,8]},"faces":{"north":{"uv":[0,0,0,4],"texture":"#5"},"east":{"uv":[10,0,12.5,4],"texture":"#5"},"south":{"uv":[0,0,0,4],"texture":"#5"},"west":{"uv":[10,0,12.5,4],"texture":"#5"},"up":{"uv":[0,2.5,0,0],"texture":"#5"},"down":{"uv":[0,0,0,2.5],"texture":"#5"}}},{"from":[7.6,6,4],"to":[7.6,8.5,8],"rotation":{"angle":22.5,"axis":"y","origin":[7.6,7.25,8]},"faces":{"north":{"uv":[0,2.5,0,0],"rotation":180,"texture":"#5"},"east":{"uv":[10,0,12.5,4],"rotation":90,"texture":"#5"},"south":{"uv":[0,0,0,2.5],"texture":"#5"},"west":{"uv":[10,0,12.5,4],"rotation":270,"texture":"#5"},"up":{"uv":[0,0,0,4],"texture":"#5"},"down":{"uv":[0,0,0,4],"rotation":180,"texture":"#5"}}},{"from":[7.6,3.25,6.75],"to":[7.6,7.25,9.25],"rotation":{"angle":-22.5,"axis":"z","origin":[7.6,7.25,8]},"faces":{"north":{"uv":[0,0,0,4],"rotation":180,"texture":"#5"},"east":{"uv":[10,0,12.5,4],"rotation":180,"texture":"#5"},"south":{"uv":[0,0,0,4],"rotation":180,"texture":"#5"},"west":{"uv":[10,0,12.5,4],"rotation":180,"texture":"#5"},"up":{"uv":[0,0,0,2.5],"texture":"#5"},"down":{"uv":[0,2.5,0,0],"texture":"#5"}}},{"from":[7.6,6,8],"to":[7.6,8.5,12],"rotation":{"angle":-22.5,"axis":"y","origin":[7.6,7.25,8]},"faces":{"north":{"uv":[0,0,0,2.5],"texture":"#5"},"east":{"uv":[10,4,12.5,0],"rotation":90,"texture":"#5"},"south":{"uv":[0,2.5,0,0],"rotation":180,"texture":"#5"},"west":{"uv":[10,4,12.5,0],"rotation":270,"texture":"#5"},"up":{"uv":[0,4,0,0],"texture":"#5"},"down":{"uv":[0,4,0,0],"rotation":180,"texture":"#5"}}},{"from":[7.4,15.5,7.25],"to":[7.4,24.5,8.75],"faces":{"north":{"uv":[0,0,0,1],"texture":"#missing"},"east":{"uv":[0,0,0.16667,1],"texture":"#missing"},"south":{"uv":[0,0,0,1],"texture":"#missing"},"west":{"uv":[0,0,1.5,9],"texture":"#4"},"up":{"uv":[0,0.16667,0,0],"texture":"#missing"},"down":{"uv":[0,0,0,0.16667],"texture":"#missing"}}},{"from":[8.6,15.5,7.25],"to":[8.6,24.5,8.75],"rotation":{"angle":0,"axis":"y","origin":[16,0,0]},"faces":{"north":{"uv":[0,0,0,1],"texture":"#missing"},"east":{"uv":[1.5,0,0,9],"texture":"#4"},"south":{"uv":[0,0,0,1],"texture":"#missing"},"west":{"uv":[0.16667,0,0,1],"texture":"#missing"},"up":{"uv":[0,0.16667,0,0],"texture":"#missing"},"down":{"uv":[0,0,0,0.16667],"texture":"#missing"}}},{"from":[7.4,24.5,7],"to":[7.4,26,8.5],"rotation":{"angle":45,"axis":"x","origin":[8,25,8]},"faces":{"north":{"uv":[0,0,0.11111,0.11111],"texture":"#missing"},"east":{"uv":[0,0,0.11111,0.11111],"texture":"#missing"},"south":{"uv":[0,0,0.11111,0.11111],"texture":"#missing"},"west":{"uv":[2,0,3.5,1.5],"texture":"#4"},"up":{"uv":[0,0,0.11111,0.11111],"texture":"#missing"},"down":{"uv":[0,0,0.11111,0.11111],"texture":"#missing"}}},{"from":[8.6,24.5,7],"to":[8.6,26,8.5],"rotation":{"angle":45,"axis":"x","origin":[8,25,8]},"faces":{"north":{"uv":[0.11111,0,0,0.11111],"texture":"#missing"},"east":{"uv":[3.5,0,2,1.5],"texture":"#4"},"south":{"uv":[0.11111,0,0,0.11111],"texture":"#missing"},"west":{"uv":[0.11111,0,0,0.11111],"texture":"#missing"},"up":{"uv":[0.11111,0,0,0.11111],"texture":"#missing"},"down":{"uv":[0.11111,0,0,0.11111],"texture":"#missing"}}},{"from":[6.25,-0.25,6.5],"to":[6.25,2.75,9.5],"rotation":{"angle":-45,"axis":"x","origin":[8,1.25,8]},"faces":{"north":{"uv":[0.33333,1.11111,0.44444,1.22222],"texture":"#missing"},"east":{"uv":[0,1.05556,0.33333,1.38889],"texture":"#missing"},"south":{"uv":[1.11111,0.55556,1.22222,0.66667],"texture":"#missing"},"west":{"uv":[0,9.5,3,12.5],"texture":"#4"},"up":{"uv":[1.22222,1.07407,1.11111,0.96296],"texture":"#missing"},"down":{"uv":[1.22222,1.07407,1.11111,1.18519],"texture":"#missing"}}},{"from":[9.75,-0.25,6.5],"to":[9.75,2.75,9.5],"rotation":{"angle":45,"axis":"x","origin":[8,1.25,8]},"faces":{"north":{"uv":[1.11111,0.55556,1.22222,0.66667],"texture":"#missing"},"east":{"uv":[0,9.5,3,12.5],"texture":"#4"},"south":{"uv":[0.33333,1.11111,0.44444,1.22222],"texture":"#missing"},"west":{"uv":[0,1.05556,0.33333,1.38889],"texture":"#missing"},"up":{"uv":[1.11111,0.96296,1.22222,1.07407],"texture":"#missing"},"down":{"uv":[1.11111,1.18519,1.22222,1.07407],"texture":"#missing"}}},{"from":[8,26,12.25],"to":[8,29,15.75],"rotation":{"angle":0,"axis":"y","origin":[6,0,1.25]},"faces":{"north":{"uv":[0,15.16667,4.08333,18.66667],"texture":"#4"},"east":{"uv":[0,13,3.5,16],"texture":"#4"},"south":{"uv":[0,15.16667,4.08333,18.66667],"texture":"#4"},"west":{"uv":[0,13,3.5,16],"texture":"#4"},"up":{"uv":[0,15.16667,4.08333,18.66667],"texture":"#4"},"down":{"uv":[0,15.16667,4.08333,18.66667],"texture":"#4"}}},{"from":[8,10,-0.25],"to":[8,13,3.25],"rotation":{"angle":0,"axis":"y","origin":[6,0,1.25]},"faces":{"north":{"uv":[0,15.16667,4.08333,18.66667],"texture":"#4"},"east":{"uv":[0,13,3.5,16],"texture":"#4"},"south":{"uv":[0,15.16667,4.08333,18.66667],"texture":"#4"},"west":{"uv":[0,13,3.5,16],"texture":"#4"},"up":{"uv":[0,15.16667,4.08333,18.66667],"texture":"#4"},"down":{"uv":[0,15.16667,4.08333,18.66667],"texture":"#4"}}}],"gui_light":"front","display":{"thirdperson_righthand":{"translation":[0,6.75,1.25],"scale":[0.6,0.6,0.6]},"thirdperson_lefthand":{"translation":[0,6.75,1.25],"scale":[0.6,0.6,0.6]},"firstperson_righthand":{"rotation":[-10,5,0],"translation":[3.75,2.5,-4],"scale":[0.6,0.6,0.6]},"firstperson_lefthand":{"rotation":[-10,5,0],"translation":[3.75,2.5,-4],"scale":[0.6,0.6,0.6]},"ground":{"rotation":[0,0,88],"translation":[-2,2.5,0.25],"scale":[0.45,0.45,0.45]},"gui":{"rotation":[90,134,-90],"translation":[-0.5,-0.25,-1.5],"scale":[0.38,0.38,0.38]},"head":{"rotation":[90,-156,90],"translation":[-3,6.75,1.75],"scale":[0.6,0.6,0.6]},"fixed":{"rotation":[-90,-90,-90],"translation":[0,1.25,0.25],"scale":[1.2,1.2,1.2]}}}