{"credit":"Made with Blockbench","texture_size":[32,32],"textures":{"1":"elitecreatures:verdant_animated/wings","4":"elitecreatures:verdant_animated/1","particle":"elitecreatures:verdant_animated/1"},"elements":[{"from":[8,0,8],"to":[30,16,8],"rotation":{"angle":-22.5,"axis":"z","origin":[8,0,8]},"faces":{"north":{"uv":[0,0,11,8],"texture":"#1"},"east":{"uv":[0,0,0,8],"texture":"#1"},"south":{"uv":[0,8,11,16],"texture":"#1"},"west":{"uv":[0,0,0,8],"texture":"#1"},"up":{"uv":[11,0,0,0],"texture":"#1"},"down":{"uv":[11,0,0,0],"texture":"#1"}}},{"from":[-14,0,8],"to":[8,16,8],"rotation":{"angle":22.5,"axis":"z","origin":[8,0,8]},"faces":{"north":{"uv":[11,0,0,8],"texture":"#1"},"east":{"uv":[0,0,0,8],"texture":"#1"},"south":{"uv":[11,8,0,16],"texture":"#1"},"west":{"uv":[0,0,0,8],"texture":"#1"},"up":{"uv":[0,0,11,0],"texture":"#1"},"down":{"uv":[0,0,11,0],"texture":"#1"}}},{"from":[8,0,8],"to":[30,16,8],"rotation":{"angle":-45,"axis":"y","origin":[8,0,8]},"faces":{"north":{"uv":[0,0,11,8],"texture":"#1"},"east":{"uv":[0,0,0,8],"texture":"#1"},"south":{"uv":[0,8,11,16],"texture":"#1"},"west":{"uv":[0,0,0,8],"texture":"#1"},"up":{"uv":[11,0,0,0],"texture":"#1"},"down":{"uv":[11,0,0,0],"texture":"#1"}}},{"from":[-14,0,8],"to":[8,16,8],"rotation":{"angle":45,"axis":"y","origin":[8,0,8]},"faces":{"north":{"uv":[11,0,0,8],"texture":"#1"},"east":{"uv":[0,0,0,8],"texture":"#1"},"south":{"uv":[11,8,0,16],"texture":"#1"},"west":{"uv":[0,0,0,8],"texture":"#1"},"up":{"uv":[0,0,11,0],"texture":"#1"},"down":{"uv":[0,0,11,0],"texture":"#1"}}},{"from":[6,-1,7],"to":[10,7,10],"faces":{"north":{"uv":[11,0,13,4],"texture":"#1"},"east":{"uv":[11,8,12.5,12],"texture":"#1"},"south":{"uv":[11,4,13,8],"texture":"#1"},"west":{"uv":[11,12,12.5,16],"texture":"#1"},"up":{"uv":[14.5,9.5,12.5,8],"texture":"#1"},"down":{"uv":[14.5,9.5,12.5,11],"texture":"#1"}}},{"from":[6.5,-2,7],"to":[9.5,-1,9.5],"faces":{"north":{"uv":[13,0,14.5,0.5],"texture":"#1"},"east":{"uv":[13,1,14.25,1.5],"texture":"#1"},"south":{"uv":[13,0.5,14.5,1],"texture":"#1"},"west":{"uv":[13,1.5,14.25,2],"texture":"#1"},"up":{"uv":[14,12.25,12.5,11],"texture":"#1"},"down":{"uv":[14,12.5,12.5,13.75],"texture":"#1"}}},{"from":[8.5,1.75,10.25],"to":[11.5,4.75,10.25],"rotation":{"angle":45,"axis":"z","origin":[8,1.25,8]},"faces":{"north":{"uv":[0,1.58333,0.5,2.08333],"rotation":180,"texture":"#missing"},"east":{"uv":[0.5,1.66667,0.66667,1.83333],"rotation":180,"texture":"#missing"},"south":{"uv":[3,12,0.5,9.5],"rotation":180,"texture":"#4"},"west":{"uv":[1.66667,0.83333,1.83333,1],"rotation":180,"texture":"#missing"},"up":{"uv":[1.83333,1.61111,1.66667,1.77778],"rotation":270,"texture":"#missing"},"down":{"uv":[1.83333,1.61111,1.66667,1.44444],"rotation":90,"texture":"#missing"}}},{"from":[-6,6,9.25],"to":[-2.5,9,9.25],"rotation":{"angle":0,"axis":"y","origin":[-4.25,7.5,9.25]},"faces":{"north":{"uv":[0,13,3.5,16],"texture":"#4"},"east":{"uv":[0,19.5,5.25,24],"texture":"#missing"},"south":{"uv":[0,13,3.5,16],"texture":"#4"},"west":{"uv":[0,19.5,5.25,24],"texture":"#missing"},"up":{"uv":[0,19.5,5.25,24],"texture":"#missing"},"down":{"uv":[0,19.5,5.25,24],"texture":"#missing"}}},{"from":[-15,-3,9.25],"to":[-11.5,0,9.25],"rotation":{"angle":0,"axis":"y","origin":[-4.25,7.5,9.25]},"faces":{"north":{"uv":[0,13,3.5,16],"texture":"#4"},"east":{"uv":[0,19.5,5.25,24],"texture":"#missing"},"south":{"uv":[0,13,3.5,16],"texture":"#4"},"west":{"uv":[0,19.5,5.25,24],"texture":"#missing"},"up":{"uv":[0,19.5,5.25,24],"texture":"#missing"},"down":{"uv":[0,19.5,5.25,24],"texture":"#missing"}}},{"from":[27.5,-3,9.25],"to":[31,0,9.25],"rotation":{"angle":0,"axis":"y","origin":[20.25,7.5,9.25]},"faces":{"north":{"uv":[3.5,13,0,16],"texture":"#4"},"east":{"uv":[5.25,19.5,0,24],"texture":"#missing"},"south":{"uv":[3.5,13,0,16],"texture":"#4"},"west":{"uv":[5.25,19.5,0,24],"texture":"#missing"},"up":{"uv":[5.25,19.5,0,24],"texture":"#missing"},"down":{"uv":[5.25,19.5,0,24],"texture":"#missing"}}},{"from":[18.5,6,9.25],"to":[22,9,9.25],"rotation":{"angle":0,"axis":"y","origin":[20.25,7.5,9.25]},"faces":{"north":{"uv":[3.5,13,0,16],"texture":"#4"},"east":{"uv":[5.25,19.5,0,24],"texture":"#missing"},"south":{"uv":[3.5,13,0,16],"texture":"#4"},"west":{"uv":[5.25,19.5,0,24],"texture":"#missing"},"up":{"uv":[5.25,19.5,0,24],"texture":"#missing"},"down":{"uv":[5.25,19.5,0,24],"texture":"#missing"}}},{"from":[14.5,3,20.25],"to":[18,6,20.25],"rotation":{"angle":-22.5,"axis":"y","origin":[20.25,14.5,22.25]},"faces":{"north":{"uv":[3.5,13,0,16],"texture":"#4"},"east":{"uv":[5.25,19.5,0,24],"texture":"#missing"},"south":{"uv":[3.5,13,0,16],"texture":"#4"},"west":{"uv":[5.25,19.5,0,24],"texture":"#missing"},"up":{"uv":[5.25,19.5,0,24],"texture":"#missing"},"down":{"uv":[5.25,19.5,0,24],"texture":"#missing"}}},{"from":[-2,3,20.25],"to":[1.5,6,20.25],"rotation":{"angle":22.5,"axis":"y","origin":[-4.25,14.5,22.25]},"faces":{"north":{"uv":[0,13,3.5,16],"texture":"#4"},"east":{"uv":[0,19.5,5.25,24],"texture":"#missing"},"south":{"uv":[0,13,3.5,16],"texture":"#4"},"west":{"uv":[0,19.5,5.25,24],"texture":"#missing"},"up":{"uv":[0,19.5,5.25,24],"texture":"#missing"},"down":{"uv":[0,19.5,5.25,24],"texture":"#missing"}}}],"gui_light":"front","display":{"thirdperson_righthand":{"rotation":[45,180,0],"translation":[0,2,2],"scale":[0.6,0.6,0.6]},"thirdperson_lefthand":{"rotation":[67.5,0,0],"translation":[-6.25,-3.25,13.75]},"firstperson_righthand":{"translation":[0,3.5,0],"scale":[0.5,0.5,0.5]},"firstperson_lefthand":{"translation":[2.5,0,0],"scale":[0,0,0]},"ground":{"translation":[0,7,0],"scale":[0.6,0.6,0.6]},"gui":{"translation":[0,1.5,0],"scale":[0.37,0.37,0.37]},"head":{"translation":[0,-42,4.25],"scale":[1.6,1.6,1.6]},"fixed":{"rotation":[0,180,0],"translation":[0,4,0]}}}