{"credit":"Made with Blockbench","texture_size":[32,32],"textures":{"1":"elitecreatures:verdant_animated/wings","4":"elitecreatures:verdant_animated/1","particle":"elitecreatures:verdant_animated/1"},"elements":[{"from":[8,-14.375,10.71788],"to":[19,-6.375,10.71788],"rotation":{"angle":-22.5,"axis":"z","origin":[8,-14.375,10.71788]},"faces":{"north":{"uv":[0,0,11,8],"texture":"#1"},"east":{"uv":[0,0,0,8],"texture":"#1"},"south":{"uv":[0,8,11,16],"texture":"#1"},"west":{"uv":[0,0,0,8],"texture":"#1"},"up":{"uv":[11,0,0,0],"texture":"#1"},"down":{"uv":[11,0,0,0],"texture":"#1"}}},{"from":[-3,-14.375,10.71788],"to":[8,-6.375,10.71788],"rotation":{"angle":22.5,"axis":"z","origin":[8,-14.375,10.71788]},"faces":{"north":{"uv":[11,0,0,8],"texture":"#1"},"east":{"uv":[0,0,0,8],"texture":"#1"},"south":{"uv":[11,8,0,16],"texture":"#1"},"west":{"uv":[0,0,0,8],"texture":"#1"},"up":{"uv":[0,0,11,0],"texture":"#1"},"down":{"uv":[0,0,11,0],"texture":"#1"}}},{"from":[8,-14.375,10.71788],"to":[19,-6.375,10.71788],"rotation":{"angle":-45,"axis":"y","origin":[8,-14.375,10.71788]},"faces":{"north":{"uv":[0,0,11,8],"texture":"#1"},"east":{"uv":[0,0,0,8],"texture":"#1"},"south":{"uv":[0,8,11,16],"texture":"#1"},"west":{"uv":[0,0,0,8],"texture":"#1"},"up":{"uv":[11,0,0,0],"texture":"#1"},"down":{"uv":[11,0,0,0],"texture":"#1"}}},{"from":[-3,-14.375,10.71788],"to":[8,-6.375,10.71788],"rotation":{"angle":45,"axis":"y","origin":[8,-14.375,10.71788]},"faces":{"north":{"uv":[11,0,0,8],"texture":"#1"},"east":{"uv":[0,0,0,8],"texture":"#1"},"south":{"uv":[11,8,0,16],"texture":"#1"},"west":{"uv":[0,0,0,8],"texture":"#1"},"up":{"uv":[0,0,11,0],"texture":"#1"},"down":{"uv":[0,0,11,0],"texture":"#1"}}},{"from":[7,-14.875,10.21788],"to":[9,-10.875,11.71788],"rotation":{"angle":0,"axis":"y","origin":[4,-14.375,6.71788]},"faces":{"north":{"uv":[11,0,13,4],"texture":"#1"},"east":{"uv":[11,8,12.5,12],"texture":"#1"},"south":{"uv":[11,4,13,8],"texture":"#1"},"west":{"uv":[11,12,12.5,16],"texture":"#1"},"up":{"uv":[14.5,9.5,12.5,8],"texture":"#1"},"down":{"uv":[14.5,9.5,12.5,11],"texture":"#1"}}},{"from":[7.25,-15.375,10.21788],"to":[8.75,-14.875,11.46788],"rotation":{"angle":0,"axis":"y","origin":[4,-14.375,6.71788]},"faces":{"north":{"uv":[13,0,14.5,0.5],"texture":"#1"},"east":{"uv":[13,1,14.25,1.5],"texture":"#1"},"south":{"uv":[13,0.5,14.5,1],"texture":"#1"},"west":{"uv":[13,1.5,14.25,2],"texture":"#1"},"up":{"uv":[14,12.25,12.5,11],"texture":"#1"},"down":{"uv":[14,12.5,12.5,13.75],"texture":"#1"}}},{"from":[8.25,-13.5,11.84288],"to":[9.75,-12,11.84288],"rotation":{"angle":45,"axis":"z","origin":[8,-13.75,10.71788]},"faces":{"north":{"uv":[0,1.58333,0.5,2.08333],"rotation":180,"texture":"#missing"},"east":{"uv":[0.5,1.66667,0.66667,1.83333],"rotation":180,"texture":"#missing"},"south":{"uv":[3,12,0.5,9.5],"rotation":180,"texture":"#4"},"west":{"uv":[1.66667,0.83333,1.83333,1],"rotation":180,"texture":"#missing"},"up":{"uv":[1.83333,1.61111,1.66667,1.77778],"rotation":270,"texture":"#missing"},"down":{"uv":[1.83333,1.61111,1.66667,1.44444],"rotation":90,"texture":"#missing"}}},{"from":[1,-11.375,11.34288],"to":[2.75,-9.875,11.34288],"rotation":{"angle":0,"axis":"y","origin":[1.875,-10.625,11.34288]},"faces":{"north":{"uv":[0,13,3.5,16],"texture":"#4"},"east":{"uv":[0,19.5,5.25,24],"texture":"#missing"},"south":{"uv":[0,13,3.5,16],"texture":"#4"},"west":{"uv":[0,19.5,5.25,24],"texture":"#missing"},"up":{"uv":[0,19.5,5.25,24],"texture":"#missing"},"down":{"uv":[0,19.5,5.25,24],"texture":"#missing"}}},{"from":[-3.5,-15.875,11.34288],"to":[-1.75,-14.375,11.34288],"rotation":{"angle":0,"axis":"y","origin":[1.875,-10.625,11.34288]},"faces":{"north":{"uv":[0,13,3.5,16],"texture":"#4"},"east":{"uv":[0,19.5,5.25,24],"texture":"#missing"},"south":{"uv":[0,13,3.5,16],"texture":"#4"},"west":{"uv":[0,19.5,5.25,24],"texture":"#missing"},"up":{"uv":[0,19.5,5.25,24],"texture":"#missing"},"down":{"uv":[0,19.5,5.25,24],"texture":"#missing"}}},{"from":[17.75,-15.875,11.34288],"to":[19.5,-14.375,11.34288],"rotation":{"angle":0,"axis":"y","origin":[14.125,-10.625,11.34288]},"faces":{"north":{"uv":[3.5,13,0,16],"texture":"#4"},"east":{"uv":[5.25,19.5,0,24],"texture":"#missing"},"south":{"uv":[3.5,13,0,16],"texture":"#4"},"west":{"uv":[5.25,19.5,0,24],"texture":"#missing"},"up":{"uv":[5.25,19.5,0,24],"texture":"#missing"},"down":{"uv":[5.25,19.5,0,24],"texture":"#missing"}}},{"from":[13.25,-11.375,11.34288],"to":[15,-9.875,11.34288],"rotation":{"angle":0,"axis":"y","origin":[14.125,-10.625,11.34288]},"faces":{"north":{"uv":[3.5,13,0,16],"texture":"#4"},"east":{"uv":[5.25,19.5,0,24],"texture":"#missing"},"south":{"uv":[3.5,13,0,16],"texture":"#4"},"west":{"uv":[5.25,19.5,0,24],"texture":"#missing"},"up":{"uv":[5.25,19.5,0,24],"texture":"#missing"},"down":{"uv":[5.25,19.5,0,24],"texture":"#missing"}}},{"from":[11.25,-12.875,16.84288],"to":[13,-11.375,16.84288],"rotation":{"angle":-22.5,"axis":"y","origin":[14.125,-7.125,17.84288]},"faces":{"north":{"uv":[3.5,13,0,16],"texture":"#4"},"east":{"uv":[5.25,19.5,0,24],"texture":"#missing"},"south":{"uv":[3.5,13,0,16],"texture":"#4"},"west":{"uv":[5.25,19.5,0,24],"texture":"#missing"},"up":{"uv":[5.25,19.5,0,24],"texture":"#missing"},"down":{"uv":[5.25,19.5,0,24],"texture":"#missing"}}},{"from":[3,-12.875,16.84288],"to":[4.75,-11.375,16.84288],"rotation":{"angle":22.5,"axis":"y","origin":[1.875,-7.125,17.84288]},"faces":{"north":{"uv":[0,13,3.5,16],"texture":"#4"},"east":{"uv":[0,19.5,5.25,24],"texture":"#missing"},"south":{"uv":[0,13,3.5,16],"texture":"#4"},"west":{"uv":[0,19.5,5.25,24],"texture":"#missing"},"up":{"uv":[0,19.5,5.25,24],"texture":"#missing"},"down":{"uv":[0,19.5,5.25,24],"texture":"#missing"}}}],"gui_light":"front","display":{"thirdperson_righthand":{"rotation":[45,180,0],"translation":[0,2,2],"scale":[0.6,0.6,0.6]},"thirdperson_lefthand":{"rotation":[67.5,0,0],"translation":[-6.25,-3.25,13.75]},"firstperson_righthand":{"translation":[0,3.5,0],"scale":[0.5,0.5,0.5]},"firstperson_lefthand":{"translation":[2.5,0,0],"scale":[0,0,0]},"ground":{"translation":[0,7,0],"scale":[0.6,0.6,0.6]},"gui":{"translation":[0,1.5,0],"scale":[0.37,0.37,0.37]},"head":{"translation":[0,-41.5,-3.5],"scale":[3.2,3.2,3.2]},"fixed":{"rotation":[0,180,0],"translation":[0,4,0]}}}