{"credit":"Made with Blockbench","texture_size":[24,24],"textures":{"2":"shogunset:flag_backpack","particle":"shogunset:flag_backpack"},"elements":[{"from":[10.67677,-10.1375,7.98349],"to":[10.69177,-4.6375,10.98349],"rotation":{"angle":45,"axis":"y","origin":[10.68427,-10,9.5]},"faces":{"east":{"uv":[16,0,12,7.33333],"texture":"#2","tintindex":0},"west":{"uv":[12,0,16,7.33333],"texture":"#2","tintindex":0}}},{"from":[10.43427,-4.6375,7.73349],"to":[10.93427,-4.1375,11.23349],"rotation":{"angle":45,"axis":"y","origin":[10.68427,-10,9.5]},"faces":{"north":{"uv":[5.33333,10,4.66667,10.66667],"texture":"#2","tintindex":0},"east":{"uv":[8.66667,0.66667,4,1.33333],"texture":"#2","tintindex":0},"south":{"uv":[10.66667,4.66667,10,5.33333],"texture":"#2","tintindex":0},"west":{"uv":[8.66667,0,4,0.66667],"texture":"#2","tintindex":0},"up":{"uv":[4,6,4.66667,1.33333],"texture":"#2","tintindex":0},"down":{"uv":[4.66667,1.33333,5.33333,6],"texture":"#2","tintindex":0}}},{"from":[10.18427,-4.8875,6.96651],"to":[11.18427,-3.8875,7.96651],"rotation":{"angle":45,"axis":"y","origin":[10.68427,-10,9.5]},"faces":{"north":{"uv":[8.66667,1.33333,7.33333,2.66667],"texture":"#2","tintindex":0},"east":{"uv":[8.66667,4,7.33333,5.33333],"texture":"#2","tintindex":0},"south":{"uv":[8.66667,2.66667,7.33333,4],"texture":"#2","tintindex":0},"west":{"uv":[4,7.33333,2.66667,8.66667],"texture":"#2","tintindex":0},"up":{"uv":[7.33333,6.66667,8.66667,5.33333],"texture":"#2","tintindex":0},"down":{"uv":[7.33333,6.66667,8.66667,8],"texture":"#2","tintindex":0}}},{"from":[10.31102,-5.8875,7.09151],"to":[11.05752,-4.6375,7.84151],"rotation":{"angle":45,"axis":"y","origin":[10.68427,-10,9.5]},"faces":{"north":{"uv":[8.33333,8,7.33333,9.66667],"texture":"#2","tintindex":0},"east":{"uv":[2.33333,8.66667,1.33333,10.33333],"texture":"#2","tintindex":0},"south":{"uv":[9.66667,0,8.66667,1.66667],"texture":"#2","tintindex":0},"west":{"uv":[1,8.66667,0,10.33333],"texture":"#2","tintindex":0},"up":{"uv":[5.33333,10.33333,6.33333,9.33333],"texture":"#2","tintindex":0},"down":{"uv":[9.33333,6,10.33333,7],"texture":"#2","tintindex":0}}},{"from":[10.37677,-4.695,11.22599],"to":[10.99177,-4.08,11.84099],"rotation":{"angle":45,"axis":"y","origin":[10.68427,-10,9.5]},"faces":{"north":{"uv":[10.66667,5.33333,10,6],"texture":"#2","tintindex":0},"east":{"uv":[8.66667,10,8,10.66667],"texture":"#2","tintindex":0},"south":{"uv":[8,10,7.33333,10.66667],"texture":"#2","tintindex":0},"west":{"uv":[7.33333,10,6.66667,10.66667],"texture":"#2","tintindex":0},"up":{"uv":[8.66667,10.66667,9.33333,10],"texture":"#2","tintindex":0},"down":{"uv":[9.33333,10,10,10.66667],"texture":"#2","tintindex":0}}},{"from":[10.38427,-7.6375,7.16651],"to":[10.98427,-6.1375,7.76651],"rotation":{"angle":45,"axis":"y","origin":[10.68427,-10,9.5]},"faces":{"north":{"uv":[9.33333,6,8.66667,8],"texture":"#2","tintindex":0},"east":{"uv":[10,4,9.33333,6],"texture":"#2","tintindex":0},"south":{"uv":[10,2,9.33333,4],"texture":"#2","tintindex":0},"west":{"uv":[9.33333,8,8.66667,10],"texture":"#2","tintindex":0},"up":{"uv":[4,10.66667,4.66667,10],"texture":"#2","tintindex":0},"down":{"uv":[10,4,10.66667,4.66667],"texture":"#2","tintindex":0}}},{"from":[10.18427,-6.1375,6.96651],"to":[11.18427,-5.8875,7.96651],"rotation":{"angle":45,"axis":"y","origin":[10.68427,-10,9.5]},"faces":{"north":{"uv":[10.66667,8.66667,9.33333,9],"texture":"#2","tintindex":0},"east":{"uv":[11.33333,0.66667,10,1],"texture":"#2","tintindex":0},"south":{"uv":[11.33333,0,10,0.33333],"texture":"#2","tintindex":0},"west":{"uv":[10.66667,9.33333,9.33333,9.66667],"texture":"#2","tintindex":0},"up":{"uv":[0,8.66667,1.33333,7.33333],"texture":"#2","tintindex":0},"down":{"uv":[1.33333,7.33333,2.66667,8.66667],"texture":"#2","tintindex":0}}},{"from":[10.43427,-10.6375,7.21651],"to":[10.93427,-7.6375,7.71651],"rotation":{"angle":45,"axis":"y","origin":[10.68427,-10,9.5]},"faces":{"north":{"uv":[5.33333,6,4.66667,10],"texture":"#2","tintindex":0},"east":{"uv":[7.33333,5.33333,6.66667,9.33333],"texture":"#2","tintindex":0},"south":{"uv":[7.33333,1.33333,6.66667,5.33333],"texture":"#2","tintindex":0},"west":{"uv":[6.66667,5.33333,6,9.33333],"texture":"#2","tintindex":0}}},{"from":[10.38427,-12.1375,7.16651],"to":[10.98427,-10.6375,7.76651],"rotation":{"angle":45,"axis":"y","origin":[10.68427,-10,9.5]},"faces":{"north":{"uv":[9.33333,2,8.66667,4],"texture":"#2","tintindex":0},"east":{"uv":[9.33333,4,8.66667,6],"texture":"#2","tintindex":0},"south":{"uv":[4,8.66667,3.33333,10.66667],"texture":"#2","tintindex":0},"west":{"uv":[3.33333,8.66667,2.66667,10.66667],"texture":"#2","tintindex":0},"up":{"uv":[10,3.33333,10.66667,2.66667],"texture":"#2","tintindex":0},"down":{"uv":[10,3.33333,10.66667,4],"texture":"#2","tintindex":0}}},{"from":[10.43427,-15.1375,7.21651],"to":[10.93427,-12.1375,7.71651],"rotation":{"angle":45,"axis":"y","origin":[10.68427,-10,9.5]},"faces":{"north":{"uv":[6,1.33333,5.33333,5.33333],"texture":"#2","tintindex":0},"east":{"uv":[4.66667,6,4,10],"texture":"#2","tintindex":0},"south":{"uv":[6.66667,1.33333,6,5.33333],"texture":"#2","tintindex":0},"west":{"uv":[6,5.33333,5.33333,9.33333],"texture":"#2","tintindex":0}}},{"from":[10.38427,-15.4875,7.16651],"to":[10.98427,-15.1375,7.76651],"rotation":{"angle":45,"axis":"y","origin":[10.68427,-10,9.5]},"faces":{"north":{"uv":[1.33333,10.66667,0.66667,11],"texture":"#2","tintindex":0},"east":{"uv":[2.66667,10.66667,2,11],"texture":"#2","tintindex":0},"south":{"uv":[11.33333,1.33333,10.66667,1.66667],"texture":"#2","tintindex":0},"west":{"uv":[2,10.66667,1.33333,11],"texture":"#2","tintindex":0},"up":{"uv":[6.66667,10,7.33333,9.33333],"texture":"#2","tintindex":0},"down":{"uv":[10,1.33333,10.66667,2],"texture":"#2","tintindex":0}}},{"from":[10.43427,-15.7375,7.21651],"to":[10.93427,-15.4875,7.71651],"rotation":{"angle":45,"axis":"y","origin":[10.68427,-10,9.5]},"faces":{"north":{"uv":[11.33333,2,10.66667,2.33333],"texture":"#2","tintindex":0},"east":{"uv":[4,10.66667,3.33333,11],"texture":"#2","tintindex":0},"south":{"uv":[11.33333,2.66667,10.66667,3],"texture":"#2","tintindex":0},"west":{"uv":[3.33333,10.66667,2.66667,11],"texture":"#2","tintindex":0},"down":{"uv":[10,2,10.66667,2.66667],"texture":"#2","tintindex":0}}},{"from":[10.55927,-15.8625,7.09151],"to":[10.80927,-15.3625,7.84151],"rotation":{"angle":45,"axis":"y","origin":[10.68427,-10,9.5]},"faces":{"north":{"uv":[11,3.33333,10.66667,4],"texture":"#2","tintindex":0},"east":{"uv":[10.33333,8,9.33333,8.66667],"texture":"#2","tintindex":0},"south":{"uv":[4.33333,10.66667,4,11.33333],"texture":"#2","tintindex":0},"west":{"uv":[10.33333,7.33333,9.33333,8],"texture":"#2","tintindex":0},"up":{"uv":[10,11,10.33333,10],"texture":"#2","tintindex":0},"down":{"uv":[0,10.66667,0.33333,11.66667],"texture":"#2","tintindex":0}}},{"from":[5.19073,-15.8625,7.09151],"to":[5.44073,-15.3625,7.84151],"rotation":{"angle":-45,"axis":"y","origin":[5.31573,-10,9.5]},"faces":{"north":{"uv":[10.66667,3.33333,11,4],"texture":"#2","tintindex":0},"east":{"uv":[9.33333,7.33333,10.33333,8],"texture":"#2","tintindex":0},"south":{"uv":[4,10.66667,4.33333,11.33333],"texture":"#2","tintindex":0},"west":{"uv":[9.33333,8,10.33333,8.66667],"texture":"#2","tintindex":0},"up":{"uv":[10.33333,11,10,10],"texture":"#2","tintindex":0},"down":{"uv":[0.33333,10.66667,0,11.66667],"texture":"#2","tintindex":0}}},{"from":[5.06573,-15.7375,7.21651],"to":[5.56573,-15.4875,7.71651],"rotation":{"angle":-45,"axis":"y","origin":[5.31573,-10,9.5]},"faces":{"north":{"uv":[10.66667,2,11.33333,2.33333],"texture":"#2","tintindex":0},"east":{"uv":[2.66667,10.66667,3.33333,11],"texture":"#2","tintindex":0},"south":{"uv":[10.66667,2.66667,11.33333,3],"texture":"#2","tintindex":0},"west":{"uv":[3.33333,10.66667,4,11],"texture":"#2","tintindex":0},"down":{"uv":[10.66667,2,10,2.66667],"texture":"#2","tintindex":0}}},{"from":[5.01573,-15.4875,7.16651],"to":[5.61573,-15.1375,7.76651],"rotation":{"angle":-45,"axis":"y","origin":[5.31573,-10,9.5]},"faces":{"north":{"uv":[0.66667,10.66667,1.33333,11],"texture":"#2","tintindex":0},"east":{"uv":[1.33333,10.66667,2,11],"texture":"#2","tintindex":0},"south":{"uv":[10.66667,1.33333,11.33333,1.66667],"texture":"#2","tintindex":0},"west":{"uv":[2,10.66667,2.66667,11],"texture":"#2","tintindex":0},"up":{"uv":[7.33333,10,6.66667,9.33333],"texture":"#2","tintindex":0},"down":{"uv":[10.66667,1.33333,10,2],"texture":"#2","tintindex":0}}},{"from":[5.06573,-15.1375,7.21651],"to":[5.56573,-12.1375,7.71651],"rotation":{"angle":-45,"axis":"y","origin":[5.31573,-10,9.5]},"faces":{"north":{"uv":[5.33333,1.33333,6,5.33333],"texture":"#2","tintindex":0},"east":{"uv":[5.33333,5.33333,6,9.33333],"texture":"#2","tintindex":0},"south":{"uv":[6,1.33333,6.66667,5.33333],"texture":"#2","tintindex":0},"west":{"uv":[4,6,4.66667,10],"texture":"#2","tintindex":0}}},{"from":[5.01573,-12.1375,7.16651],"to":[5.61573,-10.6375,7.76651],"rotation":{"angle":-45,"axis":"y","origin":[5.31573,-10,9.5]},"faces":{"north":{"uv":[8.66667,2,9.33333,4],"texture":"#2","tintindex":0},"east":{"uv":[2.66667,8.66667,3.33333,10.66667],"texture":"#2","tintindex":0},"south":{"uv":[3.33333,8.66667,4,10.66667],"texture":"#2","tintindex":0},"west":{"uv":[8.66667,4,9.33333,6],"texture":"#2","tintindex":0},"up":{"uv":[10.66667,3.33333,10,2.66667],"texture":"#2","tintindex":0},"down":{"uv":[10.66667,3.33333,10,4],"texture":"#2","tintindex":0}}},{"from":[5.06573,-10.6375,7.21651],"to":[5.56573,-7.6375,7.71651],"rotation":{"angle":-45,"axis":"y","origin":[5.31573,-10,9.5]},"faces":{"north":{"uv":[4.66667,6,5.33333,10],"texture":"#2","tintindex":0},"east":{"uv":[6,5.33333,6.66667,9.33333],"texture":"#2","tintindex":0},"south":{"uv":[6.66667,1.33333,7.33333,5.33333],"texture":"#2","tintindex":0},"west":{"uv":[6.66667,5.33333,7.33333,9.33333],"texture":"#2","tintindex":0}}},{"from":[4.81573,-6.1375,6.96651],"to":[5.81573,-5.8875,7.96651],"rotation":{"angle":-45,"axis":"y","origin":[5.31573,-10,9.5]},"faces":{"north":{"uv":[9.33333,8.66667,10.66667,9],"texture":"#2","tintindex":0},"east":{"uv":[9.33333,9.33333,10.66667,9.66667],"texture":"#2","tintindex":0},"south":{"uv":[10,0,11.33333,0.33333],"texture":"#2","tintindex":0},"west":{"uv":[10,0.66667,11.33333,1],"texture":"#2","tintindex":0},"up":{"uv":[1.33333,8.66667,0,7.33333],"texture":"#2","tintindex":0},"down":{"uv":[2.66667,7.33333,1.33333,8.66667],"texture":"#2","tintindex":0}}},{"from":[5.01573,-7.6375,7.16651],"to":[5.61573,-6.1375,7.76651],"rotation":{"angle":-45,"axis":"y","origin":[5.31573,-10,9.5]},"faces":{"north":{"uv":[8.66667,6,9.33333,8],"texture":"#2","tintindex":0},"east":{"uv":[8.66667,8,9.33333,10],"texture":"#2","tintindex":0},"south":{"uv":[9.33333,2,10,4],"texture":"#2","tintindex":0},"west":{"uv":[9.33333,4,10,6],"texture":"#2","tintindex":0},"up":{"uv":[4.66667,10.66667,4,10],"texture":"#2","tintindex":0},"down":{"uv":[10.66667,4,10,4.66667],"texture":"#2","tintindex":0}}},{"from":[5.00823,-4.695,11.22599],"to":[5.62323,-4.08,11.84099],"rotation":{"angle":-45,"axis":"y","origin":[5.31573,-10,9.5]},"faces":{"north":{"uv":[10,5.33333,10.66667,6],"texture":"#2","tintindex":0},"east":{"uv":[6.66667,10,7.33333,10.66667],"texture":"#2","tintindex":0},"south":{"uv":[7.33333,10,8,10.66667],"texture":"#2","tintindex":0},"west":{"uv":[8,10,8.66667,10.66667],"texture":"#2","tintindex":0},"up":{"uv":[9.33333,10.66667,8.66667,10],"texture":"#2","tintindex":0},"down":{"uv":[10,10,9.33333,10.66667],"texture":"#2","tintindex":0}}},{"from":[4.94248,-5.8875,7.09151],"to":[5.68898,-4.6375,7.84151],"rotation":{"angle":-45,"axis":"y","origin":[5.31573,-10,9.5]},"faces":{"north":{"uv":[7.33333,8,8.33333,9.66667],"texture":"#2","tintindex":0},"east":{"uv":[0,8.66667,1,10.33333],"texture":"#2","tintindex":0},"south":{"uv":[8.66667,0,9.66667,1.66667],"texture":"#2","tintindex":0},"west":{"uv":[1.33333,8.66667,2.33333,10.33333],"texture":"#2","tintindex":0},"up":{"uv":[6.33333,10.33333,5.33333,9.33333],"texture":"#2","tintindex":0},"down":{"uv":[10.33333,6,9.33333,7],"texture":"#2","tintindex":0}}},{"from":[4.81573,-4.8875,6.96651],"to":[5.81573,-3.8875,7.96651],"rotation":{"angle":-45,"axis":"y","origin":[5.31573,-10,9.5]},"faces":{"north":{"uv":[7.33333,1.33333,8.66667,2.66667],"texture":"#2","tintindex":0},"east":{"uv":[2.66667,7.33333,4,8.66667],"texture":"#2","tintindex":0},"south":{"uv":[7.33333,2.66667,8.66667,4],"texture":"#2","tintindex":0},"west":{"uv":[7.33333,4,8.66667,5.33333],"texture":"#2","tintindex":0},"up":{"uv":[8.66667,6.66667,7.33333,5.33333],"texture":"#2","tintindex":0},"down":{"uv":[8.66667,6.66667,7.33333,8],"texture":"#2","tintindex":0}}},{"from":[5.06573,-4.6375,7.73349],"to":[5.56573,-4.1375,11.23349],"rotation":{"angle":-45,"axis":"y","origin":[5.31573,-10,9.5]},"faces":{"north":{"uv":[4.66667,10,5.33333,10.66667],"texture":"#2","tintindex":0},"east":{"uv":[4,0,8.66667,0.66667],"texture":"#2","tintindex":0},"south":{"uv":[10,4.66667,10.66667,5.33333],"texture":"#2","tintindex":0},"west":{"uv":[4,0.66667,8.66667,1.33333],"texture":"#2","tintindex":0},"up":{"uv":[4.66667,6,4,1.33333],"texture":"#2","tintindex":0},"down":{"uv":[5.33333,1.33333,4.66667,6],"texture":"#2","tintindex":0}}},{"from":[5.30823,-10.1375,7.98349],"to":[5.32323,-4.6375,10.98349],"rotation":{"angle":-45,"axis":"y","origin":[5.31573,-10,9.5]},"faces":{"east":{"uv":[16,0,12,7.33333],"texture":"#2","tintindex":0},"west":{"uv":[12,0,16,7.33333],"texture":"#2","tintindex":0}}}],"gui_light":"front","display":{"thirdperson_righthand":{"rotation":[45.75,180,0],"translation":[0,2,2.5],"scale":[0.56445,0.56445,0.56445]},"thirdperson_lefthand":{"rotation":[45.75,180,0],"translation":[0,2,2.5],"scale":[0.56445,0.56445,0.56445]},"firstperson_righthand":{"rotation":[-10,180,0],"translation":[3.25,0,1.25]},"firstperson_lefthand":{"rotation":[-10,180,0],"translation":[3.25,0,1.25]},"ground":{"rotation":[-45,0,0],"translation":[0,5,0],"scale":[0.8,0.8,0.8]},"gui":{"rotation":[0,180,0],"translation":[0,19.25,0],"scale":[1.08,1.08,1.08]},"head":{"translation":[0,-28.25,8.5],"scale":[4,4,4]},"fixed":{"rotation":[-90,0,0],"translation":[0,0.5,-23.5],"scale":[2,2,2]}}}