{"credit":"Made with Blockbench","texture_size":[24,24],"textures":{"2":"shogunset:staff","particle":"shogunset:staff"},"elements":[{"from":[7.5,1.2,7.5],"to":[8.5,7.2,8.5],"rotation":{"angle":0,"axis":"y","origin":[7.5,0.2,7.5]},"faces":{"north":{"uv":[4,9.33333,4.66667,13.33333],"texture":"#2"},"east":{"uv":[4.66667,9.33333,5.33333,13.33333],"texture":"#2"},"south":{"uv":[5.33333,9.33333,6,13.33333],"texture":"#2"},"west":{"uv":[6,9.33333,6.66667,13.33333],"texture":"#2"}}},{"from":[7.5,10.2,7.5],"to":[8.5,14.2,8.5],"rotation":{"angle":0,"axis":"y","origin":[7.5,0.2,7.5]},"faces":{"north":{"uv":[6.66667,9.33333,7.33333,12],"texture":"#2"},"east":{"uv":[7.33333,9.33333,8,12],"texture":"#2"},"south":{"uv":[8,9.33333,8.66667,12],"texture":"#2"},"west":{"uv":[8.66667,9.33333,9.33333,12],"texture":"#2"}}},{"from":[7,17.2,7],"to":[9,17.7,9],"rotation":{"angle":0,"axis":"y","origin":[7.5,4.2,7.5]},"faces":{"north":{"uv":[12,7.33333,13.33333,7.66667],"texture":"#2"},"east":{"uv":[8,12,9.33333,12.33333],"texture":"#2"},"south":{"uv":[12,8,13.33333,8.33333],"texture":"#2"},"west":{"uv":[12,8.66667,13.33333,9],"texture":"#2"},"up":{"uv":[8,6.66667,6.66667,5.33333],"texture":"#2"},"down":{"uv":[10.66667,4,9.33333,5.33333],"texture":"#2"}}},{"from":[7.4,0.5,7.4],"to":[8.6,1.2,8.6],"rotation":{"angle":0,"axis":"y","origin":[7.5,-4.9,7.5]},"faces":{"north":{"uv":[12.66667,2.66667,13.33333,3],"texture":"#2"},"east":{"uv":[12.66667,3.33333,13.33333,3.66667],"texture":"#2"},"south":{"uv":[6.66667,12.66667,7.33333,13],"texture":"#2"},"west":{"uv":[7.33333,12.66667,8,13],"texture":"#2"},"up":{"uv":[10,12.66667,9.33333,12],"texture":"#2"},"down":{"uv":[12.66667,9.33333,12,10],"texture":"#2"}}},{"from":[7.5,0,7.5],"to":[8.5,0.5,8.5],"rotation":{"angle":0,"axis":"y","origin":[8,0.25,8]},"faces":{"north":{"uv":[8,12.66667,8.66667,13],"texture":"#2"},"east":{"uv":[8.66667,12.66667,9.33333,13],"texture":"#2"},"south":{"uv":[9.33333,12.66667,10,13],"texture":"#2"},"west":{"uv":[12.66667,9.33333,13.33333,9.66667],"texture":"#2"},"down":{"uv":[10.66667,12,10,12.66667],"texture":"#2"}}},{"from":[7.75,-0.25,7.25],"to":[8.25,0.75,8.75],"rotation":{"angle":0,"axis":"y","origin":[8,0.25,8]},"faces":{"north":{"uv":[10,12.66667,10.33333,13.33333],"texture":"#2"},"east":{"uv":[6.66667,12,7.66667,12.66667],"texture":"#2"},"south":{"uv":[12.66667,10,13,10.66667],"texture":"#2"},"west":{"uv":[12,6.66667,13,7.33333],"texture":"#2"},"up":{"uv":[13,1,12.66667,0],"texture":"#2"},"down":{"uv":[13,1.33333,12.66667,2.33333],"texture":"#2"}}},{"from":[7.2535,17.7,7.25],"to":[8.7465,20.2,8.75],"rotation":{"angle":0,"axis":"y","origin":[7.5035,5.7,7.5]},"faces":{"north":{"uv":[10.66667,9.33333,11.66667,11],"texture":"#2"},"east":{"uv":[0,11.33333,1,13],"texture":"#2"},"south":{"uv":[11.33333,0,12.33333,1.66667],"texture":"#2"},"west":{"uv":[1.33333,11.33333,2.33333,13],"texture":"#2"},"up":{"uv":[13,5,12,4],"texture":"#2"},"down":{"uv":[13,5.33333,12,6.33333],"texture":"#2"}}},{"from":[7,19.54289,7.5],"to":[9,21.54289,9.5],"rotation":{"angle":-45,"axis":"x","origin":[7.5,20.04289,8]},"faces":{"north":{"uv":[9.33333,9.33333,10.66667,10.66667],"texture":"#2"},"east":{"uv":[10,5.33333,11.33333,6.66667],"texture":"#2"},"south":{"uv":[10,6.66667,11.33333,8],"texture":"#2"},"west":{"uv":[10,8,11.33333,9.33333],"texture":"#2"},"up":{"uv":[12,5.33333,10.66667,4],"texture":"#2"},"down":{"uv":[10.66667,10.66667,9.33333,12],"texture":"#2"}}},{"from":[7.4,7.2,7.4],"to":[8.6,10.2,8.6],"rotation":{"angle":0,"axis":"y","origin":[7.5,7.2,7.5]},"faces":{"north":{"uv":[11.33333,2,12,4],"texture":"#2"},"east":{"uv":[2.66667,11.33333,3.33333,13.33333],"texture":"#2"},"south":{"uv":[3.33333,11.33333,4,13.33333],"texture":"#2"},"west":{"uv":[11.33333,5.33333,12,7.33333],"texture":"#2"},"up":{"uv":[12.66667,10.66667,12,10],"texture":"#2"},"down":{"uv":[12.66667,10.66667,12,11.33333],"texture":"#2"}}},{"from":[7.4,14.2,7.4],"to":[8.6,17.2,8.6],"rotation":{"angle":0,"axis":"y","origin":[7.5,5.2,7.5]},"faces":{"north":{"uv":[11.33333,7.33333,12,9.33333],"texture":"#2"},"east":{"uv":[10.66667,11.33333,11.33333,13.33333],"texture":"#2"},"south":{"uv":[11.33333,11.33333,12,13.33333],"texture":"#2"},"west":{"uv":[12,2,12.66667,4],"texture":"#2"},"up":{"uv":[12.66667,12,12,11.33333],"texture":"#2"},"down":{"uv":[12.66667,12,12,12.66667],"texture":"#2"}}},{"from":[6.5,23,8],"to":[9.5,26,11],"rotation":{"angle":-45,"axis":"x","origin":[6.5,23,8]},"faces":{"north":{"uv":[9.33333,0,11.33333,2],"texture":"#2"},"east":{"uv":[9.33333,0,11.33333,2],"texture":"#2"},"south":{"uv":[9.33333,0,11.33333,2],"texture":"#2"},"west":{"uv":[9.33333,0,11.33333,2],"texture":"#2"},"up":{"uv":[9.33333,0,11.33333,2],"texture":"#2"},"down":{"uv":[9.33333,0,11.33333,2],"texture":"#2"}}},{"from":[7.985,18.99632,8.37132],"to":[8.015,22.49632,14.37132],"rotation":{"angle":45,"axis":"z","origin":[8,20.74632,11.37132]},"faces":{"east":{"uv":[0,5.33333,4,7.66667],"texture":"#2"},"west":{"uv":[4,5.33333,0,7.66667],"texture":"#2"}}},{"from":[6.25,20.73132,8.37132],"to":[9.75,20.76132,14.37132],"rotation":{"angle":45,"axis":"z","origin":[8,20.74632,11.37132]},"faces":{"up":{"uv":[4,5.33333,0,7.66667],"rotation":90,"texture":"#2"},"down":{"uv":[0,5.33333,4,7.66667],"rotation":90,"texture":"#2"}}},{"from":[6.25,20.73132,1.62868],"to":[9.75,20.76132,7.62868],"rotation":{"angle":45,"axis":"z","origin":[8,20.74632,4.62868]},"faces":{"up":{"uv":[0,5.33333,4,7.66667],"rotation":90,"texture":"#2"},"down":{"uv":[4,5.33333,0,7.66667],"rotation":90,"texture":"#2"}}},{"from":[7.985,18.99632,1.62868],"to":[8.015,22.49632,7.62868],"rotation":{"angle":45,"axis":"z","origin":[8,20.74632,4.62868]},"faces":{"east":{"uv":[4,5.33333,0,7.66667],"texture":"#2"},"west":{"uv":[0,5.33333,4,7.66667],"texture":"#2"}}},{"from":[7.985,21.5,3],"to":[8.015,27.5,13],"rotation":{"angle":45,"axis":"y","origin":[8,24.5,8]},"faces":{"east":{"uv":[6.66667,0,0,4],"texture":"#2"},"west":{"uv":[0,0,6.66667,4],"texture":"#2"}}},{"from":[7.985,21.5,3],"to":[8.015,27.5,13],"rotation":{"angle":-45,"axis":"y","origin":[8,24.5,8]},"faces":{"east":{"uv":[6.66667,0,0,4],"texture":"#2"},"west":{"uv":[0,0,6.66667,4],"texture":"#2"}}},{"name":"cube_outline","from":[9.8,26.3,11.3],"to":[6.2,22.7,7.7],"rotation":{"angle":-45,"axis":"x","origin":[6.5,23,8]},"faces":{"north":{"uv":[13.66667,4.66667,16,7],"texture":"#2"},"east":{"uv":[13.66667,11.66667,16,14],"texture":"#2"},"south":{"uv":[13.66667,2.33333,16,4.66667],"texture":"#2"},"west":{"uv":[13.66667,7,16,9.33333],"texture":"#2"},"up":{"uv":[16,2.33333,13.66667,0],"texture":"#2"},"down":{"uv":[16,9.33333,13.66667,11.66667],"texture":"#2"}}}],"gui_light":"front","display":{"thirdperson_righthand":{"translation":[0,-6.25,1]},"thirdperson_lefthand":{"translation":[0,-6.25,1]},"firstperson_righthand":{"rotation":[-10,0,0],"translation":[0,-5.5,1.25]},"firstperson_lefthand":{"rotation":[-10,0,0],"translation":[0,-5.5,1.25]},"ground":{"rotation":[-45,0,0],"translation":[0,5,0],"scale":[0.8,0.8,0.8]},"gui":{"rotation":[-90,45,90],"translation":[3,-3,0],"scale":[0.7,0.7,0.7]},"head":{"rotation":[0,-90,0]},"fixed":{"rotation":[0,-90,0],"translation":[0,-10,-1],"scale":[2,2,2]}}}