{"credit":"Made with Blockbench","textures":{"2":"shogunset:tanto","particle":"shogunset:tanto"},"elements":[{"from":[7.5,3.2,7.5],"to":[8.5,7.2,8.5],"rotation":{"angle":0,"axis":"y","origin":[7.5,0.2,7.5]},"faces":{"north":{"uv":[2,0,3,4],"texture":"#2"},"east":{"uv":[3,0,4,4],"texture":"#2"},"south":{"uv":[4,0,5,4],"texture":"#2"},"west":{"uv":[2,4,3,8],"texture":"#2"}}},{"from":[7,7.2,7],"to":[9,7.7,9],"rotation":{"angle":0,"axis":"y","origin":[7.5,6.2,7.5]},"faces":{"north":{"uv":[3,6,5,6.5],"texture":"#2"},"east":{"uv":[5,6,7,6.5],"texture":"#2"},"south":{"uv":[7,0,9,0.5],"texture":"#2"},"west":{"uv":[7,1,9,1.5],"texture":"#2"},"up":{"uv":[5,6,3,4],"texture":"#2"},"down":{"uv":[7,0,5,2],"texture":"#2"}}},{"from":[7.4,2.5,7.4],"to":[8.6,3.2,8.6],"rotation":{"angle":0,"axis":"y","origin":[7.5,-4.9,7.5]},"faces":{"north":{"uv":[7,6,8,6.5],"texture":"#2"},"east":{"uv":[7,7,8,7.5],"texture":"#2"},"south":{"uv":[2,8,3,8.5],"texture":"#2"},"west":{"uv":[8,2,9,2.5],"texture":"#2"},"up":{"uv":[8,3,7,2],"texture":"#2"},"down":{"uv":[4,7,3,8],"texture":"#2"}}},{"from":[7.5,2,7.5],"to":[8.5,2.5,8.5],"rotation":{"angle":0,"axis":"y","origin":[8,0.25,8]},"faces":{"north":{"uv":[3,8,4,8.5],"texture":"#2"},"east":{"uv":[8,3,9,3.5],"texture":"#2"},"south":{"uv":[8,4,9,4.5],"texture":"#2"},"west":{"uv":[8,5,9,5.5],"texture":"#2"},"down":{"uv":[8,3,7,4],"texture":"#2"}}},{"from":[7.75,1.75,7.25],"to":[8.25,2.75,8.75],"rotation":{"angle":0,"axis":"y","origin":[8,0.25,8]},"faces":{"north":{"uv":[8,6,8.5,7],"texture":"#2"},"east":{"uv":[5,2,6.5,3],"texture":"#2"},"south":{"uv":[7,8,7.5,9],"texture":"#2"},"west":{"uv":[5,3,6.5,4],"texture":"#2"},"up":{"uv":[4.5,8.5,4,7],"texture":"#2"},"down":{"uv":[7.5,4,7,5.5],"texture":"#2"}}},{"from":[7.75,7.7,7.25],"to":[8.25,8.7,8.75],"rotation":{"angle":0,"axis":"y","origin":[7.75,7.7,7]},"faces":{"north":{"uv":[8,7,8.5,8],"texture":"#2"},"east":{"uv":[5,4,6.5,5],"texture":"#2"},"south":{"uv":[8,8,8.5,9],"texture":"#2"},"west":{"uv":[5,5,6.5,6],"texture":"#2"},"up":{"uv":[5.5,8.5,5,7],"texture":"#2"},"down":{"uv":[6.5,7,6,8.5],"texture":"#2"}}},{"from":[7.985,8.7,7.5],"to":[8.015,17.2,8.5],"rotation":{"angle":0,"axis":"y","origin":[7.985,8.7,7.5]},"faces":{"east":{"uv":[0,0,1,8.5],"texture":"#2"},"west":{"uv":[1,0,2,8.5],"texture":"#2"}}}],"gui_light":"front","display":{"thirdperson_righthand":{"translation":[0,1,1]},"thirdperson_lefthand":{"translation":[0,1,1]},"firstperson_righthand":{"rotation":[-10,0,0],"translation":[0,1,0]},"firstperson_lefthand":{"rotation":[-10,0,0],"translation":[0,1,0]},"ground":{"rotation":[-45,0,0],"translation":[0,5,0],"scale":[0.8,0.8,0.8]},"gui":{"rotation":[-90,45,90],"translation":[0.75,-0.75,0]},"head":{"rotation":[0,-90,0]},"fixed":{"rotation":[0,-90,0],"translation":[0,0,-1],"scale":[2,2,2]}}}